#
# There is insufficient memory for the Java Runtime Environment to continue.
# Native memory allocation (mmap) failed to map 71303168 bytes. Error detail: G1 virtual space
# Possible reasons:
#   The system is out of physical RAM or swap space
#   This process is running with CompressedOops enabled, and the Java Heap may be blocking the growth of the native heap
# Possible solutions:
#   Reduce memory load on the system
#   Increase physical memory or swap space
#   Check if swap backing store is full
#   Decrease Java heap size (-Xmx/-Xms)
#   Decrease number of Java threads
#   Decrease Java thread stack sizes (-Xss)
#   Set larger code cache with -XX:ReservedCodeCacheSize=
#   JVM is running with Zero Based Compressed Oops mode in which the Java heap is
#     placed in the first 32GB address space. The Java Heap base address is the
#     maximum limit for the native heap growth. Please use -XX:HeapBaseMinAddress
#     to set the Java Heap base and to place the Java Heap above 32GB virtual address.
# This output file may be truncated or incomplete.
#
#  Out of Memory Error (os_windows.cpp:3554), pid=23428, tid=8008
#
# JRE version: Java(TM) SE Runtime Environment (25.0.1+8) (build 25.0.1+8-LTS-27)
# Java VM: Java HotSpot(TM) 64-Bit Server VM (25.0.1+8-LTS-27, mixed mode, sharing, tiered, compressed oops, compressed class ptrs, g1 gc, windows-amd64)
# No core dump will be written. Minidumps are not enabled by default on client versions of Windows
#

---------------  S U M M A R Y ------------

Command Line: --add-opens=java.base/java.lang=ALL-UNNAMED --add-opens=java.base/java.lang.invoke=ALL-UNNAMED --add-opens=java.base/java.util=ALL-UNNAMED --add-opens=java.prefs/java.util.prefs=ALL-UNNAMED --add-exports=jdk.compiler/com.sun.tools.javac.api=ALL-UNNAMED --add-exports=jdk.compiler/com.sun.tools.javac.util=ALL-UNNAMED --add-opens=java.base/java.util=ALL-UNNAMED --add-opens=java.prefs/java.util.prefs=ALL-UNNAMED --add-opens=java.base/java.nio.charset=ALL-UNNAMED --add-opens=java.base/java.net=ALL-UNNAMED --add-opens=java.base/java.util.concurrent=ALL-UNNAMED --add-opens=java.base/java.util.concurrent.atomic=ALL-UNNAMED --add-opens=java.xml/javax.xml.namespace=ALL-UNNAMED --add-opens=java.base/java.time=ALL-UNNAMED --enable-native-access=ALL-UNNAMED -XX:MaxMetaspaceSize=4G -XX:ReservedCodeCacheSize=512m -XX:+HeapDumpOnOutOfMemoryError -Xmx8G -Dfile.encoding=UTF-8 -Duser.country=US -Duser.language=en -Duser.variant -javaagent:C:\Users\USER\.gradle\wrapper\dists\gradle-9.3.1-all\9ot9r568e8zfvvd4mn8rbu1j0\gradle-9.3.1\lib\agents\gradle-instrumentation-agent-9.3.1.jar org.gradle.launcher.daemon.bootstrap.GradleDaemon 9.3.1

Host: AMD Ryzen 7 7730U with Radeon Graphics         , 16 cores, 13G,  Windows 11 , 64 bit Build 26100 (10.0.26100.9444)
Time: Mon Oct  5 16:51:30 2026 Sri Lanka Standard Time elapsed time: 24.627265 seconds (0d 0h 0m 24s)

---------------  T H R E A D  ---------------

Current thread (0x0000016c78360020):  VMThread "VM Thread"          [id=8008, stack(0x0000002086e00000,0x0000002086f00000) (1024K)]

Stack: [0x0000002086e00000,0x0000002086f00000]
Native frames: (J=compiled Java code, j=interpreted, Vv=VM code, C=native code)
V  [jvm.dll+0x7a6b59]  (no source info available)
V  [jvm.dll+0x77290d]  (no source info available)
V  [jvm.dll+0x966153]  (no source info available)
V  [jvm.dll+0x968751]  (no source info available)
V  [jvm.dll+0x968e53]  (no source info available)
V  [jvm.dll+0x2fc756]  (no source info available)
V  [jvm.dll+0x7a2d85]  (no source info available)
V  [jvm.dll+0x796197]  (no source info available)
V  [jvm.dll+0x3f4698]  (no source info available)
V  [jvm.dll+0x3fc5b6]  (no source info available)
V  [jvm.dll+0x3e8c8e]  (no source info available)
V  [jvm.dll+0x3e8f48]  (no source info available)
V  [jvm.dll+0x3c0045]  (no source info available)
V  [jvm.dll+0x3c00da]  (no source info available)
V  [jvm.dll+0x40d2b6]  (no source info available)
V  [jvm.dll+0x40bbdb]  (no source info available)
V  [jvm.dll+0x3bf787]  (no source info available)
V  [jvm.dll+0x40afdf]  (no source info available)
V  [jvm.dll+0x96f091]  (no source info available)
V  [jvm.dll+0x9703ad]  (no source info available)
V  [jvm.dll+0x970929]  (no source info available)
V  [jvm.dll+0x970bd3]  (no source info available)
V  [jvm.dll+0x906a0d]  (no source info available)
V  [jvm.dll+0x7a5135]  (no source info available)
C  [ucrtbase.dll+0x2cd30]  (no source info available)
C  [KERNEL32.DLL+0x2cd87]  (no source info available)
C  [ntdll.dll+0xacaec]  (no source info available)

VM_Operation (0x0000002088bff2a0): G1CollectForAllocation, mode: safepoint, requested by thread 0x0000016c2640cbb0


---------------  P R O C E S S  ---------------

Threads class SMR info:
_java_thread_list=0x0000016c29fdb460, length=233, elements={
0x0000016c64ca2910, 0x0000016c78376490, 0x0000016c78376c50, 0x0000016c78379120,
0x0000016c7837b4c0, 0x0000016c7837cbf0, 0x0000016c78386b10, 0x0000016c7838a580,
0x0000016c7838eae0, 0x0000016c242078f0, 0x0000016c242b4340, 0x0000016c25618d30,
0x0000016c2561bc10, 0x0000016c2561a4a0, 0x0000016c2561ac70, 0x0000016c2561d380,
0x0000016c2640db50, 0x0000016c2640e320, 0x0000016c2640b440, 0x0000016c2640ac70,
0x0000016c2640cbb0, 0x0000016c260cc270, 0x0000016c260cd9e0, 0x0000016c260ce980,
0x0000016c260d1090, 0x0000016c260d2030, 0x0000016c28a3e2a0, 0x0000016c28a3d300,
0x0000016c28a3ea70, 0x0000016c28a3bb90, 0x0000016c262e4b40, 0x0000016c262e5ae0,
0x0000016c262e62b0, 0x0000016c262e33d0, 0x0000016c262e7a20, 0x0000016c262e89c0,
0x0000016c284d3540, 0x0000016c284d5480, 0x0000016c284d1dd0, 0x0000016c284d6420,
0x0000016c284d7b90, 0x0000016c284d8b30, 0x0000016c25615e50, 0x0000016c299b45e0,
0x0000016c299b3e10, 0x0000016c299b6520, 0x0000016c299b3640, 0x0000016c299b8c30,
0x0000016c299b8460, 0x0000016c783839a0, 0x0000016c25188610, 0x0000016c25188de0,
0x0000016c25189d80, 0x0000016c2518cc60, 0x0000016c2518b4f0, 0x0000016c2518a550,
0x0000016c2518e3d0, 0x0000016c2518eba0, 0x0000016c270ad210, 0x0000016c29d83270,
0x0000016c29d83a40, 0x0000016c29d822d0, 0x0000016c29d85980, 0x0000016c29d86150,
0x0000016c29d88860, 0x0000016c29d89fd0, 0x0000016c29d88090, 0x0000016c29d8a7a0,
0x0000016c29d878c0, 0x0000016c29d8de50, 0x0000016c29d8ceb0, 0x0000016c29d8d680,
0x0000016c29d8af70, 0x0000016c29d8fd90, 0x0000016c270b00f0, 0x0000016c270af920,
0x0000016c270ae1b0, 0x0000016c270af150, 0x0000016c270b2800, 0x0000016c270b2030,
0x0000016c270b3f70, 0x0000016c270b6e50, 0x0000016c270b7df0, 0x0000016c270b4f10,
0x0000016c270b5eb0, 0x0000016c270b56e0, 0x0000016c270b9d30, 0x0000016c270ba500,
0x0000016c270bb4a0, 0x0000016c270bacd0, 0x0000016c28418700, 0x0000016c28416f90,
0x0000016c28418ed0, 0x0000016c28417760, 0x0000016c2841c580, 0x0000016c2841dcf0,
0x0000016c2841bdb0, 0x0000016c28420400, 0x0000016c28422b10, 0x0000016c284232e0,
0x0000016c28420bd0, 0x0000016c28424a50, 0x0000016c78382a00, 0x0000016c78385110,
0x0000016c262e3ba0, 0x0000016c260d08c0, 0x0000016c26a59ea0, 0x0000016c26a596d0,
0x0000016c26a57f60, 0x0000016c26a5ae40, 0x0000016c26a58730, 0x0000016c26a5d550,
0x0000016c26a5c5b0, 0x0000016c29b038f0, 0x0000016c29b03120, 0x0000016c29b04890,
0x0000016c29b011e0, 0x0000016c29b06000, 0x0000016c29b05830, 0x0000016c29b06fa0,
0x0000016c29b08710, 0x0000016c29b08ee0, 0x0000016c29b09e80, 0x0000016c29b0c590,
0x0000016c29b0dd00, 0x0000016c29b0d530, 0x0000016c29b0e4d0, 0x0000016c29b0b5f0,
0x0000016c27991840, 0x0000016c27992010, 0x0000016c279927e0, 0x0000016c27992fb0,
0x0000016c279908a0, 0x0000016c27997dd0, 0x0000016c27994720, 0x0000016c27999540,
0x0000016c27995e90, 0x0000016c27998d70, 0x0000016c27999d10, 0x0000016c27997600,
0x0000016c2799e360, 0x0000016c2799bc50, 0x0000016c2799fad0, 0x0000016c279a0a70,
0x0000016c279a21e0, 0x0000016c279a3180, 0x0000016c279a1a10, 0x0000016c279a48f0,
0x0000016c279a1240, 0x0000016c279a7000, 0x0000016c279a8f40, 0x0000016c279a7fa0,
0x0000016c279a5890, 0x0000016c279ab650, 0x0000016c279aa6b0, 0x0000016c279acdc0,
0x0000016c279ae530, 0x0000016c279abe20, 0x0000016c279afca0, 0x0000016c2ac3f940,
0x0000016c2ac3e1d0, 0x0000016c2ac410b0, 0x0000016c2ac3f170, 0x0000016c2ac3e9a0,
0x0000016c2ac42ff0, 0x0000016c2ac43f90, 0x0000016c2ac44f30, 0x0000016c2ac42820,
0x0000016c2ac46e70, 0x0000016c2ac49580, 0x0000016c2ac49d50, 0x0000016c2ac4acf0,
0x0000016c2ac47640, 0x0000016c2ac4cc30, 0x0000016c2ac4d400, 0x0000016c2ac4bc90,
0x0000016c2ac4f340, 0x0000016c2ac4e3a0, 0x0000016c2ac52220, 0x0000016c2ac51a50,
0x0000016c2ac53990, 0x0000016c2ac529f0, 0x0000016c2ac50ab0, 0x0000016c2ac54930,
0x0000016c2ac55100, 0x0000016c2ac587b0, 0x0000016c2ac59f20, 0x0000016c2ac5a6f0,
0x0000016c2ac5b690, 0x0000016c2ac5ce00, 0x0000016c245ff670, 0x0000016c245fbfc0,
0x0000016c245fc790, 0x0000016c245fcf60, 0x0000016c24600de0, 0x0000016c245fdf00,
0x0000016c24602d20, 0x0000016c24605430, 0x0000016c24601d80, 0x0000016c24602550,
0x0000016c24608310, 0x0000016c246092b0, 0x0000016c24605c00, 0x0000016c2460aa20,
0x0000016c2460f840, 0x0000016c24613e90, 0x0000016c24617540, 0x0000016c24615dd0,
0x0000016c24617d10, 0x0000016c24615600, 0x0000016c24618cb0, 0x0000016c24619480,
0x0000016c2461a420, 0x0000016c2841ec90, 0x0000016c2841e4c0, 0x0000016c2799f300,
0x0000016c272c4cf0, 0x0000016c291a0660, 0x0000016c2919d780, 0x0000016c2919df50,
0x0000016c2919f6c0, 0x0000016c2919eef0, 0x0000016c291a3540, 0x0000016c291a6420,
0x0000016c291a4cb0, 0x0000016c291a2d70, 0x0000016c291a9300, 0x0000016c291aa2a0,
0x0000016c291a9ad0, 0x0000016c291a6bf0, 0x0000016c291ae120, 0x0000016c291ae8f0,
0x0000016c2a100190
}

Java Threads: ( => current thread )
  0x0000016c64ca2910 JavaThread "main"                              [_thread_blocked, id=20312, stack(0x0000002086700000,0x0000002086800000) (1024K)]
  0x0000016c78376490 JavaThread "Reference Handler"          daemon [_thread_blocked, id=6464, stack(0x0000002086f00000,0x0000002087000000) (1024K)]
  0x0000016c78376c50 JavaThread "Finalizer"                  daemon [_thread_blocked, id=14076, stack(0x0000002087000000,0x0000002087100000) (1024K)]
  0x0000016c78379120 JavaThread "Signal Dispatcher"          daemon [_thread_blocked, id=10672, stack(0x0000002087100000,0x0000002087200000) (1024K)]
  0x0000016c7837b4c0 JavaThread "Attach Listener"            daemon [_thread_blocked, id=14084, stack(0x0000002087200000,0x0000002087300000) (1024K)]
  0x0000016c7837cbf0 JavaThread "Service Thread"             daemon [_thread_blocked, id=11604, stack(0x0000002087300000,0x0000002087400000) (1024K)]
  0x0000016c78386b10 JavaThread "Monitor Deflation Thread"   daemon [_thread_blocked, id=6752, stack(0x0000002087400000,0x0000002087500000) (1024K)]
  0x0000016c7838a580 JavaThread "C2 CompilerThread0"         daemon [_thread_blocked, id=11848, stack(0x0000002087500000,0x0000002087600000) (1024K)]
  0x0000016c7838eae0 JavaThread "C1 CompilerThread0"         daemon [_thread_blocked, id=15056, stack(0x0000002087600000,0x0000002087700000) (1024K)]
  0x0000016c242078f0 JavaThread "Common-Cleaner"             daemon [_thread_blocked, id=22048, stack(0x0000002087900000,0x0000002087a00000) (1024K)]
  0x0000016c242b4340 JavaThread "Notification Thread"        daemon [_thread_blocked, id=8636, stack(0x0000002087b00000,0x0000002087c00000) (1024K)]
  0x0000016c25618d30 JavaThread "Daemon health stats"               [_thread_blocked, id=8004, stack(0x0000002087d00000,0x0000002087e00000) (1024K)]
  0x0000016c2561bc10 JavaThread "Incoming local TCP Connector on port 64495"        [_thread_in_native, id=11012, stack(0x0000002088300000,0x0000002088400000) (1024K)]
  0x0000016c2561a4a0 JavaThread "Daemon periodic checks"            [_thread_blocked, id=22764, stack(0x0000002088400000,0x0000002088500000) (1024K)]
  0x0000016c2561ac70 JavaThread "Daemon"                            [_thread_blocked, id=15348, stack(0x0000002088500000,0x0000002088600000) (1024K)]
  0x0000016c2561d380 JavaThread "Handler for socket connection from /127.0.0.1:64495 to /127.0.0.1:64496"        [_thread_in_native, id=17952, stack(0x0000002088600000,0x0000002088700000) (1024K)]
  0x0000016c2640db50 JavaThread "Cancel handler"                    [_thread_blocked, id=21068, stack(0x0000002088700000,0x0000002088800000) (1024K)]
  0x0000016c2640e320 JavaThread "Daemon worker"                     [_thread_blocked, id=2984, stack(0x0000002088800000,0x0000002088900000) (1024K)]
  0x0000016c2640b440 JavaThread "Asynchronous log dispatcher for DefaultDaemonConnection: socket connection from /127.0.0.1:64495 to /127.0.0.1:64496"        [_thread_blocked, id=1900, stack(0x0000002088900000,0x0000002088a00000) (1024K)]
  0x0000016c2640ac70 JavaThread "Stdin handler"                     [_thread_blocked, id=5840, stack(0x0000002088a00000,0x0000002088b00000) (1024K)]
  0x0000016c2640cbb0 JavaThread "Daemon client event forwarder"        [_thread_blocked, id=22064, stack(0x0000002088b00000,0x0000002088c00000) (1024K)]
  0x0000016c260cc270 JavaThread "Cache worker for journal cache (C:\Users\USER\.gradle\caches\journal-1)"        [_thread_blocked, id=21856, stack(0x0000002089400000,0x0000002089500000) (1024K)]
  0x0000016c260cd9e0 JavaThread "File lock request listener"        [_thread_in_native, id=19256, stack(0x0000002089500000,0x0000002089600000) (1024K)]
  0x0000016c260ce980 JavaThread "Cache worker for file hash cache (C:\Users\USER\.gradle\caches\9.3.1\fileHashes)"        [_thread_blocked, id=22104, stack(0x0000002089600000,0x0000002089700000) (1024K)]
  0x0000016c260d1090 JavaThread "Cache worker for file hash cache (D:\farmer-buyer-marketplace\android\.gradle\9.3.1\fileHashes)"        [_thread_blocked, id=22124, stack(0x0000002089900000,0x0000002089a00000) (1024K)]
  0x0000016c260d2030 JavaThread "Cache worker for Build Output Cleanup Cache (D:\farmer-buyer-marketplace\android\.gradle\buildOutputCleanup)"        [_thread_blocked, id=9564, stack(0x0000002089a00000,0x0000002089b00000) (1024K)]
  0x0000016c28a3e2a0 JavaThread "File watcher server"        daemon [_thread_in_native, id=21608, stack(0x0000002089b00000,0x0000002089c00000) (1024K)]
  0x0000016c28a3d300 JavaThread "File watcher consumer"      daemon [_thread_blocked, id=11452, stack(0x0000002089c00000,0x0000002089d00000) (1024K)]
  0x0000016c28a3ea70 JavaThread "jar transforms"                    [_thread_blocked, id=22016, stack(0x0000002089d00000,0x0000002089e00000) (1024K)]
  0x0000016c28a3bb90 JavaThread "jar transforms Thread 2"           [_thread_blocked, id=15068, stack(0x0000002089e00000,0x0000002089f00000) (1024K)]
  0x0000016c262e4b40 JavaThread "jar transforms Thread 3"           [_thread_blocked, id=17124, stack(0x0000002089f00000,0x000000208a000000) (1024K)]
  0x0000016c262e5ae0 JavaThread "Cache worker for checksums cache (D:\farmer-buyer-marketplace\android\.gradle\9.3.1\checksums)"        [_thread_blocked, id=17584, stack(0x000000208a000000,0x000000208a100000) (1024K)]
  0x0000016c262e62b0 JavaThread "Cache worker for file content cache (C:\Users\USER\.gradle\caches\9.3.1\fileContent)"        [_thread_blocked, id=20112, stack(0x000000208a100000,0x000000208a200000) (1024K)]
  0x0000016c262e33d0 JavaThread "Cache worker for cache directory md-supplier (C:\Users\USER\.gradle\caches\9.3.1\md-supplier)"        [_thread_blocked, id=3940, stack(0x000000208a200000,0x000000208a300000) (1024K)]
  0x0000016c262e7a20 JavaThread "Cache worker for cache directory md-rule (C:\Users\USER\.gradle\caches\9.3.1\md-rule)"        [_thread_blocked, id=23432, stack(0x000000208a300000,0x000000208a400000) (1024K)]
  0x0000016c262e89c0 JavaThread "jar transforms Thread 4"           [_thread_blocked, id=22216, stack(0x000000208a400000,0x000000208a500000) (1024K)]
  0x0000016c284d3540 JavaThread "jar transforms Thread 5"           [_thread_blocked, id=23360, stack(0x000000208a500000,0x000000208a600000) (1024K)]
  0x0000016c284d5480 JavaThread "jar transforms Thread 6"           [_thread_blocked, id=21824, stack(0x000000208a600000,0x000000208a700000) (1024K)]
  0x0000016c284d1dd0 JavaThread "jar transforms Thread 7"           [_thread_blocked, id=11696, stack(0x000000208a700000,0x000000208a800000) (1024K)]
  0x0000016c284d6420 JavaThread "jar transforms Thread 8"           [_thread_blocked, id=22632, stack(0x000000208a800000,0x000000208a900000) (1024K)]
  0x0000016c284d7b90 JavaThread "jar transforms Thread 9"           [_thread_blocked, id=10860, stack(0x000000208a900000,0x000000208aa00000) (1024K)]
  0x0000016c284d8b30 JavaThread "jar transforms Thread 10"          [_thread_blocked, id=23272, stack(0x000000208aa00000,0x000000208ab00000) (1024K)]
  0x0000016c25615e50 JavaThread "jar transforms Thread 11"          [_thread_blocked, id=22880, stack(0x000000208ab00000,0x000000208ac00000) (1024K)]
  0x0000016c299b45e0 JavaThread "jar transforms Thread 12"          [_thread_blocked, id=2144, stack(0x000000208ac00000,0x000000208ad00000) (1024K)]
  0x0000016c299b3e10 JavaThread "jar transforms Thread 13"          [_thread_blocked, id=2568, stack(0x000000208ad00000,0x000000208ae00000) (1024K)]
  0x0000016c299b6520 JavaThread "jar transforms Thread 14"          [_thread_blocked, id=5912, stack(0x000000208ae00000,0x000000208af00000) (1024K)]
  0x0000016c299b3640 JavaThread "jar transforms Thread 15"          [_thread_blocked, id=12364, stack(0x000000208af00000,0x000000208b000000) (1024K)]
  0x0000016c299b8c30 JavaThread "Cache worker for Build Output Cleanup Cache (C:\src\flutter\packages\flutter_tools\gradle\.gradle\buildOutputCleanup)"        [_thread_blocked, id=22440, stack(0x000000208b000000,0x000000208b100000) (1024K)]
  0x0000016c299b8460 JavaThread "Unconstrained build operations"        [_thread_blocked, id=6156, stack(0x0000002087c00000,0x0000002087d00000) (1024K)]
  0x0000016c783839a0 JavaThread "Unconstrained build operations Thread 2"        [_thread_blocked, id=13992, stack(0x000000208b100000,0x000000208b200000) (1024K)]
  0x0000016c25188610 JavaThread "Unconstrained build operations Thread 3"        [_thread_blocked, id=3616, stack(0x000000208b200000,0x000000208b300000) (1024K)]
  0x0000016c25188de0 JavaThread "Unconstrained build operations Thread 4"        [_thread_blocked, id=21280, stack(0x000000208b300000,0x000000208b400000) (1024K)]
  0x0000016c25189d80 JavaThread "Unconstrained build operations Thread 5"        [_thread_blocked, id=23324, stack(0x000000208b400000,0x000000208b500000) (1024K)]
  0x0000016c2518cc60 JavaThread "Unconstrained build operations Thread 6"        [_thread_blocked, id=13676, stack(0x000000208b500000,0x000000208b600000) (1024K)]
  0x0000016c2518b4f0 JavaThread "Unconstrained build operations Thread 7"        [_thread_blocked, id=23380, stack(0x000000208b600000,0x000000208b700000) (1024K)]
  0x0000016c2518a550 JavaThread "Unconstrained build operations Thread 8"        [_thread_blocked, id=22052, stack(0x000000208b700000,0x000000208b800000) (1024K)]
  0x0000016c2518e3d0 JavaThread "Unconstrained build operations Thread 9"        [_thread_blocked, id=4736, stack(0x000000208b800000,0x000000208b900000) (1024K)]
  0x0000016c2518eba0 JavaThread "Unconstrained build operations Thread 10"        [_thread_blocked, id=23316, stack(0x000000208b900000,0x000000208ba00000) (1024K)]
  0x0000016c270ad210 JavaThread "Unconstrained build operations Thread 11"        [_thread_blocked, id=12644, stack(0x000000208ba00000,0x000000208bb00000) (1024K)]
  0x0000016c29d83270 JavaThread "Unconstrained build operations Thread 12"        [_thread_blocked, id=22768, stack(0x000000208bb00000,0x000000208bc00000) (1024K)]
  0x0000016c29d83a40 JavaThread "Unconstrained build operations Thread 13"        [_thread_blocked, id=7528, stack(0x000000208bc00000,0x000000208bd00000) (1024K)]
  0x0000016c29d822d0 JavaThread "Unconstrained build operations Thread 14"        [_thread_blocked, id=7784, stack(0x000000208bd00000,0x000000208be00000) (1024K)]
  0x0000016c29d85980 JavaThread "Unconstrained build operations Thread 15"        [_thread_blocked, id=6356, stack(0x000000208be00000,0x000000208bf00000) (1024K)]
  0x0000016c29d86150 JavaThread "Unconstrained build operations Thread 16"        [_thread_blocked, id=3240, stack(0x000000208bf00000,0x000000208c000000) (1024K)]
  0x0000016c29d88860 JavaThread "Unconstrained build operations Thread 17"        [_thread_blocked, id=14168, stack(0x000000208c000000,0x000000208c100000) (1024K)]
  0x0000016c29d89fd0 JavaThread "Unconstrained build operations Thread 18"        [_thread_blocked, id=11868, stack(0x000000208c100000,0x000000208c200000) (1024K)]
  0x0000016c29d88090 JavaThread "Unconstrained build operations Thread 19"        [_thread_blocked, id=23320, stack(0x000000208c200000,0x000000208c300000) (1024K)]
  0x0000016c29d8a7a0 JavaThread "Unconstrained build operations Thread 20"        [_thread_blocked, id=20704, stack(0x000000208c300000,0x000000208c400000) (1024K)]
  0x0000016c29d878c0 JavaThread "Unconstrained build operations Thread 21"        [_thread_blocked, id=22760, stack(0x000000208c400000,0x000000208c500000) (1024K)]
  0x0000016c29d8de50 JavaThread "Unconstrained build operations Thread 22"        [_thread_blocked, id=17724, stack(0x000000208c500000,0x000000208c600000) (1024K)]
  0x0000016c29d8ceb0 JavaThread "Unconstrained build operations Thread 23"        [_thread_blocked, id=6016, stack(0x000000208c600000,0x000000208c700000) (1024K)]
  0x0000016c29d8d680 JavaThread "Unconstrained build operations Thread 24"        [_thread_blocked, id=1680, stack(0x000000208c700000,0x000000208c800000) (1024K)]
  0x0000016c29d8af70 JavaThread "Unconstrained build operations Thread 25"        [_thread_blocked, id=5140, stack(0x000000208c800000,0x000000208c900000) (1024K)]
  0x0000016c29d8fd90 JavaThread "Unconstrained build operations Thread 26"        [_thread_blocked, id=9500, stack(0x000000208c900000,0x000000208ca00000) (1024K)]
  0x0000016c270b00f0 JavaThread "Unconstrained build operations Thread 27"        [_thread_blocked, id=10084, stack(0x000000208ca00000,0x000000208cb00000) (1024K)]
  0x0000016c270af920 JavaThread "Unconstrained build operations Thread 28"        [_thread_blocked, id=16156, stack(0x000000208cb00000,0x000000208cc00000) (1024K)]
  0x0000016c270ae1b0 JavaThread "Unconstrained build operations Thread 29"        [_thread_blocked, id=21476, stack(0x000000208cc00000,0x000000208cd00000) (1024K)]
  0x0000016c270af150 JavaThread "Unconstrained build operations Thread 30"        [_thread_blocked, id=13824, stack(0x000000208cd00000,0x000000208ce00000) (1024K)]
  0x0000016c270b2800 JavaThread "Unconstrained build operations Thread 31"        [_thread_blocked, id=9520, stack(0x000000208ce00000,0x000000208cf00000) (1024K)]
  0x0000016c270b2030 JavaThread "Unconstrained build operations Thread 32"        [_thread_blocked, id=10880, stack(0x000000208cf00000,0x000000208d000000) (1024K)]
  0x0000016c270b3f70 JavaThread "Unconstrained build operations Thread 33"        [_thread_blocked, id=5836, stack(0x000000208d000000,0x000000208d100000) (1024K)]
  0x0000016c270b6e50 JavaThread "Unconstrained build operations Thread 34"        [_thread_blocked, id=4620, stack(0x000000208d100000,0x000000208d200000) (1024K)]
  0x0000016c270b7df0 JavaThread "Unconstrained build operations Thread 35"        [_thread_blocked, id=9228, stack(0x000000208d200000,0x000000208d300000) (1024K)]
  0x0000016c270b4f10 JavaThread "Unconstrained build operations Thread 36"        [_thread_blocked, id=19992, stack(0x000000208d300000,0x000000208d400000) (1024K)]
  0x0000016c270b5eb0 JavaThread "Unconstrained build operations Thread 37"        [_thread_blocked, id=20840, stack(0x000000208d400000,0x000000208d500000) (1024K)]
  0x0000016c270b56e0 JavaThread "Unconstrained build operations Thread 38"        [_thread_blocked, id=22936, stack(0x000000208d500000,0x000000208d600000) (1024K)]
  0x0000016c270b9d30 JavaThread "Unconstrained build operations Thread 39"        [_thread_blocked, id=7088, stack(0x000000208d600000,0x000000208d700000) (1024K)]
  0x0000016c270ba500 JavaThread "Unconstrained build operations Thread 40"        [_thread_blocked, id=8744, stack(0x000000208d700000,0x000000208d800000) (1024K)]
  0x0000016c270bb4a0 JavaThread "Unconstrained build operations Thread 41"        [_thread_blocked, id=18012, stack(0x000000208d800000,0x000000208d900000) (1024K)]
  0x0000016c270bacd0 JavaThread "Unconstrained build operations Thread 42"        [_thread_blocked, id=12468, stack(0x000000208d900000,0x000000208da00000) (1024K)]
  0x0000016c28418700 JavaThread "Unconstrained build operations Thread 43"        [_thread_blocked, id=4848, stack(0x000000208da00000,0x000000208db00000) (1024K)]
  0x0000016c28416f90 JavaThread "Unconstrained build operations Thread 44"        [_thread_blocked, id=2132, stack(0x000000208db00000,0x000000208dc00000) (1024K)]
  0x0000016c28418ed0 JavaThread "Unconstrained build operations Thread 45"        [_thread_blocked, id=5452, stack(0x000000208dc00000,0x000000208dd00000) (1024K)]
  0x0000016c28417760 JavaThread "Memory manager"                    [_thread_blocked, id=20952, stack(0x000000208dd00000,0x000000208de00000) (1024K)]
  0x0000016c2841c580 JavaThread "build event listener"              [_thread_blocked, id=23236, stack(0x000000208de00000,0x000000208df00000) (1024K)]
  0x0000016c2841dcf0 JavaThread "File lock release action executor"        [_thread_blocked, id=6980, stack(0x0000002087700000,0x0000002087800000) (1024K)]
  0x0000016c2841bdb0 JavaThread "included builds"                   [_thread_blocked, id=6216, stack(0x0000002087e00000,0x0000002087f00000) (1024K)]
  0x0000016c28420400 JavaThread "Execution worker"                  [_thread_blocked, id=15124, stack(0x000000208df00000,0x000000208e000000) (1024K)]
  0x0000016c28422b10 JavaThread "Execution worker Thread 2"         [_thread_blocked, id=9476, stack(0x000000208e000000,0x000000208e100000) (1024K)]
  0x0000016c284232e0 JavaThread "Execution worker Thread 3"         [_thread_blocked, id=9684, stack(0x000000208e100000,0x000000208e200000) (1024K)]
  0x0000016c28420bd0 JavaThread "Execution worker Thread 4"         [_thread_blocked, id=2296, stack(0x000000208e200000,0x000000208e300000) (1024K)]
  0x0000016c28424a50 JavaThread "Execution worker Thread 5"         [_thread_blocked, id=1684, stack(0x000000208e300000,0x000000208e400000) (1024K)]
  0x0000016c78382a00 JavaThread "Execution worker Thread 6"         [_thread_blocked, id=20268, stack(0x000000208e400000,0x000000208e500000) (1024K)]
  0x0000016c78385110 JavaThread "Execution worker Thread 7"         [_thread_blocked, id=2800, stack(0x000000208e500000,0x000000208e600000) (1024K)]
  0x0000016c262e3ba0 JavaThread "Execution worker Thread 8"         [_thread_blocked, id=9820, stack(0x000000208e600000,0x000000208e700000) (1024K)]
  0x0000016c260d08c0 JavaThread "Execution worker Thread 9"         [_thread_blocked, id=19108, stack(0x000000208e700000,0x000000208e800000) (1024K)]
  0x0000016c26a59ea0 JavaThread "Execution worker Thread 10"        [_thread_blocked, id=10124, stack(0x000000208e800000,0x000000208e900000) (1024K)]
  0x0000016c26a596d0 JavaThread "Execution worker Thread 11"        [_thread_blocked, id=16204, stack(0x000000208e900000,0x000000208ea00000) (1024K)]
  0x0000016c26a57f60 JavaThread "Execution worker Thread 12"        [_thread_blocked, id=6336, stack(0x000000208ea00000,0x000000208eb00000) (1024K)]
  0x0000016c26a5ae40 JavaThread "Execution worker Thread 13"        [_thread_blocked, id=9248, stack(0x000000208eb00000,0x000000208ec00000) (1024K)]
  0x0000016c26a58730 JavaThread "Execution worker Thread 14"        [_thread_blocked, id=17180, stack(0x000000208ec00000,0x000000208ed00000) (1024K)]
  0x0000016c26a5d550 JavaThread "Execution worker Thread 15"        [_thread_blocked, id=3236, stack(0x000000208ed00000,0x000000208ee00000) (1024K)]
  0x0000016c26a5c5b0 JavaThread "Cache worker for execution history cache (C:\src\flutter\packages\flutter_tools\gradle\.gradle\9.3.1\executionHistory)"        [_thread_blocked, id=20252, stack(0x000000208ee00000,0x000000208ef00000) (1024K)]
  0x0000016c29b038f0 JavaThread "Unconstrained build operations Thread 46"        [_thread_blocked, id=19716, stack(0x000000208ef00000,0x000000208f000000) (1024K)]
  0x0000016c29b03120 JavaThread "Unconstrained build operations Thread 47"        [_thread_blocked, id=9080, stack(0x000000208f000000,0x000000208f100000) (1024K)]
  0x0000016c29b04890 JavaThread "Unconstrained build operations Thread 48"        [_thread_blocked, id=9952, stack(0x000000208f100000,0x000000208f200000) (1024K)]
  0x0000016c29b011e0 JavaThread "Unconstrained build operations Thread 49"        [_thread_blocked, id=18704, stack(0x000000208f200000,0x000000208f300000) (1024K)]
  0x0000016c29b06000 JavaThread "Unconstrained build operations Thread 50"        [_thread_blocked, id=3060, stack(0x000000208f300000,0x000000208f400000) (1024K)]
  0x0000016c29b05830 JavaThread "Unconstrained build operations Thread 51"        [_thread_blocked, id=2520, stack(0x000000208f400000,0x000000208f500000) (1024K)]
  0x0000016c29b06fa0 JavaThread "Unconstrained build operations Thread 52"        [_thread_blocked, id=15088, stack(0x000000208f500000,0x000000208f600000) (1024K)]
  0x0000016c29b08710 JavaThread "Unconstrained build operations Thread 53"        [_thread_blocked, id=3560, stack(0x000000208f600000,0x000000208f700000) (1024K)]
  0x0000016c29b08ee0 JavaThread "Unconstrained build operations Thread 54"        [_thread_blocked, id=12260, stack(0x000000208f700000,0x000000208f800000) (1024K)]
  0x0000016c29b09e80 JavaThread "Unconstrained build operations Thread 55"        [_thread_blocked, id=20964, stack(0x000000208f800000,0x000000208f900000) (1024K)]
  0x0000016c29b0c590 JavaThread "Unconstrained build operations Thread 56"        [_thread_blocked, id=20628, stack(0x000000208f900000,0x000000208fa00000) (1024K)]
  0x0000016c29b0dd00 JavaThread "Unconstrained build operations Thread 57"        [_thread_blocked, id=18388, stack(0x000000208fa00000,0x000000208fb00000) (1024K)]
  0x0000016c29b0d530 JavaThread "Unconstrained build operations Thread 58"        [_thread_blocked, id=16448, stack(0x000000208fb00000,0x000000208fc00000) (1024K)]
  0x0000016c29b0e4d0 JavaThread "Unconstrained build operations Thread 59"        [_thread_blocked, id=3336, stack(0x000000208fc00000,0x000000208fd00000) (1024K)]
  0x0000016c29b0b5f0 JavaThread "Unconstrained build operations Thread 60"        [_thread_blocked, id=2776, stack(0x000000208fd00000,0x000000208fe00000) (1024K)]
  0x0000016c27991840 JavaThread "Unconstrained build operations Thread 61"        [_thread_blocked, id=19872, stack(0x000000208fe00000,0x000000208ff00000) (1024K)]
  0x0000016c27992010 JavaThread "Unconstrained build operations Thread 62"        [_thread_blocked, id=3328, stack(0x000000208ff00000,0x0000002090000000) (1024K)]
  0x0000016c279927e0 JavaThread "Unconstrained build operations Thread 63"        [_thread_blocked, id=11616, stack(0x0000002090000000,0x0000002090100000) (1024K)]
  0x0000016c27992fb0 JavaThread "Unconstrained build operations Thread 64"        [_thread_blocked, id=19568, stack(0x0000002090100000,0x0000002090200000) (1024K)]
  0x0000016c279908a0 JavaThread "Unconstrained build operations Thread 65"        [_thread_blocked, id=9348, stack(0x0000002090200000,0x0000002090300000) (1024K)]
  0x0000016c27997dd0 JavaThread "Unconstrained build operations Thread 66"        [_thread_blocked, id=5952, stack(0x0000002090300000,0x0000002090400000) (1024K)]
  0x0000016c27994720 JavaThread "Unconstrained build operations Thread 67"        [_thread_blocked, id=19440, stack(0x0000002090400000,0x0000002090500000) (1024K)]
  0x0000016c27999540 JavaThread "Unconstrained build operations Thread 68"        [_thread_blocked, id=14816, stack(0x0000002090500000,0x0000002090600000) (1024K)]
  0x0000016c27995e90 JavaThread "Unconstrained build operations Thread 69"        [_thread_blocked, id=12028, stack(0x0000002090600000,0x0000002090700000) (1024K)]
  0x0000016c27998d70 JavaThread "Unconstrained build operations Thread 70"        [_thread_blocked, id=3000, stack(0x0000002090700000,0x0000002090800000) (1024K)]
  0x0000016c27999d10 JavaThread "Unconstrained build operations Thread 71"        [_thread_blocked, id=3972, stack(0x0000002090800000,0x0000002090900000) (1024K)]
  0x0000016c27997600 JavaThread "Unconstrained build operations Thread 72"        [_thread_blocked, id=2120, stack(0x0000002090900000,0x0000002090a00000) (1024K)]
  0x0000016c2799e360 JavaThread "Unconstrained build operations Thread 73"        [_thread_blocked, id=3168, stack(0x0000002090a00000,0x0000002090b00000) (1024K)]
  0x0000016c2799bc50 JavaThread "Unconstrained build operations Thread 74"        [_thread_blocked, id=13020, stack(0x0000002090d00000,0x0000002090e00000) (1024K)]
  0x0000016c2799fad0 JavaThread "Unconstrained build operations Thread 75"        [_thread_blocked, id=15940, stack(0x0000002090e00000,0x0000002090f00000) (1024K)]
  0x0000016c279a0a70 JavaThread "Unconstrained build operations Thread 76"        [_thread_blocked, id=10284, stack(0x0000002090f00000,0x0000002091000000) (1024K)]
  0x0000016c279a21e0 JavaThread "Unconstrained build operations Thread 77"        [_thread_blocked, id=3276, stack(0x0000002091000000,0x0000002091100000) (1024K)]
  0x0000016c279a3180 JavaThread "Unconstrained build operations Thread 78"        [_thread_blocked, id=17732, stack(0x0000002091100000,0x0000002091200000) (1024K)]
  0x0000016c279a1a10 JavaThread "Unconstrained build operations Thread 79"        [_thread_blocked, id=16236, stack(0x0000002091200000,0x0000002091300000) (1024K)]
  0x0000016c279a48f0 JavaThread "Unconstrained build operations Thread 80"        [_thread_blocked, id=11208, stack(0x0000002091300000,0x0000002091400000) (1024K)]
  0x0000016c279a1240 JavaThread "Unconstrained build operations Thread 81"        [_thread_blocked, id=8904, stack(0x0000002091400000,0x0000002091500000) (1024K)]
  0x0000016c279a7000 JavaThread "Unconstrained build operations Thread 82"        [_thread_blocked, id=5488, stack(0x0000002091500000,0x0000002091600000) (1024K)]
  0x0000016c279a8f40 JavaThread "Unconstrained build operations Thread 83"        [_thread_blocked, id=20116, stack(0x0000002091600000,0x0000002091700000) (1024K)]
  0x0000016c279a7fa0 JavaThread "Unconstrained build operations Thread 84"        [_thread_blocked, id=3408, stack(0x0000002091700000,0x0000002091800000) (1024K)]
  0x0000016c279a5890 JavaThread "Unconstrained build operations Thread 85"        [_thread_blocked, id=6064, stack(0x0000002091800000,0x0000002091900000) (1024K)]
  0x0000016c279ab650 JavaThread "Unconstrained build operations Thread 86"        [_thread_blocked, id=5900, stack(0x0000002091900000,0x0000002091a00000) (1024K)]
  0x0000016c279aa6b0 JavaThread "Unconstrained build operations Thread 87"        [_thread_blocked, id=13180, stack(0x0000002091a00000,0x0000002091b00000) (1024K)]
  0x0000016c279acdc0 JavaThread "Unconstrained build operations Thread 88"        [_thread_blocked, id=10428, stack(0x0000002091b00000,0x0000002091c00000) (1024K)]
  0x0000016c279ae530 JavaThread "Unconstrained build operations Thread 89"        [_thread_blocked, id=10776, stack(0x0000002091c00000,0x0000002091d00000) (1024K)]
  0x0000016c279abe20 JavaThread "Unconstrained build operations Thread 90"        [_thread_blocked, id=6712, stack(0x0000002091d00000,0x0000002091e00000) (1024K)]
  0x0000016c279afca0 JavaThread "Unconstrained build operations Thread 91"        [_thread_blocked, id=15644, stack(0x0000002091e00000,0x0000002091f00000) (1024K)]
  0x0000016c2ac3f940 JavaThread "Unconstrained build operations Thread 92"        [_thread_blocked, id=1952, stack(0x0000002091f00000,0x0000002092000000) (1024K)]
  0x0000016c2ac3e1d0 JavaThread "Unconstrained build operations Thread 93"        [_thread_blocked, id=13808, stack(0x0000002092000000,0x0000002092100000) (1024K)]
  0x0000016c2ac410b0 JavaThread "Unconstrained build operations Thread 94"        [_thread_blocked, id=10280, stack(0x0000002092100000,0x0000002092200000) (1024K)]
  0x0000016c2ac3f170 JavaThread "Unconstrained build operations Thread 95"        [_thread_blocked, id=8628, stack(0x0000002092200000,0x0000002092300000) (1024K)]
  0x0000016c2ac3e9a0 JavaThread "Unconstrained build operations Thread 96"        [_thread_blocked, id=5656, stack(0x0000002092300000,0x0000002092400000) (1024K)]
  0x0000016c2ac42ff0 JavaThread "Unconstrained build operations Thread 97"        [_thread_blocked, id=23300, stack(0x0000002092400000,0x0000002092500000) (1024K)]
  0x0000016c2ac43f90 JavaThread "Unconstrained build operations Thread 98"        [_thread_blocked, id=3700, stack(0x0000002092500000,0x0000002092600000) (1024K)]
  0x0000016c2ac44f30 JavaThread "Unconstrained build operations Thread 99"        [_thread_blocked, id=10416, stack(0x0000002092600000,0x0000002092700000) (1024K)]
  0x0000016c2ac42820 JavaThread "Unconstrained build operations Thread 100"        [_thread_blocked, id=21532, stack(0x0000002092700000,0x0000002092800000) (1024K)]
  0x0000016c2ac46e70 JavaThread "Unconstrained build operations Thread 101"        [_thread_blocked, id=9300, stack(0x0000002092800000,0x0000002092900000) (1024K)]
  0x0000016c2ac49580 JavaThread "Unconstrained build operations Thread 102"        [_thread_blocked, id=3732, stack(0x0000002092900000,0x0000002092a00000) (1024K)]
  0x0000016c2ac49d50 JavaThread "Unconstrained build operations Thread 103"        [_thread_blocked, id=22436, stack(0x0000002092a00000,0x0000002092b00000) (1024K)]
  0x0000016c2ac4acf0 JavaThread "Unconstrained build operations Thread 104"        [_thread_blocked, id=22800, stack(0x0000002092b00000,0x0000002092c00000) (1024K)]
  0x0000016c2ac47640 JavaThread "Unconstrained build operations Thread 105"        [_thread_blocked, id=22500, stack(0x0000002092c00000,0x0000002092d00000) (1024K)]
  0x0000016c2ac4cc30 JavaThread "Unconstrained build operations Thread 106"        [_thread_blocked, id=9404, stack(0x0000002092d00000,0x0000002092e00000) (1024K)]
  0x0000016c2ac4d400 JavaThread "Unconstrained build operations Thread 107"        [_thread_blocked, id=22624, stack(0x0000002092e00000,0x0000002092f00000) (1024K)]
  0x0000016c2ac4bc90 JavaThread "Unconstrained build operations Thread 108"        [_thread_blocked, id=22520, stack(0x0000002092f00000,0x0000002093000000) (1024K)]
  0x0000016c2ac4f340 JavaThread "Unconstrained build operations Thread 109"        [_thread_blocked, id=12568, stack(0x0000002093000000,0x0000002093100000) (1024K)]
  0x0000016c2ac4e3a0 JavaThread "Unconstrained build operations Thread 110"        [_thread_blocked, id=22492, stack(0x0000002093100000,0x0000002093200000) (1024K)]
  0x0000016c2ac52220 JavaThread "Unconstrained build operations Thread 111"        [_thread_blocked, id=22680, stack(0x0000002093200000,0x0000002093300000) (1024K)]
  0x0000016c2ac51a50 JavaThread "Unconstrained build operations Thread 112"        [_thread_blocked, id=22432, stack(0x0000002093300000,0x0000002093400000) (1024K)]
  0x0000016c2ac53990 JavaThread "Unconstrained build operations Thread 113"        [_thread_blocked, id=14072, stack(0x0000002093400000,0x0000002093500000) (1024K)]
  0x0000016c2ac529f0 JavaThread "Unconstrained build operations Thread 114"        [_thread_blocked, id=7372, stack(0x0000002093500000,0x0000002093600000) (1024K)]
  0x0000016c2ac50ab0 JavaThread "Unconstrained build operations Thread 115"        [_thread_blocked, id=11488, stack(0x0000002093600000,0x0000002093700000) (1024K)]
  0x0000016c2ac54930 JavaThread "Unconstrained build operations Thread 116"        [_thread_blocked, id=20664, stack(0x0000002093700000,0x0000002093800000) (1024K)]
  0x0000016c2ac55100 JavaThread "Unconstrained build operations Thread 117"        [_thread_blocked, id=13780, stack(0x0000002093800000,0x0000002093900000) (1024K)]
  0x0000016c2ac587b0 JavaThread "Unconstrained build operations Thread 118"        [_thread_blocked, id=22512, stack(0x0000002093900000,0x0000002093a00000) (1024K)]
  0x0000016c2ac59f20 JavaThread "Unconstrained build operations Thread 119"        [_thread_blocked, id=22736, stack(0x0000002093a00000,0x0000002093b00000) (1024K)]
  0x0000016c2ac5a6f0 JavaThread "Unconstrained build operations Thread 120"        [_thread_blocked, id=11652, stack(0x0000002093b00000,0x0000002093c00000) (1024K)]
  0x0000016c2ac5b690 JavaThread "Unconstrained build operations Thread 121"        [_thread_blocked, id=7948, stack(0x0000002093c00000,0x0000002093d00000) (1024K)]
  0x0000016c2ac5ce00 JavaThread "Unconstrained build operations Thread 122"        [_thread_blocked, id=11408, stack(0x0000002093d00000,0x0000002093e00000) (1024K)]
  0x0000016c245ff670 JavaThread "Unconstrained build operations Thread 123"        [_thread_blocked, id=22816, stack(0x0000002093e00000,0x0000002093f00000) (1024K)]
  0x0000016c245fbfc0 JavaThread "Unconstrained build operations Thread 124"        [_thread_blocked, id=3600, stack(0x0000002093f00000,0x0000002094000000) (1024K)]
  0x0000016c245fc790 JavaThread "Unconstrained build operations Thread 125"        [_thread_blocked, id=12536, stack(0x0000002094000000,0x0000002094100000) (1024K)]
  0x0000016c245fcf60 JavaThread "Unconstrained build operations Thread 126"        [_thread_blocked, id=23556, stack(0x0000002094100000,0x0000002094200000) (1024K)]
  0x0000016c24600de0 JavaThread "Unconstrained build operations Thread 127"        [_thread_blocked, id=23560, stack(0x0000002094200000,0x0000002094300000) (1024K)]
  0x0000016c245fdf00 JavaThread "Unconstrained build operations Thread 128"        [_thread_blocked, id=23564, stack(0x0000002094300000,0x0000002094400000) (1024K)]
  0x0000016c24602d20 JavaThread "Unconstrained build operations Thread 129"        [_thread_blocked, id=23568, stack(0x0000002094400000,0x0000002094500000) (1024K)]
  0x0000016c24605430 JavaThread "Unconstrained build operations Thread 130"        [_thread_blocked, id=23572, stack(0x0000002094500000,0x0000002094600000) (1024K)]
  0x0000016c24601d80 JavaThread "Unconstrained build operations Thread 131"        [_thread_blocked, id=23576, stack(0x0000002094600000,0x0000002094700000) (1024K)]
  0x0000016c24602550 JavaThread "Unconstrained build operations Thread 132"        [_thread_blocked, id=23580, stack(0x0000002094700000,0x0000002094800000) (1024K)]
  0x0000016c24608310 JavaThread "Unconstrained build operations Thread 133"        [_thread_blocked, id=23584, stack(0x0000002094800000,0x0000002094900000) (1024K)]
  0x0000016c246092b0 JavaThread "Unconstrained build operations Thread 134"        [_thread_blocked, id=23588, stack(0x0000002094900000,0x0000002094a00000) (1024K)]
  0x0000016c24605c00 JavaThread "Unconstrained build operations Thread 135"        [_thread_blocked, id=23592, stack(0x0000002094a00000,0x0000002094b00000) (1024K)]
  0x0000016c2460aa20 JavaThread "build event listener"              [_thread_blocked, id=23644, stack(0x0000002094b00000,0x0000002094c00000) (1024K)]
  0x0000016c2460f840 JavaThread "build event listener"              [_thread_blocked, id=23648, stack(0x0000002094c00000,0x0000002094d00000) (1024K)]
  0x0000016c24613e90 JavaThread "Problems report writer"            [_thread_blocked, id=24016, stack(0x0000002094d00000,0x0000002094e00000) (1024K)]
  0x0000016c24617540 JavaThread "Unconstrained build operations Thread 136"        [_thread_blocked, id=24132, stack(0x0000002090b00000,0x0000002090c00000) (1024K)]
  0x0000016c24615dd0 JavaThread "Unconstrained build operations Thread 137"        [_thread_blocked, id=24136, stack(0x0000002090c00000,0x0000002090d00000) (1024K)]
  0x0000016c24617d10 JavaThread "Unconstrained build operations Thread 138"        [_thread_blocked, id=24140, stack(0x0000002094e00000,0x0000002094f00000) (1024K)]
  0x0000016c24615600 JavaThread "Unconstrained build operations Thread 139"        [_thread_blocked, id=24144, stack(0x0000002094f00000,0x0000002095000000) (1024K)]
  0x0000016c24618cb0 JavaThread "Unconstrained build operations Thread 140"        [_thread_blocked, id=24148, stack(0x0000002095000000,0x0000002095100000) (1024K)]
  0x0000016c24619480 JavaThread "Unconstrained build operations Thread 141"        [_thread_blocked, id=24152, stack(0x0000002095100000,0x0000002095200000) (1024K)]
  0x0000016c2461a420 JavaThread "Unconstrained build operations Thread 142"        [_thread_blocked, id=24156, stack(0x0000002095200000,0x0000002095300000) (1024K)]
  0x0000016c2841ec90 JavaThread "Unconstrained build operations Thread 143"        [_thread_blocked, id=24160, stack(0x0000002095300000,0x0000002095400000) (1024K)]
  0x0000016c2841e4c0 JavaThread "Unconstrained build operations Thread 144"        [_thread_blocked, id=24164, stack(0x0000002095400000,0x0000002095500000) (1024K)]
  0x0000016c2799f300 JavaThread "Unconstrained build operations Thread 145"        [_thread_blocked, id=24168, stack(0x0000002095500000,0x0000002095600000) (1024K)]
  0x0000016c272c4cf0 JavaThread "Unconstrained build operations Thread 146"        [_thread_blocked, id=24172, stack(0x0000002095600000,0x0000002095700000) (1024K)]
  0x0000016c291a0660 JavaThread "Unconstrained build operations Thread 147"        [_thread_blocked, id=24176, stack(0x0000002095700000,0x0000002095800000) (1024K)]
  0x0000016c2919d780 JavaThread "Unconstrained build operations Thread 148"        [_thread_blocked, id=24180, stack(0x0000002095800000,0x0000002095900000) (1024K)]
  0x0000016c2919df50 JavaThread "Unconstrained build operations Thread 149"        [_thread_blocked, id=24184, stack(0x0000002095900000,0x0000002095a00000) (1024K)]
  0x0000016c2919f6c0 JavaThread "Unconstrained build operations Thread 150"        [_thread_blocked, id=24188, stack(0x0000002095a00000,0x0000002095b00000) (1024K)]
  0x0000016c2919eef0 JavaThread "Unconstrained build operations Thread 151"        [_thread_blocked, id=24192, stack(0x0000002095b00000,0x0000002095c00000) (1024K)]
  0x0000016c291a3540 JavaThread "Unconstrained build operations Thread 152"        [_thread_blocked, id=24196, stack(0x0000002095c00000,0x0000002095d00000) (1024K)]
  0x0000016c291a6420 JavaThread "Unconstrained build operations Thread 153"        [_thread_blocked, id=24200, stack(0x0000002095d00000,0x0000002095e00000) (1024K)]
  0x0000016c291a4cb0 JavaThread "Unconstrained build operations Thread 154"        [_thread_blocked, id=24204, stack(0x0000002095e00000,0x0000002095f00000) (1024K)]
  0x0000016c291a2d70 JavaThread "Unconstrained build operations Thread 155"        [_thread_blocked, id=24208, stack(0x0000002095f00000,0x0000002096000000) (1024K)]
  0x0000016c291a9300 JavaThread "Unconstrained build operations Thread 156"        [_thread_blocked, id=24212, stack(0x0000002096000000,0x0000002096100000) (1024K)]
  0x0000016c291aa2a0 JavaThread "Unconstrained build operations Thread 157"        [_thread_blocked, id=24216, stack(0x0000002096100000,0x0000002096200000) (1024K)]
  0x0000016c291a9ad0 JavaThread "Unconstrained build operations Thread 158"        [_thread_blocked, id=24220, stack(0x0000002096200000,0x0000002096300000) (1024K)]
  0x0000016c291a6bf0 JavaThread "Unconstrained build operations Thread 159"        [_thread_blocked, id=24224, stack(0x0000002096300000,0x0000002096400000) (1024K)]
  0x0000016c291ae120 JavaThread "Unconstrained build operations Thread 160"        [_thread_blocked, id=24228, stack(0x0000002096600000,0x0000002096700000) (1024K)]
  0x0000016c291ae8f0 JavaThread "jar transforms Thread 16"          [_thread_blocked, id=24248, stack(0x0000002096700000,0x0000002096800000) (1024K)]
  0x0000016c2a100190 JavaThread "C1 CompilerThread1"         daemon [_thread_blocked, id=24280, stack(0x0000002087800000,0x0000002087900000) (1024K)]
Total: 233

Other Threads:
=>0x0000016c78360020 VMThread "VM Thread"                           [id=8008, stack(0x0000002086e00000,0x0000002086f00000) (1024K)]
  0x0000016c78230650 WatcherThread "VM Periodic Task Thread"        [id=21352, stack(0x0000002086d00000,0x0000002086e00000) (1024K)]
  0x0000016c64d4d1c0 WorkerThread "GC Thread#0"                     [id=12764, stack(0x0000002086800000,0x0000002086900000) (1024K)]
  0x0000016c256446a0 WorkerThread "GC Thread#1"                     [id=22348, stack(0x0000002087f00000,0x0000002088000000) (1024K)]
  0x0000016c2565ac00 WorkerThread "GC Thread#2"                     [id=22076, stack(0x0000002088000000,0x0000002088100000) (1024K)]
  0x0000016c2563f0c0 WorkerThread "GC Thread#3"                     [id=22480, stack(0x0000002088100000,0x0000002088200000) (1024K)]
  0x0000016c2563f8f0 WorkerThread "GC Thread#4"                     [id=18588, stack(0x0000002088200000,0x0000002088300000) (1024K)]
  0x0000016c2642b000 WorkerThread "GC Thread#5"                     [id=18504, stack(0x0000002088c00000,0x0000002088d00000) (1024K)]
  0x0000016c2642b450 WorkerThread "GC Thread#6"                     [id=15296, stack(0x0000002088d00000,0x0000002088e00000) (1024K)]
  0x0000016c26428930 WorkerThread "GC Thread#7"                     [id=22028, stack(0x0000002088e00000,0x0000002088f00000) (1024K)]
  0x0000016c26429620 WorkerThread "GC Thread#8"                     [id=12860, stack(0x0000002088f00000,0x0000002089000000) (1024K)]
  0x0000016c2642bcf0 WorkerThread "GC Thread#9"                     [id=22912, stack(0x0000002089000000,0x0000002089100000) (1024K)]
  0x0000016c26429a70 WorkerThread "GC Thread#10"                    [id=22536, stack(0x0000002089100000,0x0000002089200000) (1024K)]
  0x0000016c2642b8a0 WorkerThread "GC Thread#11"                    [id=14232, stack(0x0000002089200000,0x0000002089300000) (1024K)]
  0x0000016c264284e0 WorkerThread "GC Thread#12"                    [id=7864, stack(0x0000002089300000,0x0000002089400000) (1024K)]
  0x0000016c781bc0a0 ConcurrentGCThread "G1 Main Marker"            [id=4504, stack(0x0000002086900000,0x0000002086a00000) (1024K)]
  0x0000016c781bcc40 WorkerThread "G1 Conc#0"                       [id=21760, stack(0x0000002086a00000,0x0000002086b00000) (1024K)]
  0x0000016c26bcada0 WorkerThread "G1 Conc#1"                       [id=15172, stack(0x0000002089700000,0x0000002089800000) (1024K)]
  0x0000016c26bccbd0 WorkerThread "G1 Conc#2"                       [id=23012, stack(0x0000002089800000,0x0000002089900000) (1024K)]
  0x0000016c7821fe80 ConcurrentGCThread "G1 Refine#0"               [id=21324, stack(0x0000002086b00000,0x0000002086c00000) (1024K)]
  0x0000016c782228a0 ConcurrentGCThread "G1 Service"                [id=11172, stack(0x0000002086c00000,0x0000002086d00000) (1024K)]
Total: 21

Threads with active compile tasks:
C2 CompilerThread0  24687 17164       4       org.gradle.internal.operations.DefaultBuildOperationRunner$BuildOperationTrackingListener::close (42 bytes)
Total: 1

VM state: at safepoint (normal execution)

VM Mutex/Monitor currently owned by a thread:  ([mutex/lock_event])
[0x00007ffe3a1694e8] Threads_lock - owner thread: 0x0000016c78360020
[0x00007ffe3a169668] Heap_lock - owner thread: 0x0000016c2640cbb0

Heap address: 0x0000000600000000, size: 8192 MB, Compressed Oops mode: Zero based, Oop shift amount: 3

CDS archive(s) mapped at: [0x0000000086000000-0x0000000086dd0000-0x0000000086dd0000), size 14483456, SharedBaseAddress: 0x0000000086000000, ArchiveRelocationMode: 1.
Compressed class space mapped at: 0x0000000087000000-0x00000000c7000000, reserved size: 1073741824
UseCompressedClassPointers 1, UseCompactObjectHeaders 0
Narrow klass pointer bits 32, Max shift 3
Narrow klass base: 0x0000000086000000, Narrow klass shift: 0
Encoding Range: [0x0000000086000000 - 0x0000000186000000), (4294967296 bytes)
Klass Range:    [0x0000000086010000 - 0x00000000c7000000), (1090453504 bytes)
Klass ID Range:  [65536 - 1090519033) (1090453497)
Protection zone: [0x0000000086000000 - 0x0000000086010000), (65536 bytes)

GC Precious Log:
 CardTable entry size: 512
 Card Set container configuration: InlinePtr #cards 4 size 8 Array Of Cards #cards 32 size 80 Howl #buckets 8 coarsen threshold 7372 Howl Bitmap #cards 1024 size 144 coarsen threshold 921 Card regions per heap region 1 cards per card region 8192
 CPUs: 16 total, 16 available
 Memory: 14173M
 Large Page Support: Disabled
 NUMA Support: Disabled
 Compressed Oops: Enabled (Zero based)
 Heap Region Size: 4M
 Heap Min Capacity: 8M
 Heap Initial Capacity: 224M
 Heap Max Capacity: 8G
 Pre-touch: Disabled
 Parallel Workers: 13
 Concurrent Workers: 3
 Concurrent Refinement Workers: 13
 Periodic GC: Disabled

Heap:
 garbage-first heap   total reserved 8388608K, committed 262144K, used 162326K [0x0000000600000000, 0x0000000800000000)
  region size 4096K, 3 young (12288K), 3 survivors (12288K)

Heap Regions: E=young(eden), S=young(survivor), O=old, HS=humongous(starts), HC=humongous(continues), CS=collection set, F=free, TAMS=top-at-mark-start, PB=parsable bottom
|   0|0x0000000600000000, 0x0000000600400000, 0x0000000600400000|100%|HS|  |TAMS 0x0000000600000000| PB 0x0000000600000000| Complete |  0
|   1|0x0000000600400000, 0x0000000600800000, 0x0000000600800000|100%| O|  |TAMS 0x0000000600400000| PB 0x0000000600400000| Untracked |  0
|   2|0x0000000600800000, 0x0000000600c00000, 0x0000000600c00000|100%| O|  |TAMS 0x0000000600800000| PB 0x0000000600800000| Untracked |  0
|   3|0x0000000600c00000, 0x0000000601000000, 0x0000000601000000|100%| O|  |TAMS 0x0000000600c00000| PB 0x0000000600c00000| Untracked |  0
|   4|0x0000000601000000, 0x0000000601400000, 0x0000000601400000|100%| O|  |TAMS 0x0000000601000000| PB 0x0000000601000000| Untracked |  0
|   5|0x0000000601400000, 0x0000000601800000, 0x0000000601800000|100%| O|  |TAMS 0x0000000601400000| PB 0x0000000601400000| Untracked |  0
|   6|0x0000000601800000, 0x0000000601c00000, 0x0000000601c00000|100%| O|  |TAMS 0x0000000601800000| PB 0x0000000601800000| Untracked |  0
|   7|0x0000000601c00000, 0x0000000602000000, 0x0000000602000000|100%| O|  |TAMS 0x0000000601c00000| PB 0x0000000601c00000| Untracked |  0
|   8|0x0000000602000000, 0x0000000602400000, 0x0000000602400000|100%| O|  |TAMS 0x0000000602000000| PB 0x0000000602000000| Untracked |  0
|   9|0x0000000602400000, 0x0000000602800000, 0x0000000602800000|100%| O|  |TAMS 0x0000000602400000| PB 0x0000000602400000| Untracked |  0
|  10|0x0000000602800000, 0x0000000602c00000, 0x0000000602c00000|100%| O|  |TAMS 0x0000000602800000| PB 0x0000000602800000| Untracked |  0
|  11|0x0000000602c00000, 0x0000000603000000, 0x0000000603000000|100%| O|  |TAMS 0x0000000602c00000| PB 0x0000000602c00000| Untracked |  0
|  12|0x0000000603000000, 0x0000000603400000, 0x0000000603400000|100%| O|  |TAMS 0x0000000603000000| PB 0x0000000603000000| Untracked |  0
|  13|0x0000000603400000, 0x0000000603800000, 0x0000000603800000|100%| O|  |TAMS 0x0000000603400000| PB 0x0000000603400000| Untracked |  0
|  14|0x0000000603800000, 0x0000000603c00000, 0x0000000603c00000|100%| O|  |TAMS 0x0000000603800000| PB 0x0000000603800000| Untracked |  0
|  15|0x0000000603c00000, 0x0000000603c00000, 0x0000000604000000|  0%| F|  |TAMS 0x0000000603c00000| PB 0x0000000603c00000| Untracked |  0
|  16|0x0000000604000000, 0x0000000604400000, 0x0000000604400000|100%| O|  |TAMS 0x0000000604000000| PB 0x0000000604000000| Untracked |  0
|  17|0x0000000604400000, 0x0000000604800000, 0x0000000604800000|100%| O|  |TAMS 0x0000000604400000| PB 0x0000000604400000| Untracked |  0
|  18|0x0000000604800000, 0x0000000604c00000, 0x0000000604c00000|100%| O|  |TAMS 0x0000000604800000| PB 0x0000000604800000| Untracked |  0
|  19|0x0000000604c00000, 0x0000000605000000, 0x0000000605000000|100%| O|  |TAMS 0x0000000604c00000| PB 0x0000000604c00000| Untracked |  0
|  20|0x0000000605000000, 0x0000000605400000, 0x0000000605400000|100%| O|  |TAMS 0x0000000605000000| PB 0x0000000605000000| Untracked |  0
|  21|0x0000000605400000, 0x0000000605800000, 0x0000000605800000|100%| O|  |TAMS 0x0000000605400000| PB 0x0000000605400000| Untracked |  0
|  22|0x0000000605800000, 0x0000000605c00000, 0x0000000605c00000|100%| O|  |TAMS 0x0000000605800000| PB 0x0000000605800000| Untracked |  0
|  23|0x0000000605c00000, 0x0000000606000000, 0x0000000606000000|100%| O|  |TAMS 0x0000000605c00000| PB 0x0000000605c00000| Untracked |  0
|  24|0x0000000606000000, 0x0000000606400000, 0x0000000606400000|100%| O|  |TAMS 0x0000000606000000| PB 0x0000000606000000| Untracked |  0
|  25|0x0000000606400000, 0x0000000606800000, 0x0000000606800000|100%| O|  |TAMS 0x0000000606400000| PB 0x0000000606400000| Untracked |  0
|  26|0x0000000606800000, 0x0000000606c00000, 0x0000000606c00000|100%| O|  |TAMS 0x0000000606800000| PB 0x0000000606800000| Untracked |  0
|  27|0x0000000606c00000, 0x0000000606c00000, 0x0000000607000000|  0%| F|  |TAMS 0x0000000606c00000| PB 0x0000000606c00000| Untracked |  0
|  28|0x0000000607000000, 0x0000000607400000, 0x0000000607400000|100%| O|  |TAMS 0x0000000607000000| PB 0x0000000607000000| Untracked |  0
|  29|0x0000000607400000, 0x0000000607800000, 0x0000000607800000|100%| O|  |TAMS 0x0000000607400000| PB 0x0000000607400000| Untracked |  0
|  30|0x0000000607800000, 0x0000000607c00000, 0x0000000607c00000|100%| O|  |TAMS 0x0000000607800000| PB 0x0000000607800000| Untracked |  0
|  31|0x0000000607c00000, 0x0000000608000000, 0x0000000608000000|100%| O|  |TAMS 0x0000000607c00000| PB 0x0000000607c00000| Untracked |  0
|  32|0x0000000608000000, 0x0000000608285a58, 0x0000000608400000| 63%| O|  |TAMS 0x0000000608000000| PB 0x0000000608000000| Untracked |  0
|  33|0x0000000608400000, 0x0000000608400000, 0x0000000608800000|  0%| F|  |TAMS 0x0000000608400000| PB 0x0000000608400000| Untracked |  0
|  34|0x0000000608800000, 0x0000000608c00000, 0x0000000608c00000|100%| S|CS|TAMS 0x0000000608800000| PB 0x0000000608800000| Complete |  0
|  35|0x0000000608c00000, 0x0000000609000000, 0x0000000609000000|100%| S|CS|TAMS 0x0000000608c00000| PB 0x0000000608c00000| Complete |  0
|  36|0x0000000609000000, 0x0000000609400000, 0x0000000609400000|100%| S|CS|TAMS 0x0000000609000000| PB 0x0000000609000000| Complete |  0
|  37|0x0000000609400000, 0x0000000609400000, 0x0000000609800000|  0%| F|  |TAMS 0x0000000609400000| PB 0x0000000609400000| Untracked |  0
|  38|0x0000000609800000, 0x0000000609800000, 0x0000000609c00000|  0%| F|  |TAMS 0x0000000609800000| PB 0x0000000609800000| Untracked |  0
|  39|0x0000000609c00000, 0x0000000609c00000, 0x000000060a000000|  0%| F|  |TAMS 0x0000000609c00000| PB 0x0000000609c00000| Untracked |  0
|  40|0x000000060a000000, 0x000000060a000000, 0x000000060a400000|  0%| F|  |TAMS 0x000000060a000000| PB 0x000000060a000000| Untracked |  0
|  41|0x000000060a400000, 0x000000060a400000, 0x000000060a800000|  0%| F|  |TAMS 0x000000060a400000| PB 0x000000060a400000| Untracked |  0
|  42|0x000000060a800000, 0x000000060a800000, 0x000000060ac00000|  0%| F|  |TAMS 0x000000060a800000| PB 0x000000060a800000| Untracked |  0
|  43|0x000000060ac00000, 0x000000060ac00000, 0x000000060b000000|  0%| F|  |TAMS 0x000000060ac00000| PB 0x000000060ac00000| Untracked |  0
|  44|0x000000060b000000, 0x000000060b000000, 0x000000060b400000|  0%| F|  |TAMS 0x000000060b000000| PB 0x000000060b000000| Untracked |  0
|  45|0x000000060b400000, 0x000000060b400000, 0x000000060b800000|  0%| F|  |TAMS 0x000000060b400000| PB 0x000000060b400000| Untracked |  0
|  46|0x000000060b800000, 0x000000060b800000, 0x000000060bc00000|  0%| F|  |TAMS 0x000000060b800000| PB 0x000000060b800000| Untracked |  0
|  47|0x000000060bc00000, 0x000000060bc00000, 0x000000060c000000|  0%| F|  |TAMS 0x000000060bc00000| PB 0x000000060bc00000| Untracked |  0
|  48|0x000000060c000000, 0x000000060c000000, 0x000000060c400000|  0%| F|  |TAMS 0x000000060c000000| PB 0x000000060c000000| Untracked |  0
|  49|0x000000060c400000, 0x000000060c400000, 0x000000060c800000|  0%| F|  |TAMS 0x000000060c400000| PB 0x000000060c400000| Untracked |  0
|  50|0x000000060c800000, 0x000000060c800000, 0x000000060cc00000|  0%| F|  |TAMS 0x000000060c800000| PB 0x000000060c800000| Untracked |  0
|  51|0x000000060cc00000, 0x000000060cc00000, 0x000000060d000000|  0%| F|  |TAMS 0x000000060cc00000| PB 0x000000060cc00000| Untracked |  0
|  52|0x000000060d000000, 0x000000060d000000, 0x000000060d400000|  0%| F|  |TAMS 0x000000060d000000| PB 0x000000060d000000| Untracked |  0
|  53|0x000000060d400000, 0x000000060d400000, 0x000000060d800000|  0%| F|  |TAMS 0x000000060d400000| PB 0x000000060d400000| Untracked |  0
|  54|0x000000060d800000, 0x000000060d800000, 0x000000060dc00000|  0%| F|  |TAMS 0x000000060d800000| PB 0x000000060d800000| Untracked |  0
|  55|0x000000060dc00000, 0x000000060dc00000, 0x000000060e000000|  0%| F|  |TAMS 0x000000060dc00000| PB 0x000000060dc00000| Untracked |  0
|2040|0x00000007fe000000, 0x00000007fe400000, 0x00000007fe400000|100%| O|  |TAMS 0x00000007fe000000| PB 0x00000007fe000000| Untracked |  0
|2041|0x00000007fe400000, 0x00000007fe400000, 0x00000007fe800000|  0%| F|  |TAMS 0x00000007fe400000| PB 0x00000007fe400000| Untracked |  0
|2042|0x00000007fe800000, 0x00000007fec00000, 0x00000007fec00000|100%| O|  |TAMS 0x00000007fe800000| PB 0x00000007fe800000| Untracked |  0
|2043|0x00000007fec00000, 0x00000007ff000000, 0x00000007ff000000|100%| O|  |TAMS 0x00000007fec00000| PB 0x00000007fec00000| Untracked |  0
|2044|0x00000007ff000000, 0x00000007ff400000, 0x00000007ff400000|100%| O|  |TAMS 0x00000007ff000000| PB 0x00000007ff000000| Untracked |  0
|2045|0x00000007ff400000, 0x00000007ff800000, 0x00000007ff800000|100%| O|  |TAMS 0x00000007ff400000| PB 0x00000007ff400000| Untracked |  0
|2046|0x00000007ff800000, 0x00000007ffc00000, 0x00000007ffc00000|100%| O|  |TAMS 0x00000007ff800000| PB 0x00000007ff800000| Untracked |  0
|2047|0x00000007ffc00000, 0x00000007ffc00000, 0x0000000800000000|  0%| F|  |TAMS 0x00000007ffc00000| PB 0x00000007ffc00000| Untracked |  0

Card table byte_map: [0x0000016c6f0e0000,0x0000016c700e0000] _byte_map_base: 0x0000016c6c0e0000

Marking Bits: (CMBitMap*) 0x0000016c64d4d950
 Bits: [0x0000016c700e0000, 0x0000016c780e0000)

Polling page: 0x0000016c62ad0000

Metaspace:
Metaspace        used 108130K, committed 110784K, reserved 1179648K
 class space     used 12077K, committed 13312K, reserved 1048576K

Usage:
  Non-class:     93.80 MB used.
      Class:     11.79 MB used.
       Both:    105.60 MB used.

Virtual space:
  Non-class space:      128.00 MB reserved,      95.19 MB ( 74%) committed,  2 nodes.
      Class space:        1.00 GB reserved,      13.00 MB (  1%) committed,  1 nodes.
             Both:        1.12 GB reserved,     108.19 MB (  9%) committed. 

Chunk freelists:
   Non-Class:  230.00 KB
       Class:  3.01 MB
        Both:  3.23 MB

MaxMetaspaceSize: 4.00 GB
CompressedClassSpaceSize: 1.00 GB
Initial GC threshold: 21.00 MB
Current GC threshold: 180.00 MB
CDS: on
 - commit_granule_bytes: 65536.
 - commit_granule_words: 8192.
 - virtual_space_node_default_size: 8388608.
 - enlarge_chunks_in_place: 1.
UseCompressedClassPointers 1, UseCompactObjectHeaders 0
Narrow klass pointer bits 32, Max shift 3
Narrow klass base: 0x0000000086000000, Narrow klass shift: 0
Encoding Range: [0x0000000086000000 - 0x0000000186000000), (4294967296 bytes)
Klass Range:    [0x0000000086010000 - 0x00000000c7000000), (1090453504 bytes)
Klass ID Range:  [65536 - 1090519033) (1090453497)
Protection zone: [0x0000000086000000 - 0x0000000086010000), (65536 bytes)


Internal statistics:

num_allocs_failed_limit: 12.
num_arena_births: 4428.
num_arena_deaths: 0.
num_vsnodes_births: 3.
num_vsnodes_deaths: 0.
num_space_committed: 1731.
num_space_uncommitted: 0.
num_chunks_returned_to_freelist: 12.
num_chunks_taken_from_freelist: 9234.
num_chunk_merges: 12.
num_chunk_splits: 6232.
num_chunks_enlarged: 4149.
num_inconsistent_stats: 0.

CodeHeap 'non-profiled nmethods': size=258496Kb used=6334Kb max_used=6334Kb free=252161Kb
 bounds [0x0000016c10390000, 0x0000016c109c0000, 0x0000016c20000000]
CodeHeap 'profiled nmethods': size=258368Kb used=22762Kb max_used=22831Kb free=235605Kb
 bounds [0x0000016c00000000, 0x0000016c01650000, 0x0000016c0fc50000]
CodeHeap 'non-nmethods': size=7424Kb used=2647Kb max_used=3857Kb free=4776Kb
 bounds [0x0000016c0fc50000, 0x0000016c10020000, 0x0000016c10390000]
CodeCache: size=524288Kb, used=31743Kb, max_used=33022Kb, free=492542Kb
 total_blobs=15652, nmethods=14726, adapters=827, full_count=0
Compilation: enabled, stopped_count=0, restarted_count=0

Compilation events (20 events):
Event: 24.581 Thread 0x0000016c7838eae0 nmethod 17213 0x0000016c002f9688 code [0x0000016c002f9780, 0x0000016c002fa9a0]
Event: 24.581 Thread 0x0000016c2a100190 nmethod 17216 0x0000016c00aa2808 code [0x0000016c00aa2900, 0x0000016c00aa2e70]
Event: 24.581 Thread 0x0000016c7838eae0 17217       3       org.gradle.api.internal.tasks.DefaultRealizableTaskCollection_Decorated::$gradleInitAttach (1 bytes)
Event: 24.581 Thread 0x0000016c2a100190 17219       3       org.gradle.api.internal.artifacts.configurations.DefaultDependencyScopeConfiguration_Decorated::isDetachedConfiguration (46 bytes)
Event: 24.582 Thread 0x0000016c7838eae0 nmethod 17217 0x0000016c00934a88 code [0x0000016c00934b80, 0x0000016c00934c88]
Event: 24.582 Thread 0x0000016c7838eae0 17220       3       org.gradle.internal.extensibility.ExtensibleDynamicObject::updateDelegates (147 bytes)
Event: 24.582 Thread 0x0000016c2a100190 nmethod 17219 0x0000016c00051588 code [0x0000016c00051680, 0x0000016c00051df8]
Event: 24.582 Thread 0x0000016c7838eae0 nmethod 17220 0x0000016c002f8488 code [0x0000016c002f8580, 0x0000016c002f9630]
Event: 24.582 Thread 0x0000016c7838eae0 17221       3       org.gradle.api.internal.project.DefaultProject::file (11 bytes)
Event: 24.582 Thread 0x0000016c2a100190 17222       3       org.jetbrains.kotlin.gradle.plugin.sources.DefaultKotlinSourceSet_Decorated::getCompileOnlyConfigurationName (39 bytes)
Event: 24.582 Thread 0x0000016c2a100190 nmethod 17222 0x0000016c012b4808 code [0x0000016c012b4900, 0x0000016c012b4e80]
Event: 24.582 Thread 0x0000016c2a100190 17223       3       org.jetbrains.kotlin.gradle.plugin.sources.DefaultKotlinSourceSet::getCompileOnlyConfigurationName (10 bytes)
Event: 24.582 Thread 0x0000016c7838eae0 nmethod 17221 0x0000016c012b3c08 code [0x0000016c012b3d00, 0x0000016c012b4798]
Event: 24.582 Thread 0x0000016c7838eae0 17224       3       org.jetbrains.kotlin.gradle.plugin.sources.DefaultKotlinSourceSet_Decorated::getRuntimeOnlyConfigurationName (40 bytes)
Event: 24.582 Thread 0x0000016c2a100190 nmethod 17223 0x0000016c009db708 code [0x0000016c009db800, 0x0000016c009db940]
Event: 24.582 Thread 0x0000016c2a100190 17225       3       org.jetbrains.kotlin.gradle.plugin.sources.DefaultKotlinSourceSet::getRuntimeOnlyConfigurationName (10 bytes)
Event: 24.583 Thread 0x0000016c2a100190 nmethod 17225 0x0000016c00a1bd08 code [0x0000016c00a1be00, 0x0000016c00a1bf40]
Event: 24.583 Thread 0x0000016c7838eae0 nmethod 17224 0x0000016c012b3508 code [0x0000016c012b3600, 0x0000016c012b3b80]
Event: 24.583 Thread 0x0000016c2a100190 17226       3       org.gradle.api.internal.DefaultNamedDomainObjectCollection$AbstractDomainObjectCreatingProvider::get (24 bytes)
Event: 24.583 Thread 0x0000016c2a100190 nmethod 17226 0x0000016c012b2588 code [0x0000016c012b2680, 0x0000016c012b34f8]

GC Heap Usage History (20 events):
Event: 18.539 {heap After GC invocations=32 (full 0):
 garbage-first heap   total reserved 8388608K, committed 208896K, used 112090K [0x0000000600000000, 0x0000000800000000)
  region size 4096K, 3 young (12288K), 3 survivors (12288K)
}
Event: 18.977 {heap Before GC invocations=32 (full 0):
 garbage-first heap   total reserved 8388608K, committed 208896K, used 177626K [0x0000000600000000, 0x0000000800000000)
  region size 4096K, 19 young (77824K), 3 survivors (12288K)
}
Event: 18.984 {heap After GC invocations=33 (full 0):
 garbage-first heap   total reserved 8388608K, committed 208896K, used 114728K [0x0000000600000000, 0x0000000800000000)
  region size 4096K, 3 young (12288K), 3 survivors (12288K)
}
Event: 19.431 {heap Before GC invocations=33 (full 0):
 garbage-first heap   total reserved 8388608K, committed 208896K, used 184360K [0x0000000600000000, 0x0000000800000000)
  region size 4096K, 20 young (81920K), 3 survivors (12288K)
}
Event: 19.437 {heap After GC invocations=34 (full 0):
 garbage-first heap   total reserved 8388608K, committed 208896K, used 117389K [0x0000000600000000, 0x0000000800000000)
  region size 4096K, 2 young (8192K), 2 survivors (8192K)
}
Event: 20.084 {heap Before GC invocations=35 (full 0):
 garbage-first heap   total reserved 8388608K, committed 208896K, used 182925K [0x0000000600000000, 0x0000000800000000)
  region size 4096K, 18 young (73728K), 2 survivors (8192K)
}
Event: 20.089 {heap After GC invocations=36 (full 0):
 garbage-first heap   total reserved 8388608K, committed 208896K, used 120029K [0x0000000600000000, 0x0000000800000000)
  region size 4096K, 3 young (12288K), 3 survivors (12288K)
}
Event: 21.185 {heap Before GC invocations=36 (full 0):
 garbage-first heap   total reserved 8388608K, committed 208896K, used 181469K [0x0000000600000000, 0x0000000800000000)
  region size 4096K, 19 young (77824K), 3 survivors (12288K)
}
Event: 21.193 {heap After GC invocations=37 (full 0):
 garbage-first heap   total reserved 8388608K, committed 208896K, used 123421K [0x0000000600000000, 0x0000000800000000)
  region size 4096K, 3 young (12288K), 3 survivors (12288K)
}
Event: 21.478 {heap Before GC invocations=37 (full 0):
 garbage-first heap   total reserved 8388608K, committed 208896K, used 184861K [0x0000000600000000, 0x0000000800000000)
  region size 4096K, 19 young (77824K), 3 survivors (12288K)
}
Event: 21.484 {heap After GC invocations=38 (full 0):
 garbage-first heap   total reserved 8388608K, committed 212992K, used 131219K [0x0000000600000000, 0x0000000800000000)
  region size 4096K, 3 young (12288K), 3 survivors (12288K)
}
Event: 22.079 {heap Before GC invocations=39 (full 0):
 garbage-first heap   total reserved 8388608K, committed 225280K, used 188563K [0x0000000600000000, 0x0000000800000000)
  region size 4096K, 17 young (69632K), 3 survivors (12288K)
}
Event: 22.086 {heap After GC invocations=40 (full 0):
 garbage-first heap   total reserved 8388608K, committed 225280K, used 136261K [0x0000000600000000, 0x0000000800000000)
  region size 4096K, 2 young (8192K), 2 survivors (8192K)
}
Event: 23.677 {heap Before GC invocations=40 (full 0):
 garbage-first heap   total reserved 8388608K, committed 225280K, used 201797K [0x0000000600000000, 0x0000000800000000)
  region size 4096K, 18 young (73728K), 2 survivors (8192K)
}
Event: 23.684 {heap After GC invocations=41 (full 0):
 garbage-first heap   total reserved 8388608K, committed 225280K, used 143324K [0x0000000600000000, 0x0000000800000000)
  region size 4096K, 3 young (12288K), 3 survivors (12288K)
}
Event: 24.041 {heap Before GC invocations=41 (full 0):
 garbage-first heap   total reserved 8388608K, committed 225280K, used 196572K [0x0000000600000000, 0x0000000800000000)
  region size 4096K, 17 young (69632K), 3 survivors (12288K)
}
Event: 24.047 {heap After GC invocations=42 (full 0):
 garbage-first heap   total reserved 8388608K, committed 225280K, used 149364K [0x0000000600000000, 0x0000000800000000)
  region size 4096K, 2 young (8192K), 2 survivors (8192K)
}
Event: 24.235 {heap Before GC invocations=43 (full 0):
 garbage-first heap   total reserved 8388608K, committed 253952K, used 198516K [0x0000000600000000, 0x0000000800000000)
  region size 4096K, 15 young (61440K), 2 survivors (8192K)
}
Event: 24.239 {heap After GC invocations=44 (full 0):
 garbage-first heap   total reserved 8388608K, committed 253952K, used 152198K [0x0000000600000000, 0x0000000800000000)
  region size 4096K, 1 young (4096K), 1 survivors (4096K)
}
Event: 24.584 {heap Before GC invocations=44 (full 0):
 garbage-first heap   total reserved 8388608K, committed 253952K, used 221830K [0x0000000600000000, 0x0000000800000000)
  region size 4096K, 19 young (77824K), 1 survivors (4096K)
}

Metaspace Usage History (20 events):
Event: 18.539 {metaspace After GC invocations=32 (full 0):
 Metaspace       used 92055K, committed 94400K, reserved 1179648K
  class space    used 10289K, committed 11392K, reserved 1048576K
}
Event: 18.977 {metaspace Before GC invocations=32 (full 0):
 Metaspace       used 96232K, committed 98688K, reserved 1179648K
  class space    used 10773K, committed 11904K, reserved 1048576K
}
Event: 18.984 {metaspace After GC invocations=33 (full 0):
 Metaspace       used 96232K, committed 98688K, reserved 1179648K
  class space    used 10773K, committed 11904K, reserved 1048576K
}
Event: 19.431 {metaspace Before GC invocations=33 (full 0):
 Metaspace       used 101518K, committed 104000K, reserved 1179648K
  class space    used 11365K, committed 12544K, reserved 1048576K
}
Event: 19.437 {metaspace After GC invocations=34 (full 0):
 Metaspace       used 101518K, committed 104000K, reserved 1179648K
  class space    used 11365K, committed 12544K, reserved 1048576K
}
Event: 20.084 {metaspace Before GC invocations=35 (full 0):
 Metaspace       used 105176K, committed 107648K, reserved 1179648K
  class space    used 11759K, committed 12928K, reserved 1048576K
}
Event: 20.089 {metaspace After GC invocations=36 (full 0):
 Metaspace       used 105176K, committed 107648K, reserved 1179648K
  class space    used 11759K, committed 12928K, reserved 1048576K
}
Event: 21.185 {metaspace Before GC invocations=36 (full 0):
 Metaspace       used 105437K, committed 107968K, reserved 1179648K
  class space    used 11780K, committed 12992K, reserved 1048576K
}
Event: 21.193 {metaspace After GC invocations=37 (full 0):
 Metaspace       used 105437K, committed 107968K, reserved 1179648K
  class space    used 11780K, committed 12992K, reserved 1048576K
}
Event: 21.478 {metaspace Before GC invocations=37 (full 0):
 Metaspace       used 105929K, committed 108480K, reserved 1179648K
  class space    used 11827K, committed 13056K, reserved 1048576K
}
Event: 21.484 {metaspace After GC invocations=38 (full 0):
 Metaspace       used 105929K, committed 108480K, reserved 1179648K
  class space    used 11827K, committed 13056K, reserved 1048576K
}
Event: 22.079 {metaspace Before GC invocations=39 (full 0):
 Metaspace       used 107236K, committed 109824K, reserved 1179648K
  class space    used 12004K, committed 13248K, reserved 1048576K
}
Event: 22.086 {metaspace After GC invocations=40 (full 0):
 Metaspace       used 107236K, committed 109824K, reserved 1179648K
  class space    used 12004K, committed 13248K, reserved 1048576K
}
Event: 23.677 {metaspace Before GC invocations=40 (full 0):
 Metaspace       used 107837K, committed 110464K, reserved 1179648K
  class space    used 12051K, committed 13312K, reserved 1048576K
}
Event: 23.684 {metaspace After GC invocations=41 (full 0):
 Metaspace       used 107837K, committed 110464K, reserved 1179648K
  class space    used 12051K, committed 13312K, reserved 1048576K
}
Event: 24.041 {metaspace Before GC invocations=41 (full 0):
 Metaspace       used 107964K, committed 110592K, reserved 1179648K
  class space    used 12055K, committed 13312K, reserved 1048576K
}
Event: 24.047 {metaspace After GC invocations=42 (full 0):
 Metaspace       used 107964K, committed 110592K, reserved 1179648K
  class space    used 12055K, committed 13312K, reserved 1048576K
}
Event: 24.235 {metaspace Before GC invocations=43 (full 0):
 Metaspace       used 107965K, committed 110592K, reserved 1179648K
  class space    used 12056K, committed 13312K, reserved 1048576K
}
Event: 24.239 {metaspace After GC invocations=44 (full 0):
 Metaspace       used 107965K, committed 110592K, reserved 1179648K
  class space    used 12056K, committed 13312K, reserved 1048576K
}
Event: 24.584 {metaspace Before GC invocations=44 (full 0):
 Metaspace       used 108130K, committed 110784K, reserved 1179648K
  class space    used 12077K, committed 13312K, reserved 1048576K
}

Dll operation events (14 events):
Event: 0.010 Loaded shared library C:\Program Files\Java\jdk-25\bin\java.dll
Event: 0.064 Loaded shared library C:\Program Files\Java\jdk-25\bin\zip.dll
Event: 0.067 Loaded shared library C:\Program Files\Java\jdk-25\bin\instrument.dll
Event: 0.069 Loaded shared library C:\Program Files\Java\jdk-25\bin\net.dll
Event: 0.071 Loaded shared library C:\Program Files\Java\jdk-25\bin\nio.dll
Event: 0.073 Loaded shared library C:\Program Files\Java\jdk-25\bin\zip.dll
Event: 0.259 Loaded shared library C:\Program Files\Java\jdk-25\bin\jimage.dll
Event: 0.404 Loaded shared library C:\Program Files\Java\jdk-25\bin\verify.dll
Event: 0.423 Loaded shared library C:\Users\USER\.gradle\native\660c5614fbf4a5f2a75b1949f50a0caf5cd603558e7d8a26e50b933a0cfb79d1\windows-amd64\native-platform.dll
Event: 0.430 Loaded shared library C:\Users\USER\.gradle\native\0.2.8\x86_64-windows-gnu\gradle-fileevents.dll
Event: 1.310 Loaded shared library C:\Program Files\Java\jdk-25\bin\management.dll
Event: 1.312 Loaded shared library C:\Program Files\Java\jdk-25\bin\management_ext.dll
Event: 1.440 Loaded shared library C:\Program Files\Java\jdk-25\bin\extnet.dll
Event: 1.615 Loaded shared library C:\Program Files\Java\jdk-25\bin\sunmscapi.dll

Deoptimization events (20 events):
Event: 24.420 Thread 0x0000016c2640e320 Uncommon trap: trap_request=0xffffffc6 fr.pc=0x0000016c106a7778 relative=0x0000000000001078
Event: 24.420 Thread 0x0000016c2640e320 Uncommon trap: reason=bimorphic_or_optimized_type_check action=maybe_recompile pc=0x0000016c106a7778 method=java.util.concurrent.ConcurrentHashMap.putVal(Ljava/lang/Object;Ljava/lang/Object;Z)Ljava/lang/Object; @ 159 c2
Event: 24.420 Thread 0x0000016c2640e320 DEOPT PACKING pc=0x0000016c106a7778 sp=0x00000020888f6dd0
Event: 24.420 Thread 0x0000016c2640e320 DEOPT UNPACKING pc=0x0000016c0fd6fc02 sp=0x00000020888f6d50 mode 2
Event: 24.457 Thread 0x0000016c2640e320 DEOPT PACKING pc=0x0000016c0084d5a8 sp=0x00000020888f7680
Event: 24.457 Thread 0x0000016c2640e320 DEOPT UNPACKING pc=0x0000016c0fca1702 sp=0x00000020888f6bb8 mode 0
Event: 24.458 Thread 0x0000016c2640e320 DEOPT PACKING pc=0x0000016c0084d5a8 sp=0x00000020888f7680
Event: 24.458 Thread 0x0000016c2640e320 DEOPT UNPACKING pc=0x0000016c0fca1702 sp=0x00000020888f6bb8 mode 0
Event: 24.531 Thread 0x0000016c2640cbb0 Uncommon trap: trap_request=0xffffffde fr.pc=0x0000016c1098adfc relative=0x00000000000005fc
Event: 24.531 Thread 0x0000016c2640cbb0 Uncommon trap: reason=class_check action=maybe_recompile pc=0x0000016c1098adfc method=java.util.HashMap.removeNode(ILjava/lang/Object;Ljava/lang/Object;ZZ)Ljava/util/HashMap$Node; @ 68 c2
Event: 24.531 Thread 0x0000016c2640cbb0 DEOPT PACKING pc=0x0000016c1098adfc sp=0x0000002088bff2d0
Event: 24.531 Thread 0x0000016c2640cbb0 DEOPT UNPACKING pc=0x0000016c0fd6fc02 sp=0x0000002088bff1c8 mode 2
Event: 24.538 Thread 0x0000016c2640cbb0 Uncommon trap: trap_request=0xffffffde fr.pc=0x0000016c1098adfc relative=0x00000000000005fc
Event: 24.538 Thread 0x0000016c2640cbb0 Uncommon trap: reason=class_check action=maybe_recompile pc=0x0000016c1098adfc method=java.util.HashMap.removeNode(ILjava/lang/Object;Ljava/lang/Object;ZZ)Ljava/util/HashMap$Node; @ 68 c2
Event: 24.538 Thread 0x0000016c2640cbb0 DEOPT PACKING pc=0x0000016c1098adfc sp=0x0000002088bff240
Event: 24.538 Thread 0x0000016c2640cbb0 DEOPT UNPACKING pc=0x0000016c0fd6fc02 sp=0x0000002088bff138 mode 2
Event: 24.540 Thread 0x0000016c2640cbb0 Uncommon trap: trap_request=0xffffffde fr.pc=0x0000016c108cc420 relative=0x00000000000005a0
Event: 24.540 Thread 0x0000016c2640cbb0 Uncommon trap: reason=class_check action=maybe_recompile pc=0x0000016c108cc420 method=java.util.HashMap.removeNode(ILjava/lang/Object;Ljava/lang/Object;ZZ)Ljava/util/HashMap$Node; @ 68 c2
Event: 24.540 Thread 0x0000016c2640cbb0 DEOPT PACKING pc=0x0000016c108cc420 sp=0x0000002088bff1a0
Event: 24.540 Thread 0x0000016c2640cbb0 DEOPT UNPACKING pc=0x0000016c0fd6fc02 sp=0x0000002088bff138 mode 2

Classes loaded (20 events):
Event: 22.137 Loading class java/lang/BooleanBeanInfo
Event: 22.137 Loading class java/lang/BooleanBeanInfo done
Event: 22.137 Loading class java/lang/BooleanCustomizer
Event: 22.137 Loading class java/lang/BooleanCustomizer done
Event: 22.138 Loading class java/lang/BooleanCustomizer
Event: 22.138 Loading class java/lang/BooleanCustomizer done
Event: 22.138 Loading class jdk/internal/ValueBased
Event: 22.138 Loading class jdk/internal/ValueBased done
Event: 22.172 Loading class java/lang/EnumBeanInfo
Event: 22.172 Loading class java/lang/EnumBeanInfo done
Event: 22.173 Loading class java/lang/EnumBeanInfo
Event: 22.173 Loading class java/lang/EnumBeanInfo done
Event: 22.173 Loading class java/lang/EnumCustomizer
Event: 22.173 Loading class java/lang/EnumCustomizer done
Event: 22.173 Loading class java/lang/EnumCustomizer
Event: 22.173 Loading class java/lang/EnumCustomizer done
Event: 23.731 Loading class java/util/Collections$ReverseComparator
Event: 23.731 Loading class java/util/Collections$ReverseComparator done
Event: 23.731 Loading class java/util/Collections$ReverseComparator2
Event: 23.731 Loading class java/util/Collections$ReverseComparator2 done

Classes unloaded (0 events):
No events

Classes redefined (0 events):
No events

Internal exceptions (20 events):
Event: 22.168 Thread 0x0000016c2640e320 Exception <a 'java/lang/ClassNotFoundException'{0x000000060b69db70}: com/android/build/gradle/internal/dsl/CmakeOptions$AgpDecorated_DecoratedBeanInfo> (0x000000060b69db70) 
thrown [s\open\src\hotspot\share\classfile\systemDictionary.cpp, line 327]
Event: 22.168 Thread 0x0000016c2640e320 Exception <a 'java/lang/ClassNotFoundException'{0x000000060b6ab438}: com/android/build/gradle/internal/dsl/CmakeOptions$AgpDecoratedBeanInfo> (0x000000060b6ab438) 
thrown [s\open\src\hotspot\share\classfile\systemDictionary.cpp, line 327]
Event: 22.168 Thread 0x0000016c2640e320 Exception <a 'java/lang/ClassNotFoundException'{0x000000060b6b8c98}: com/android/build/gradle/internal/dsl/CmakeOptionsBeanInfo> (0x000000060b6b8c98) 
thrown [s\open\src\hotspot\share\classfile\systemDictionary.cpp, line 327]
Event: 22.168 Thread 0x0000016c2640e320 Exception <a 'java/lang/ClassNotFoundException'{0x000000060b6c64c8}: com/android/build/gradle/internal/dsl/CmakeOptionsCustomizer> (0x000000060b6c64c8) 
thrown [s\open\src\hotspot\share\classfile\systemDictionary.cpp, line 327]
Event: 22.169 Thread 0x0000016c2640e320 Exception <a 'java/lang/ClassNotFoundException'{0x000000060b6d8bd0}: com/android/build/gradle/internal/dsl/CmakeOptions$AgpDecoratedCustomizer> (0x000000060b6d8bd0) 
thrown [s\open\src\hotspot\share\classfile\systemDictionary.cpp, line 327]
Event: 22.169 Thread 0x0000016c2640e320 Exception <a 'java/lang/ClassNotFoundException'{0x000000060b6ecf70}: com/android/build/gradle/internal/dsl/CmakeOptions$AgpDecorated_DecoratedCustomizer> (0x000000060b6ecf70) 
thrown [s\open\src\hotspot\share\classfile\systemDictionary.cpp, line 327]
Event: 22.172 Thread 0x0000016c2640e320 Exception <a 'java/lang/ClassNotFoundException'{0x000000060b73da78}: org/gradle/api/JavaVersionBeanInfo> (0x000000060b73da78) 
thrown [s\open\src\hotspot\share\classfile\systemDictionary.cpp, line 327]
Event: 22.173 Thread 0x0000016c2640e320 Exception <a 'java/lang/ClassNotFoundException'{0x000000060b746650}: java/lang/EnumBeanInfo> (0x000000060b746650) 
thrown [s\open\src\hotspot\share\classfile\systemDictionary.cpp, line 327]
Event: 22.173 Thread 0x0000016c2640e320 Exception <a 'java/lang/ClassNotFoundException'{0x000000060b74f1e8}: java/lang/EnumCustomizer> (0x000000060b74f1e8) 
thrown [s\open\src\hotspot\share\classfile\systemDictionary.cpp, line 327]
Event: 22.174 Thread 0x0000016c2640e320 Exception <a 'java/lang/ClassNotFoundException'{0x000000060b76c208}: org/gradle/api/JavaVersionCustomizer> (0x000000060b76c208) 
thrown [s\open\src\hotspot\share\classfile\systemDictionary.cpp, line 327]
Event: 22.178 Thread 0x0000016c2640e320 Exception <a 'java/lang/ClassNotFoundException'{0x000000060b7d65c0}: com/android/build/gradle/internal/CompileOptions$AgpDecorated_DecoratedBeanInfo> (0x000000060b7d65c0) 
thrown [s\open\src\hotspot\share\classfile\systemDictionary.cpp, line 327]
Event: 22.178 Thread 0x0000016c2640e320 Exception <a 'java/lang/ClassNotFoundException'{0x000000060b7e2bb0}: com/android/build/gradle/internal/CompileOptions$AgpDecoratedBeanInfo> (0x000000060b7e2bb0) 
thrown [s\open\src\hotspot\share\classfile\systemDictionary.cpp, line 327]
Event: 22.178 Thread 0x0000016c2640e320 Exception <a 'java/lang/ClassNotFoundException'{0x000000060b7ef110}: com/android/build/gradle/internal/CompileOptionsBeanInfo> (0x000000060b7ef110) 
thrown [s\open\src\hotspot\share\classfile\systemDictionary.cpp, line 327]
Event: 22.178 Thread 0x0000016c2640e320 Exception <a 'java/lang/ClassNotFoundException'{0x000000060b7fb660}: com/android/build/gradle/internal/CompileOptionsCustomizer> (0x000000060b7fb660) 
thrown [s\open\src\hotspot\share\classfile\systemDictionary.cpp, line 327]
Event: 22.179 Thread 0x0000016c2640e320 Exception <a 'java/lang/ClassNotFoundException'{0x000000060b013b60}: com/android/build/gradle/internal/CompileOptions$AgpDecoratedCustomizer> (0x000000060b013b60) 
thrown [s\open\src\hotspot\share\classfile\systemDictionary.cpp, line 327]
Event: 22.179 Thread 0x0000016c2640e320 Exception <a 'java/lang/ClassNotFoundException'{0x000000060b0239c8}: com/android/build/gradle/internal/CompileOptions$AgpDecorated_DecoratedCustomizer> (0x000000060b0239c8) 
thrown [s\open\src\hotspot\share\classfile\systemDictionary.cpp, line 327]
Event: 23.482 Thread 0x0000016c2640e320 Exception <a 'java/lang/ClassNotFoundException'{0x00000006099eb2e0}: build_a3ldr862sa1wa5xnz7fcffbc9BeanInfo> (0x00000006099eb2e0) 
thrown [s\open\src\hotspot\share\classfile\systemDictionary.cpp, line 327]
Event: 23.482 Thread 0x0000016c2640e320 Exception <a 'java/lang/ClassNotFoundException'{0x00000006099f2698}: build_a3ldr862sa1wa5xnz7fcffbc9Customizer> (0x00000006099f2698) 
thrown [s\open\src\hotspot\share\classfile\systemDictionary.cpp, line 327]
Event: 23.494 Thread 0x0000016c2640e320 Exception <a 'java/lang/ClassNotFoundException'{0x0000000609af4e78}: build_a3ldr862sa1wa5xnz7fcffbc9BeanInfo> (0x0000000609af4e78) 
thrown [s\open\src\hotspot\share\classfile\systemDictionary.cpp, line 327]
Event: 23.495 Thread 0x0000016c2640e320 Exception <a 'java/lang/ClassNotFoundException'{0x0000000609afc1d0}: build_a3ldr862sa1wa5xnz7fcffbc9Customizer> (0x0000000609afc1d0) 
thrown [s\open\src\hotspot\share\classfile\systemDictionary.cpp, line 327]

VM Operations (20 events):
Event: 21.193 Executing safepoint VM operation: G1CollectForAllocation (G1 Evacuation Pause) done
Event: 21.478 Executing safepoint VM operation: G1CollectForAllocation (G1 Evacuation Pause)
Event: 21.484 Executing safepoint VM operation: G1CollectForAllocation (G1 Evacuation Pause) done
Event: 21.537 Executing safepoint VM operation: G1PauseRemark
Event: 21.542 Executing safepoint VM operation: G1PauseRemark done
Event: 21.559 Executing safepoint VM operation: G1PauseCleanup
Event: 21.559 Executing safepoint VM operation: G1PauseCleanup done
Event: 22.079 Executing safepoint VM operation: G1CollectForAllocation (G1 Evacuation Pause)
Event: 22.086 Executing safepoint VM operation: G1CollectForAllocation (G1 Evacuation Pause) done
Event: 23.677 Executing safepoint VM operation: G1CollectForAllocation (G1 Evacuation Pause)
Event: 23.684 Executing safepoint VM operation: G1CollectForAllocation (G1 Evacuation Pause) done
Event: 24.041 Executing safepoint VM operation: G1CollectForAllocation (G1 Evacuation Pause)
Event: 24.047 Executing safepoint VM operation: G1CollectForAllocation (G1 Evacuation Pause) done
Event: 24.157 Executing safepoint VM operation: G1PauseRemark
Event: 24.162 Executing safepoint VM operation: G1PauseRemark done
Event: 24.196 Executing safepoint VM operation: G1PauseCleanup
Event: 24.196 Executing safepoint VM operation: G1PauseCleanup done
Event: 24.235 Executing safepoint VM operation: G1CollectForAllocation (G1 Evacuation Pause)
Event: 24.239 Executing safepoint VM operation: G1CollectForAllocation (G1 Evacuation Pause) done
Event: 24.584 Executing safepoint VM operation: G1CollectForAllocation (G1 Evacuation Pause)

Memory protections (0 events):
No events

Nmethod flushes (20 events):
Event: 24.161 Thread 0x0000016c78360020 flushing  nmethod 0x0000016c00a2d808
Event: 24.161 Thread 0x0000016c78360020 flushing  nmethod 0x0000016c00a2fb08
Event: 24.161 Thread 0x0000016c78360020 flushing  nmethod 0x0000016c00bf1a08
Event: 24.161 Thread 0x0000016c78360020 flushing  nmethod 0x0000016c00d3b008
Event: 24.161 Thread 0x0000016c78360020 flushing  nmethod 0x0000016c00d3b608
Event: 24.161 Thread 0x0000016c78360020 flushing  nmethod 0x0000016c103ab388
Event: 24.161 Thread 0x0000016c78360020 flushing  nmethod 0x0000016c000a1c08
Event: 24.161 Thread 0x0000016c78360020 flushing  nmethod 0x0000016c0017c208
Event: 24.161 Thread 0x0000016c78360020 flushing  nmethod 0x0000016c002f7e08
Event: 24.161 Thread 0x0000016c78360020 flushing  nmethod 0x0000016c00748088
Event: 24.161 Thread 0x0000016c78360020 flushing  nmethod 0x0000016c0074e608
Event: 24.161 Thread 0x0000016c78360020 flushing  nmethod 0x0000016c007fe808
Event: 24.161 Thread 0x0000016c78360020 flushing  nmethod 0x0000016c0093ec88
Event: 24.161 Thread 0x0000016c78360020 flushing  nmethod 0x0000016c009ddd88
Event: 24.161 Thread 0x0000016c78360020 flushing  nmethod 0x0000016c009dfd08
Event: 24.161 Thread 0x0000016c78360020 flushing  nmethod 0x0000016c009e0008
Event: 24.161 Thread 0x0000016c78360020 flushing  nmethod 0x0000016c009e1008
Event: 24.161 Thread 0x0000016c78360020 flushing  nmethod 0x0000016c00a34788
Event: 24.161 Thread 0x0000016c78360020 flushing  nmethod 0x0000016c00a37d88
Event: 24.161 Thread 0x0000016c78360020 flushing  nmethod 0x0000016c00f9f488

Events (20 events):
Event: 20.963 Thread 0x0000016c2640e320 Thread added: 0x0000016c2799f300
Event: 20.963 Thread 0x0000016c2640e320 Thread added: 0x0000016c272c4cf0
Event: 20.963 Thread 0x0000016c2640e320 Thread added: 0x0000016c291a0660
Event: 20.963 Thread 0x0000016c2640e320 Thread added: 0x0000016c2919d780
Event: 20.963 Thread 0x0000016c2640e320 Thread added: 0x0000016c2919df50
Event: 20.963 Thread 0x0000016c2640e320 Thread added: 0x0000016c2919f6c0
Event: 20.976 Thread 0x0000016c2640e320 Thread added: 0x0000016c2919eef0
Event: 20.976 Thread 0x0000016c2640e320 Thread added: 0x0000016c291a3540
Event: 20.977 Thread 0x0000016c2640e320 Thread added: 0x0000016c291a6420
Event: 20.977 Thread 0x0000016c2640e320 Thread added: 0x0000016c291a4cb0
Event: 20.978 Thread 0x0000016c2640e320 Thread added: 0x0000016c291a2d70
Event: 20.978 Thread 0x0000016c2640e320 Thread added: 0x0000016c291a9300
Event: 20.979 Thread 0x0000016c2640e320 Thread added: 0x0000016c291aa2a0
Event: 20.980 Thread 0x0000016c2640e320 Thread added: 0x0000016c291a9ad0
Event: 20.980 Thread 0x0000016c2640e320 Thread added: 0x0000016c291a6bf0
Event: 20.981 Thread 0x0000016c2640e320 Thread added: 0x0000016c291ae120
Event: 21.911 Thread 0x0000016c2640e320 Thread added: 0x0000016c291ae8f0
Event: 23.474 Thread 0x0000016c27d9dbc0 Thread exited: 0x0000016c27d9dbc0
Event: 23.474 Thread 0x0000016c27da0c20 Thread exited: 0x0000016c27da0c20
Event: 23.497 Thread 0x0000016c7838eae0 Thread added: 0x0000016c2a100190


Dynamic libraries:
0x00007ff6cce50000 - 0x00007ff6cce60000 	C:\Program Files\Java\jdk-25\bin\java.exe
0x00007ffe64940000 - 0x00007ffe64ba7000 	C:\WINDOWS\SYSTEM32\ntdll.dll
0x00007ffe63a10000 - 0x00007ffe63adb000 	C:\WINDOWS\System32\KERNEL32.DLL
0x00007ffe61ec0000 - 0x00007ffe622c2000 	C:\WINDOWS\System32\KERNELBASE.dll
0x00007ffe622d0000 - 0x00007ffe6241c000 	C:\WINDOWS\System32\ucrtbase.dll
0x00007ffe55db0000 - 0x00007ffe55dc7000 	C:\Program Files\Java\jdk-25\bin\jli.dll
0x00007ffe55d90000 - 0x00007ffe55dae000 	C:\Program Files\Java\jdk-25\bin\VCRUNTIME140.dll
0x00007ffe645a0000 - 0x00007ffe6476f000 	C:\WINDOWS\System32\USER32.dll
0x00007ffe4b400000 - 0x00007ffe4b690000 	C:\WINDOWS\WinSxS\amd64_microsoft.windows.common-controls_6595b64144ccf1df_6.0.26100.9278_none_3e0d1ba8e3303201\COMCTL32.dll
0x00007ffe61e90000 - 0x00007ffe61eb7000 	C:\WINDOWS\System32\win32u.dll
0x00007ffe64780000 - 0x00007ffe64829000 	C:\WINDOWS\System32\msvcrt.dll
0x00007ffe64490000 - 0x00007ffe644bb000 	C:\WINDOWS\System32\GDI32.dll
0x00007ffe61d60000 - 0x00007ffe61e89000 	C:\WINDOWS\System32\gdi32full.dll
0x00007ffe62430000 - 0x00007ffe624d3000 	C:\WINDOWS\System32\msvcp_win.dll
0x00007ffe627e0000 - 0x00007ffe62811000 	C:\WINDOWS\System32\IMM32.DLL
0x00007ffe55cf0000 - 0x00007ffe55cfc000 	C:\Program Files\Java\jdk-25\bin\vcruntime140_1.dll
0x00007ffe55c60000 - 0x00007ffe55ced000 	C:\Program Files\Java\jdk-25\bin\msvcp140.dll
0x00007ffe393f0000 - 0x00007ffe3a24f000 	C:\Program Files\Java\jdk-25\bin\server\jvm.dll
0x00007ffe64830000 - 0x00007ffe648ec000 	C:\WINDOWS\System32\ADVAPI32.dll
0x00007ffe63960000 - 0x00007ffe63a09000 	C:\WINDOWS\System32\sechost.dll
0x00007ffe62a30000 - 0x00007ffe62b48000 	C:\WINDOWS\System32\RPCRT4.dll
0x00007ffe64510000 - 0x00007ffe64590000 	C:\WINDOWS\System32\WS2_32.dll
0x00007ffe619a0000 - 0x00007ffe619fe000 	C:\WINDOWS\SYSTEM32\POWRPROF.dll
0x00007ffe58fd0000 - 0x00007ffe59006000 	C:\WINDOWS\SYSTEM32\WINMM.dll
0x00007ffe5f090000 - 0x00007ffe5f09b000 	C:\WINDOWS\SYSTEM32\VERSION.dll
0x00007ffe61980000 - 0x00007ffe61995000 	C:\WINDOWS\SYSTEM32\UMPDC.dll
0x00007ffe607d0000 - 0x00007ffe607eb000 	C:\WINDOWS\SYSTEM32\kernel.appcore.dll
0x00007ffe3a880000 - 0x00007ffe3a88a000 	C:\Program Files\Java\jdk-25\bin\jimage.dll
0x00007ffe52b30000 - 0x00007ffe52d7c000 	C:\WINDOWS\SYSTEM32\DBGHELP.DLL
0x00007ffe62b50000 - 0x00007ffe62ed5000 	C:\WINDOWS\System32\combase.dll
0x00007ffe62700000 - 0x00007ffe627d9000 	C:\WINDOWS\System32\OLEAUT32.dll
0x00007ffe45f40000 - 0x00007ffe45f7b000 	C:\WINDOWS\SYSTEM32\dbgcore.DLL
0x00007ffe624e0000 - 0x00007ffe6258c000 	C:\WINDOWS\System32\bcryptPrimitives.dll
0x00007ffe55c50000 - 0x00007ffe55c60000 	C:\Program Files\Java\jdk-25\bin\instrument.dll
0x00007ffe386c0000 - 0x00007ffe386df000 	C:\Program Files\Java\jdk-25\bin\java.dll
0x00007ffe637c0000 - 0x00007ffe6395a000 	C:\WINDOWS\System32\ole32.dll
0x00007ffe62f60000 - 0x00007ffe636f8000 	C:\WINDOWS\System32\SHELL32.dll
0x00007ffe5f560000 - 0x00007ffe5fe0e000 	C:\WINDOWS\SYSTEM32\windows.storage.dll
0x00007ffe62930000 - 0x00007ffe62a2b000 	C:\WINDOWS\System32\SHCORE.dll
0x00007ffe63f80000 - 0x00007ffe63fe6000 	C:\WINDOWS\System32\shlwapi.dll
0x00007ffe61a60000 - 0x00007ffe61a89000 	C:\WINDOWS\SYSTEM32\profapi.dll
0x00007ffe37b00000 - 0x00007ffe37b17000 	C:\Program Files\Java\jdk-25\bin\zip.dll
0x00007ffe38880000 - 0x00007ffe38892000 	C:\Program Files\Java\jdk-25\bin\net.dll
0x00007ffe60d70000 - 0x00007ffe60ddc000 	C:\WINDOWS\system32\mswsock.dll
0x00007ffe38860000 - 0x00007ffe38876000 	C:\Program Files\Java\jdk-25\bin\nio.dll
0x00007ffe55c40000 - 0x00007ffe55c50000 	C:\Program Files\Java\jdk-25\bin\verify.dll
0x00007ffe55fc0000 - 0x00007ffe55fe7000 	C:\Users\USER\.gradle\native\660c5614fbf4a5f2a75b1949f50a0caf5cd603558e7d8a26e50b933a0cfb79d1\windows-amd64\native-platform.dll
0x00007ffe55e80000 - 0x00007ffe55ef7000 	C:\Users\USER\.gradle\native\0.2.8\x86_64-windows-gnu\gradle-fileevents.dll
0x00007ffe39090000 - 0x00007ffe3909a000 	C:\Program Files\Java\jdk-25\bin\management.dll
0x00007ffe38e00000 - 0x00007ffe38e0c000 	C:\Program Files\Java\jdk-25\bin\management_ext.dll
0x00007ffe626c0000 - 0x00007ffe626c8000 	C:\WINDOWS\System32\PSAPI.DLL
0x00007ffe60180000 - 0x00007ffe601b3000 	C:\WINDOWS\SYSTEM32\IPHLPAPI.DLL
0x00007ffe64480000 - 0x00007ffe6448a000 	C:\WINDOWS\System32\NSI.dll
0x00007ffe38df0000 - 0x00007ffe38df9000 	C:\Program Files\Java\jdk-25\bin\extnet.dll
0x00007ffe61190000 - 0x00007ffe611ab000 	C:\WINDOWS\SYSTEM32\CRYPTSP.dll
0x00007ffe60730000 - 0x00007ffe60769000 	C:\WINDOWS\system32\rsaenh.dll
0x00007ffe60e20000 - 0x00007ffe60e54000 	C:\WINDOWS\SYSTEM32\USERENV.dll
0x00007ffe61a30000 - 0x00007ffe61a5a000 	C:\WINDOWS\SYSTEM32\bcrypt.dll
0x00007ffe60fd0000 - 0x00007ffe60fdc000 	C:\WINDOWS\SYSTEM32\CRYPTBASE.dll
0x00007ffe38850000 - 0x00007ffe3885e000 	C:\Program Files\Java\jdk-25\bin\sunmscapi.dll
0x00007ffe61b40000 - 0x00007ffe61cbe000 	C:\WINDOWS\System32\CRYPT32.dll
0x00007ffe61300000 - 0x00007ffe61330000 	C:\WINDOWS\SYSTEM32\ncrypt.dll
0x00007ffe612b0000 - 0x00007ffe612ef000 	C:\WINDOWS\SYSTEM32\NTASN1.dll
0x00007ffe380c0000 - 0x00007ffe380c8000 	C:\WINDOWS\system32\wshunix.dll

JVMTI agents:
C:\Users\USER\.gradle\wrapper\dists\gradle-9.3.1-all\9ot9r568e8zfvvd4mn8rbu1j0\gradle-9.3.1\lib\agents\gradle-instrumentation-agent-9.3.1.jar path:C:\Program Files\Java\jdk-25\bin\instrument.dll, loaded, initialized, instrumentlib options:none

dbghelp: loaded successfully - version: 4.0.5 - missing functions: none
symbol engine: initialized successfully - sym options: 0x614 - pdb path: .;C:\Program Files\Java\jdk-25\bin;C:\WINDOWS\SYSTEM32;C:\WINDOWS\WinSxS\amd64_microsoft.windows.common-controls_6595b64144ccf1df_6.0.26100.9278_none_3e0d1ba8e3303201;C:\Program Files\Java\jdk-25\bin\server;C:\Users\USER\.gradle\native\660c5614fbf4a5f2a75b1949f50a0caf5cd603558e7d8a26e50b933a0cfb79d1\windows-amd64;C:\Users\USER\.gradle\native\0.2.8\x86_64-windows-gnu

VM Arguments:
jvm_args: --add-opens=java.base/java.lang=ALL-UNNAMED --add-opens=java.base/java.lang.invoke=ALL-UNNAMED --add-opens=java.base/java.util=ALL-UNNAMED --add-opens=java.prefs/java.util.prefs=ALL-UNNAMED --add-exports=jdk.compiler/com.sun.tools.javac.api=ALL-UNNAMED --add-exports=jdk.compiler/com.sun.tools.javac.util=ALL-UNNAMED --add-opens=java.base/java.util=ALL-UNNAMED --add-opens=java.prefs/java.util.prefs=ALL-UNNAMED --add-opens=java.base/java.nio.charset=ALL-UNNAMED --add-opens=java.base/java.net=ALL-UNNAMED --add-opens=java.base/java.util.concurrent=ALL-UNNAMED --add-opens=java.base/java.util.concurrent.atomic=ALL-UNNAMED --add-opens=java.xml/javax.xml.namespace=ALL-UNNAMED --add-opens=java.base/java.time=ALL-UNNAMED --enable-native-access=ALL-UNNAMED -XX:MaxMetaspaceSize=4G -XX:ReservedCodeCacheSize=512m -XX:+HeapDumpOnOutOfMemoryError -Xmx8G -Dfile.encoding=UTF-8 -Duser.country=US -Duser.language=en -Duser.variant -javaagent:C:\Users\USER\.gradle\wrapper\dists\gradle-9.3.1-all\9ot9r568e8zfvvd4mn8rbu1j0\gradle-9.3.1\lib\agents\gradle-instrumentation-agent-9.3.1.jar 
java_command: org.gradle.launcher.daemon.bootstrap.GradleDaemon 9.3.1
java_class_path (initial): C:\Users\USER\.gradle\wrapper\dists\gradle-9.3.1-all\9ot9r568e8zfvvd4mn8rbu1j0\gradle-9.3.1\lib\gradle-daemon-main-9.3.1.jar
Launcher Type: SUN_STANDARD

[Global flags]
     intx CICompilerCount                          = 12                                        {product} {ergonomic}
     uint ConcGCThreads                            = 3                                         {product} {ergonomic}
     uint G1ConcRefinementThreads                  = 13                                        {product} {ergonomic}
   size_t G1HeapRegionSize                         = 4194304                                   {product} {ergonomic}
     bool HeapDumpOnOutOfMemoryError               = true                                   {manageable} {command line}
   size_t InitialHeapSize                          = 234881024                                 {product} {ergonomic}
   size_t MarkStackSize                            = 4194304                                   {product} {ergonomic}
   size_t MarkStackSizeMax                         = 536870912                                 {product} {ergonomic}
   size_t MaxHeapSize                              = 8589934592                                {product} {command line}
   size_t MaxMetaspaceSize                         = 4294967296                                {product} {command line}
   size_t MaxNewSize                               = 5150605312                                {product} {ergonomic}
   size_t MinHeapDeltaBytes                        = 4194304                                   {product} {ergonomic}
   size_t MinHeapSize                              = 8388608                                   {product} {ergonomic}
    uintx NonNMethodCodeHeapSize                   = 7602176                                {pd product} {ergonomic}
    uintx NonProfiledCodeHeapSize                  = 264699904                              {pd product} {ergonomic}
    uintx ProfiledCodeHeapSize                     = 264568832                              {pd product} {ergonomic}
    uintx ReservedCodeCacheSize                    = 536870912                              {pd product} {command line, ergonomic}
     bool SegmentedCodeCache                       = true                                      {product} {ergonomic}
   size_t SoftMaxHeapSize                          = 8589934592                             {manageable} {ergonomic}
     bool UseCompressedOops                        = true                           {product lp64_product} {ergonomic}
     bool UseG1GC                                  = true                                      {product} {ergonomic}
     bool UseLargePagesIndividualAllocation        = false                                  {pd product} {ergonomic}

Logging:
Log output configuration:
 #0: stdout all=warning uptime,level,tags foldmultilines=false
 #1: stderr all=off uptime,level,tags foldmultilines=false

Release file:
IMPLEMENTOR="Oracle Corporation" 
JAVA_RUNTIME_VERSION="25.0.1+8-LTS-27" 
JAVA_VERSION="25.0.1" 
JAVA_VERSION_DATE="2025-10-21" 
LIBC="default" 
MODULES="java.base java.compiler java.datatransfer java.xml java.prefs java.desktop java.instrument java.logging java.management java.security.sasl java.naming java.rmi java.management.rmi java.net.http java.scripting java.security.jgss java.transaction.xa java.sql java.sql.rowset java.xml.crypto java.se java.smartcardio jdk.accessibility jdk.internal.jvmstat jdk.attach jdk.charsets jdk.internal.opt jdk.zipfs jdk.compiler jdk.crypto.cryptoki jdk.crypto.ec jdk.crypto.mscapi jdk.dynalink jdk.internal.ed jdk.editpad jdk.internal.vm.ci jdk.graal.compiler jdk.graal.compiler.management jdk.hotspot.agent jdk.httpserver jdk.incubator.vector jdk.internal.le jdk.internal.md jdk.jartool jdk.javadoc jdk.jcmd jdk.management jdk.management.agent jdk.jconsole jdk.jdeps jdk.jdwp.agent jdk.jdi jdk.jfr jdk.jlink jdk.jpackage jdk.jshell jdk.jsobject jdk.jstatd jdk.localedata jdk.management.jfr jdk.naming.dns jdk.naming.rmi jdk.net jdk.nio.mapmode jdk.sctp jdk.security.auth jdk.security.jgss jdk.unsupported jdk.unsupported.desktop jdk.xml.dom" 
OS_ARCH="x86_64" 
OS_NAME="Windows" 
SOURCE=".:git:862c85bc42b7 open:git:78770bfaefd2" 

Environment Variables:
JAVA_HOME=C:\Program Files\Java\jdk-25
PATH=C:\app\USER\product\21c\dbhomeXE\bin;C:\Program Files\Common Files\Oracle\Java\javapath;C:\WINDOWS\system32;C:\WINDOWS;C:\WINDOWS\System32\Wbem;C:\WINDOWS\System32\WindowsPowerShell\v1.0\;C:\WINDOWS\System32\OpenSSH\;C:\Program Files\MySQL\MySQL Server 8.0\bin;C:\Program Files\dotnet\;C:\Program Files\Git\cmd;C:\Users\USER\AppData\Local\nvm;C:\nvm4w\nodejs;D:\R-4.5.1\bin;C:\Program Files\Java\jdk-25\bin;C:\Users\USER\Downloads\sqldeveloper-24.3.1.347.1826-x64\sqldeveloper\jdk\jre\bin;C:\Program Files\MySQL\MySQL Server 8.0\bin;C:\Users\USER\AppData\Local\Python\pythoncore-3.14-64\Scripts;C:\Program Files\MySQL\MySQL Shell 8.0\bin\;d:\cursor\resources\app\codeBin;C:\Users\USER\AppData\Local\Microsoft\WindowsApps;C:\Users\USER\AppData\Local\GitHubDesktop\bin;C:\Users\USER\.dotnet\tools;C:\Users\USER\AppData\Local\Programs\Microsoft VS Code\bin;C:\Users\USER\AppData\Roaming\npm;C:\ProgramData\USER\GitHubDesktop\bin;C:\Users\USER\AppData\Local\nvm;C:\nvm4w\nodejs;D:\New folder (2)\Windsurf\bin;C:\Users\USER\AppData\Local\Python\bin;C:\Program Files\JetBrains\IntelliJ IDEA 2025.3.2\bin;D:\Antigravity IDE\bin;C:\src\flutter\bin;
USERNAME=USER
OS=Windows_NT
PROCESSOR_IDENTIFIER=AMD64 Family 25 Model 80 Stepping 0, AuthenticAMD
TMP=C:\Users\USER\AppData\Local\Temp
TEMP=C:\Users\USER\AppData\Local\Temp




Compilation memory statistics disabled.

Periodic native trim disabled

---------------  S Y S T E M  ---------------

OS:
 Windows 11 , 64 bit Build 26100 (10.0.26100.9444)
OS uptime: 0 days 0:22 hours
Hyper-V role detected

CPU: total 16 (initial active 16) (16 cores per cpu, 2 threads per core) family 25 model 80 stepping 0 microcode 0xa50000f, cx8, cmov, fxsr, ht, mmx, 3dnowpref, sse, sse2, sse3, ssse3, sse4a, sse4.1, sse4.2, popcnt, lzcnt, tsc, tscinvbit, avx, avx2, aes, erms, clmul, bmi1, bmi2, adx, sha, fma, vzeroupper, clflush, clflushopt, clwb, hv, rdtscp, rdpid, fsrm, f16c, cet_ss
Processor Information for the first 16 processors :
  Max Mhz: 2000, Current Mhz: 2000, Mhz Limit: 2000

Memory: 4k page, system-wide physical 14173M (386M free)
TotalPageFile size 22365M (AvailPageFile size 67M)
current process WorkingSet (physical memory assigned to process): 554M, peak: 554M
current process commit charge ("private bytes"): 621M, peak: 689M

vm_info: Java HotSpot(TM) 64-Bit Server VM (25.0.1+8-LTS-27) for windows-amd64 JRE (25.0.1+8-LTS-27), built on 2025-09-25T16:41:16Z with unknown MS VC++:1943

END.
