#
# There is insufficient memory for the Java Runtime Environment to continue.
# Native memory allocation (mmap) failed to map 65536 bytes. Error detail: Failed to commit metaspace.
# Possible reasons:
#   The system is out of physical RAM or swap space
#   This process is running with CompressedOops enabled, and the Java Heap may be blocking the growth of the native heap
# Possible solutions:
#   Reduce memory load on the system
#   Increase physical memory or swap space
#   Check if swap backing store is full
#   Decrease Java heap size (-Xmx/-Xms)
#   Decrease number of Java threads
#   Decrease Java thread stack sizes (-Xss)
#   Set larger code cache with -XX:ReservedCodeCacheSize=
#   JVM is running with Unscaled Compressed Oops mode in which the Java heap is
#     placed in the first 4GB address space. The Java Heap base address is the
#     maximum limit for the native heap growth. Please use -XX:HeapBaseMinAddress
#     to set the Java Heap base and to place the Java Heap above 4GB virtual address.
# This output file may be truncated or incomplete.
#
#  Out of Memory Error (virtualSpaceNode.cpp:113), pid=2396, tid=20568
#
# JRE version: OpenJDK Runtime Environment Temurin-21.0.12.1+1 (21.0.12.1+1) (build 21.0.12.1+1-LTS)
# Java VM: OpenJDK 64-Bit Server VM Temurin-21.0.12.1+1 (21.0.12.1+1-LTS, mixed mode, sharing, tiered, compressed oops, compressed class ptrs, parallel gc, windows-amd64)
# No core dump will be written. Minidumps are not enabled by default on client versions of Windows
#

---------------  S U M M A R Y ------------

Command Line: --add-modules=ALL-SYSTEM --add-opens=java.base/java.util=ALL-UNNAMED --add-opens=java.base/java.lang=ALL-UNNAMED --add-opens=java.base/sun.nio.fs=ALL-UNNAMED -Declipse.application=org.eclipse.jdt.ls.core.id1 -Dosgi.bundles.defaultStartLevel=4 -Declipse.product=org.eclipse.jdt.ls.core.product -Djava.import.generatesMetadataFilesAtProjectRoot=false -Dm2e.project.cache.size=50 -DDetectVMInstallationsJob.disabled=true -Dfile.encoding=utf8 -XX:+UseParallelGC -XX:GCTimeRatio=4 -XX:AdaptiveSizePolicyWeight=90 -Dsun.zip.disableMemoryMapping=true -Xmx2G -Xms100m -Xlog:disable -javaagent:c:\Users\USER\.antigravity-ide\extensions\redhat.java-1.56.0-win32-x64\lombok\lombok-1.18.39-4050.jar c:\Users\USER\.antigravity-ide\extensions\redhat.java-1.56.0-win32-x64\server\plugins\org.eclipse.equinox.launcher_1.8.0.v20260804-1928.jar -configuration c:\Users\USER\AppData\Roaming\Antigravity IDE\User\globalStorage\redhat.java\1.56.0\config_ss_win -data c:\Users\USER\AppData\Roaming\Antigravity IDE\User\workspaceStorage\2377131e4495ebcd3a52215fcdae1dd4\redhat.java\ss_ws --pipe=\\.\pipe\lsp-c088ca5a67bb5676ab253b41d5fa241c-sock

Host: AMD Ryzen 7 7730U with Radeon Graphics         , 16 cores, 13G,  Windows 11 , 64 bit Build 26100 (10.0.26100.9444)
Time: Mon Oct  5 11:22:14 2026 Sri Lanka Standard Time elapsed time: 2.209426 seconds (0d 0h 0m 2s)

---------------  T H R E A D  ---------------

Current thread (0x0000013c07908cb0):  JavaThread "Start Level: Equinox Container: b77f6388-fd6a-4042-a090-3de2ca49682d" daemon [_thread_in_vm, id=20568, stack(0x0000001416600000,0x0000001416700000) (1024K)]

Stack: [0x0000001416600000,0x0000001416700000]
Native frames: (J=compiled Java code, j=interpreted, Vv=VM code, C=native code)
V  [jvm.dll+0x6d83e9]
V  [jvm.dll+0x8b5736]
V  [jvm.dll+0x8b7cee]
V  [jvm.dll+0x8b83d3]
V  [jvm.dll+0x284596]
V  [jvm.dll+0x8b147e]
V  [jvm.dll+0x679ad4]
V  [jvm.dll+0x679b3a]
V  [jvm.dll+0x67c336]
V  [jvm.dll+0x67c202]
V  [jvm.dll+0x67a4ae]
V  [jvm.dll+0x26f864]
V  [jvm.dll+0x21a11f]
V  [jvm.dll+0x20f80e]
V  [jvm.dll+0x5b6a7f]
V  [jvm.dll+0x2218ae]
V  [jvm.dll+0x82ec5d]
V  [jvm.dll+0x82fc8b]
V  [jvm.dll+0x830448]
V  [jvm.dll+0x21a9db]
V  [jvm.dll+0x20f827]
V  [jvm.dll+0x5b6a7f]
V  [jvm.dll+0x2218ae]
V  [jvm.dll+0x82ec5d]
V  [jvm.dll+0x82fc8b]
V  [jvm.dll+0x830448]
V  [jvm.dll+0x21a9db]
V  [jvm.dll+0x20f827]
V  [jvm.dll+0x5b6a7f]
V  [jvm.dll+0x2218ae]
V  [jvm.dll+0x82ec5d]
V  [jvm.dll+0x82fc8b]
V  [jvm.dll+0x830254]
V  [jvm.dll+0x82fee8]
V  [jvm.dll+0x271ebd]
V  [jvm.dll+0x3dd36e]
C  0x0000013c32db9274

The last pc belongs to new (printed below).
Java frames: (J=compiled Java code, j=interpreted, Vv=VM code)
j  com.sun.org.apache.xerces.internal.jaxp.SAXParserImpl.<init>(Lcom/sun/org/apache/xerces/internal/jaxp/SAXParserFactoryImpl;Ljava/util/Map;Z)V+33 java.xml@21.0.12.1
j  com.sun.org.apache.xerces.internal.jaxp.SAXParserFactoryImpl.newSAXParser()Ljavax/xml/parsers/SAXParser;+13 java.xml@21.0.12.1
j  org.apache.felix.scr.impl.BundleComponentActivator.loadDescriptor(Ljava/net/URL;)V+64
j  org.apache.felix.scr.impl.BundleComponentActivator.initialize(Ljava/util/List;)V+258
j  org.apache.felix.scr.impl.BundleComponentActivator.<init>(Lorg/apache/felix/scr/impl/logger/ScrLogger;Lorg/apache/felix/scr/impl/ComponentRegistry;Ljava/util/concurrent/ScheduledExecutorService;Lorg/osgi/framework/BundleContext;Lorg/apache/felix/scr/impl/manager/ScrConfiguration;Ljava/util/List;Lorg/osgi/framework/ServiceReference;)V+124
j  org.apache.felix.scr.impl.Activator.loadComponents(Lorg/osgi/framework/Bundle;)V+385
j  org.apache.felix.scr.impl.Activator.access$200(Lorg/apache/felix/scr/impl/Activator;Lorg/osgi/framework/Bundle;)V+2
j  org.apache.felix.scr.impl.Activator$ScrExtension.start()V+72
j  org.apache.felix.scr.impl.AbstractExtender.createExtension(Lorg/osgi/framework/Bundle;)V+71
j  org.apache.felix.scr.impl.AbstractExtender.modifiedBundle(Lorg/osgi/framework/Bundle;Lorg/osgi/framework/BundleEvent;Lorg/osgi/framework/Bundle;)V+115
j  org.apache.felix.scr.impl.AbstractExtender.addingBundle(Lorg/osgi/framework/Bundle;Lorg/osgi/framework/BundleEvent;)Lorg/osgi/framework/Bundle;+4
j  org.apache.felix.scr.impl.AbstractExtender.addingBundle(Lorg/osgi/framework/Bundle;Lorg/osgi/framework/BundleEvent;)Ljava/lang/Object;+3
j  org.osgi.util.tracker.BundleTracker$Tracked.customizerAdding(Lorg/osgi/framework/Bundle;Lorg/osgi/framework/BundleEvent;)Ljava/lang/Object;+9
j  org.osgi.util.tracker.BundleTracker$Tracked.customizerAdding(Ljava/lang/Object;Ljava/lang/Object;)Ljava/lang/Object;+9
j  org.osgi.util.tracker.AbstractTracked.trackAdding(Ljava/lang/Object;Ljava/lang/Object;)V+8
j  org.osgi.util.tracker.AbstractTracked.track(Ljava/lang/Object;Ljava/lang/Object;)V+83
j  org.osgi.util.tracker.BundleTracker$Tracked.bundleChanged(Lorg/osgi/framework/BundleEvent;)V+35
J 1959 c1 org.eclipse.osgi.internal.framework.BundleContextImpl.dispatchEvent(Ljava/lang/Object;Ljava/lang/Object;ILjava/lang/Object;)V (577 bytes) @ 0x0000013c2bcdb244 [0x0000013c2bcd9d80+0x00000000000014c4]
j  org.eclipse.osgi.framework.eventmgr.EventManager.dispatchEvent(Ljava/util/Set;Lorg/eclipse/osgi/framework/eventmgr/EventDispatcher;ILjava/lang/Object;)V+48
j  org.eclipse.osgi.framework.eventmgr.ListenerQueue.dispatchEventSynchronous(ILjava/lang/Object;)V+67
j  org.eclipse.osgi.internal.framework.EquinoxEventPublisher.publishBundleEventPrivileged(Lorg/osgi/framework/BundleEvent;)V+547
j  org.eclipse.osgi.internal.framework.EquinoxEventPublisher.publishBundleEvent(Lorg/osgi/framework/BundleEvent;)V+8
j  org.eclipse.osgi.internal.framework.EquinoxEventPublisher.publishBundleEvent(ILorg/osgi/framework/Bundle;Lorg/osgi/framework/Bundle;)V+15
j  org.eclipse.osgi.internal.framework.EquinoxContainerAdaptor.publishModuleEvent(Lorg/eclipse/osgi/container/ModuleContainerAdaptor$ModuleEvent;Lorg/eclipse/osgi/container/Module;Lorg/eclipse/osgi/container/Module;)V+29
j  org.eclipse.osgi.container.Module.publishEvent(Lorg/eclipse/osgi/container/ModuleContainerAdaptor$ModuleEvent;)V+13
j  org.eclipse.osgi.container.Module.start([Lorg/eclipse/osgi/container/Module$StartOptions;)V+588
j  org.eclipse.osgi.container.ModuleContainer$ContainerStartLevel$2.run()V+83
j  org.eclipse.osgi.internal.framework.EquinoxContainerAdaptor$1$1.execute(Ljava/lang/Runnable;)V+1
j  org.eclipse.osgi.container.ModuleContainer$ContainerStartLevel.incStartLevel(ILjava/util/List;Z)V+193
j  org.eclipse.osgi.container.ModuleContainer$ContainerStartLevel.incStartLevel(ILjava/util/List;Ljava/util/List;Ljava/util/List;Ljava/util/List;)V+4
j  org.eclipse.osgi.container.ModuleContainer$ContainerStartLevel.doContainerStartLevel(Lorg/eclipse/osgi/container/Module;I[Lorg/osgi/framework/FrameworkListener;)V+358
j  org.eclipse.osgi.container.ModuleContainer$ContainerStartLevel.dispatchEvent(Lorg/eclipse/osgi/container/Module;[Lorg/osgi/framework/FrameworkListener;ILjava/lang/Integer;)V+32
j  org.eclipse.osgi.container.ModuleContainer$ContainerStartLevel.dispatchEvent(Ljava/lang/Object;Ljava/lang/Object;ILjava/lang/Object;)V+15
j  org.eclipse.osgi.framework.eventmgr.EventManager.dispatchEvent(Ljava/util/Set;Lorg/eclipse/osgi/framework/eventmgr/EventDispatcher;ILjava/lang/Object;)V+48
j  org.eclipse.osgi.framework.eventmgr.EventManager$EventThread.run()V+26
v  ~StubRoutines::call_stub 0x0000013c32da100d
new  187 new  [0x0000013c32db90e0, 0x0000013c32db92e8]  520 bytes
[MachCode]
  0x0000013c32db90e0: 4883 ec08 | c5fa 1104 | 24eb 1f48 | 83ec 10c5 | fb11 0424 | eb14 4883 | ec10 4889 | 0424 48c7 
  0x0000013c32db9100: 4424 0800 | 0000 00eb | 0150 410f | b755 010f | cac1 ea10 | 488b 4de8 | 488b 4908 | 488b 4908 
  0x0000013c32db9120: 488b 4108 | 807c 1004 | 070f 85d3 | 0000 0066 | 8b54 d148 | 488b 4928 | 488b 4cd1 | 0851 80b9 
  0x0000013c32db9140: 3101 0000 | 040f 85b6 | 0000 008b | 5108 f6c2 | 010f 85aa | 0000 0049 | 8b87 b801 | 0000 488d 
  0x0000013c32db9160: 1c10 493b | 9fc8 0100 | 000f 8792 | 0000 0049 | 899f b801 | 0000 4883 | ea10 0f84 | 0f00 0000 
  0x0000013c32db9180: 33c9 c1ea | 0348 894c | d008 48ff | ca75 f648 | c700 0100 | 0000 5933 | f689 700c | 49ba 0000 
  0x0000013c32db91a0: 003f 3c01 | 0000 492b | ca89 4808 | 49ba 076d | 02b0 fd7f | 0000 4180 | 3a00 0f84 | 3c00 0000 
  0x0000013c32db91c0: 5048 8bc8 | 4883 ec20 | 40f6 c40f | 0f84 1900 | 0000 4883 | ec08 48b8 | 20eb abaf | fd7f 0000 
  0x0000013c32db91e0: ffd0 4883 | c408 e90c | 0000 0048 | b820 ebab | affd 7f00 | 00ff d048 | 83c4 2058 | e9cb 0000 
  0x0000013c32db9200: 0059 488b | 55e8 488b | 5208 488b | 5208 450f | b745 0141 | 0fc8 41c1 | e810 e805 | 0000 00e9 
  0x0000013c32db9220: a800 0000 | 488d 4424 | 084c 896d | c049 8bcf | c5f8 7749 | 89af b003 | 0000 4989 | 87a0 0300 
  0x0000013c32db9240: 0048 83ec | 2040 f6c4 | 0f0f 8419 | 0000 0048 | 83ec 0848 | b820 d375 | affd 7f00 | 00ff d048 
  0x0000013c32db9260: 83c4 08e9 | 0c00 0000 | 48b8 20d3 | 75af fd7f | 0000 ffd0 | 4883 c420 | 49c7 87a0 | 0300 0000 
  0x0000013c32db9280: 0000 0049 | c787 b003 | 0000 0000 | 0000 49c7 | 87a8 0300 | 0000 0000 | 00c5 f877 | 4983 7f08 
  0x0000013c32db92a0: 000f 8405 | 0000 00e9 | 547c feff | 498b 87f8 | 0300 0049 | c787 f803 | 0000 0000 | 0000 4c8b 
  0x0000013c32db92c0: 6dc0 4c8b | 75c8 4e8d | 74f5 00c3 | 410f b65d | 0349 83c5 | 0349 ba50 | 3505 b0fd | 7f00 0041 
  0x0000013c32db92e0: ff24 da0f | 1f44 0000 
[/MachCode]

Compiled method (c1) 2261 1959   !   3       org.eclipse.osgi.internal.framework.BundleContextImpl::dispatchEvent (577 bytes)
 total in heap  [0x0000013c2bcd9310,0x0000013c2bce2c10] = 39168
 relocation     [0x0000013c2bcd9470,0x0000013c2bcd9d80] = 2320
 main code      [0x0000013c2bcd9d80,0x0000013c2bcdf4e8] = 22376
 stub code      [0x0000013c2bcdf4e8,0x0000013c2bcdf868] = 896
 oops           [0x0000013c2bcdf868,0x0000013c2bcdf8b0] = 72
 metadata       [0x0000013c2bcdf8b0,0x0000013c2bcdf9c8] = 280
 scopes data    [0x0000013c2bcdf9c8,0x0000013c2bce0800] = 3640
 scopes pcs     [0x0000013c2bce0800,0x0000013c2bce1680] = 3712
 dependencies   [0x0000013c2bce1680,0x0000013c2bce16d8] = 88
 handler table  [0x0000013c2bce16d8,0x0000013c2bce2aa0] = 5064
 nul chk table  [0x0000013c2bce2aa0,0x0000013c2bce2c10] = 368

[Constant Pool (empty)]

[MachCode]
[Entry Point]
  # {method} {0x0000013c03676d80} 'dispatchEvent' '(Ljava/lang/Object;Ljava/lang/Object;ILjava/lang/Object;)V' in 'org/eclipse/osgi/internal/framework/BundleContextImpl'
  # this:     rdx:rdx   = 'org/eclipse/osgi/internal/framework/BundleContextImpl'
  # parm0:    r8:r8     = 'java/lang/Object'
  # parm1:    r9:r9     = 'java/lang/Object'
  # parm2:    rdi       = int
  # parm3:    rsi:rsi   = 'java/lang/Object'
  #           [sp+0x1a0]  (sp of caller)
  0x0000013c2bcd9d80: 448b 5208 | 49bb 0000 | 003f 3c01 | 0000 4d03 | d34c 3bd0 

  0x0000013c2bcd9d94: ;   {runtime_call ic_miss_stub}
  0x0000013c2bcd9d94: 0f85 e646 | 1107 660f | 1f44 0000 
[Verified Entry Point]
  0x0000013c2bcd9da0: 8984 2400 | 80ff ff55 | 4881 ec90 | 0100 0090 | 4181 7f20 | 0100 0000 

  0x0000013c2bcd9db8: ;   {runtime_call StubRoutines (final stubs)}
  0x0000013c2bcd9db8: 7405 e821 | ec0f 0748 | 8994 2480 | 0000 0089 | bc24 8800 | 0000 4889 | b424 9800 

  0x0000013c2bcd9dd4: ;   {metadata(method data for {method} {0x0000013c03676d80} 'dispatchEvent' '(Ljava/lang/Object;Ljava/lang/Object;ILjava/lang/Object;)V' in 'org/eclipse/osgi/internal/framework/BundleContextImpl')}
  0x0000013c2bcd9dd4: 0000 48bb | 00c0 7a03 | 3c01 0000 | 8b83 cc00 | 0000 83c0 | 0289 83cc | 0000 0025 | fe07 0000 
  0x0000013c2bcd9df4: 85c0 0f84 | 4d4a 0000 | 4c89 8c24 | 9000 0000 

  0x0000013c2bcd9e04: ;   {metadata(method data for {method} {0x0000013c03676d80} 'dispatchEvent' '(Ljava/lang/Object;Ljava/lang/Object;ILjava/lang/Object;)V' in 'org/eclipse/osgi/internal/framework/BundleContextImpl')}
  0x0000013c2bcd9e04: 488b da48 | b800 c07a | 033c 0100 

  0x0000013c2bcd9e10: ;   {metadata('org/eclipse/osgi/internal/framework/BundleContextImpl')}
  0x0000013c2bcd9e10: 0049 ba00 | 800b 403c | 0100 004c | 8990 2001 | 0000 4883 | 8028 0100 | 0001 488b | da48 8bd3 
  0x0000013c2bcd9e30: 0f1f 8000 

  0x0000013c2bcd9e34: ;   {optimized virtual_call}
  0x0000013c2bcd9e34: 0000 00e8 

  0x0000013c2bcd9e38: ; ImmutableOopMap {[128]=Oop [144]=Oop [152]=Oop }
                      ;*invokevirtual setContextFinder {reexecute=0 rethrow=0 return_oop=0}
                      ; - org.eclipse.osgi.internal.framework.BundleContextImpl::dispatchEvent@1 (line 972)
  0x0000013c2bcd9e38: 24dc ffff 

  0x0000013c2bcd9e3c: ;   {other}
  0x0000013c2bcd9e3c: 0f1f 8400 | 2c0b 0000 | 4889 8424 | b000 0000 | 488b 9424 | 8000 0000 

  0x0000013c2bcd9e54: ;   {metadata(method data for {method} {0x0000013c03676d80} 'dispatchEvent' '(Ljava/lang/Object;Ljava/lang/Object;ILjava/lang/Object;)V' in 'org/eclipse/osgi/internal/framework/BundleContextImpl')}
  0x0000013c2bcd9e54: 488b f248 | bf00 c07a | 033c 0100 

  0x0000013c2bcd9e60: ;   {metadata('org/eclipse/osgi/internal/framework/BundleContextImpl')}
  0x0000013c2bcd9e60: 0049 ba00 | 800b 403c | 0100 004c | 8997 5801 | 0000 4883 | 8760 0100 | 0001 0fbe | 720c 83e6 
  0x0000013c2bcd9e80: ;   {metadata(method data for {method} {0x0000013c03676d80} 'dispatchEvent' '(Ljava/lang/Object;Ljava/lang/Object;ILjava/lang/Object;)V' in 'org/eclipse/osgi/internal/framework/BundleContextImpl')}
  0x0000013c2bcd9e80: 0185 f648 | be00 c07a | 033c 0100 | 0048 c7c7 | 8001 0000 | 7507 48c7 | c790 0100 | 0048 8b0c 
  0x0000013c2bcd9ea0: 3e48 8d49 | 0148 890c | 3e0f 852a | 0100 008b | 7210 483b | 0648 8bfe 

  0x0000013c2bcd9eb8: ;   {metadata(method data for {method} {0x0000013c03676d80} 'dispatchEvent' '(Ljava/lang/Object;Ljava/lang/Object;ILjava/lang/Object;)V' in 'org/eclipse/osgi/internal/framework/BundleContextImpl')}
  0x0000013c2bcd9eb8: 48b9 00c0 | 7a03 3c01 | 0000 8b7f | 0849 ba00 | 0000 3f3c | 0100 0049 | 03fa 483b | b9b0 0100 
  0x0000013c2bcd9ed8: 0075 0d48 | 8381 b801 | 0000 01e9 | 6000 0000 | 483b b9c0 | 0100 0075 | 0d48 8381 | c801 0000 
  0x0000013c2bcd9ef8: 01e9 4a00 | 0000 4883 | b9b0 0100 | 0000 7517 | 4889 b9b0 | 0100 0048 | c781 b801 | 0000 0100 
  0x0000013c2bcd9f18: 0000 e929 | 0000 0048 | 83b9 c001 | 0000 0075 | 1748 89b9 | c001 0000 | 48c7 81c8 | 0100 0001 
  0x0000013c2bcd9f38: 0000 00e9 | 0800 0000 | 4883 81a0 | 0100 0001 

  0x0000013c2bcd9f48: ;   {metadata(method data for {method} {0x0000013c035dae20} 'getBundleId' '()J' in 'org/eclipse/osgi/internal/framework/EquinoxBundle')}
  0x0000013c2bcd9f48: 48bf c8f6 | 7803 3c01 | 0000 8b8f | cc00 0000 | 83c1 0289 | 8fcc 0000 | 0081 e1fe | ff1f 0085 
  0x0000013c2bcd9f68: c90f 8400 | 4900 008b | 7610 483b | 0648 8bfe 

  0x0000013c2bcd9f78: ;   {metadata(method data for {method} {0x0000013c035dae20} 'getBundleId' '()J' in 'org/eclipse/osgi/internal/framework/EquinoxBundle')}
  0x0000013c2bcd9f78: 48b9 c8f6 | 7803 3c01 | 0000 4883 | 8110 0100 | 0001 8b76 | 1848 3b06 

  0x0000013c2bcd9f90: ;   {metadata(method data for {method} {0x0000013c035dae20} 'getBundleId' '()J' in 'org/eclipse/osgi/internal/framework/EquinoxBundle')}
  0x0000013c2bcd9f90: 488b fe48 | b9c8 f678 | 033c 0100 | 0048 8381 | 4801 0000 | 0148 8b7e | 1048 83ff 

  0x0000013c2bcd9fac: ;   {metadata(method data for {method} {0x0000013c03676d80} 'dispatchEvent' '(Ljava/lang/Object;Ljava/lang/Object;ILjava/lang/Object;)V' in 'org/eclipse/osgi/internal/framework/BundleContextImpl')}
  0x0000013c2bcd9fac: 0048 be00 | c07a 033c | 0100 0048 | c7c7 d801 | 0000 7507 | 48c7 c7e8 | 0100 0048 | 8b0c 3e48 
  0x0000013c2bcd9fcc: 8d49 0148 | 890c 3e0f | 859c 3600 | 008b bc24 | 8800 0000 

  0x0000013c2bcd9fe0: ;   {metadata(method data for {method} {0x0000013c03676d80} 'dispatchEvent' '(Ljava/lang/Object;Ljava/lang/Object;ILjava/lang/Object;)V' in 'org/eclipse/osgi/internal/framework/BundleContextImpl')}
  0x0000013c2bcd9fe0: 48be 00c0 | 7a03 3c01 | 0000 48c7 | c100 0200 | 0083 ff01 | 488b d948 | c7c1 1002 | 0000 480f 
  0x0000013c2bcda000: 45cb 83ff | 0248 8bd9 | 48c7 c120 | 0200 0048 | 0f45 cb83 | ff03 488b | d948 c7c1 | 3002 0000 
  0x0000013c2bcda020: 480f 45cb | 83ff 0448 | 8bd9 48c7 | c140 0200 | 0048 0f45 | cb48 8b1c | 0e49 c7c2 | 0100 0000 
  0x0000013c2bcda040: 4903 da48 | 891c 0e83 | ff01 0f84 | 2000 0000 | 83ff 020f | 8417 0000 | 0083 ff03 | 0f84 ff23 
  0x0000013c2bcda060: 0000 83ff | 040f 84fe | 1100 00e9 | 0a38 0000 | 4c8b 8c24 | 9000 0000 | 4d85 c975 

  0x0000013c2bcda07c: ;   {metadata(method data for {method} {0x0000013c03676d80} 'dispatchEvent' '(Ljava/lang/Object;Ljava/lang/Object;ILjava/lang/Object;)V' in 'org/eclipse/osgi/internal/framework/BundleContextImpl')}
  0x0000013c2bcda07c: 1648 b900 | c07a 033c | 0100 0080 | 8951 0200 | 0001 e9ea 

  0x0000013c2bcda090: ;   {metadata('org/osgi/framework/BundleListener')}
  0x0000013c2bcda090: 0000 0049 | b808 3208 | 403c 0100 | 0041 8b49 | 0849 ba00 | 0000 3f3c | 0100 0049 | 03ca 4c3b 
  0x0000013c2bcda0b0: 4120 0f84 | 1b00 0000 | 493b c80f | 8412 0000 | 0051 4150 

  0x0000013c2bcda0c4: ;   {runtime_call slow_subtype_check Runtime1 stub}
  0x0000013c2bcda0c4: e837 5b1c | 0759 5985 | c90f 848e 

  0x0000013c2bcda0d0: ;   {metadata(method data for {method} {0x0000013c03676d80} 'dispatchEvent' '(Ljava/lang/Object;Ljava/lang/Object;ILjava/lang/Object;)V' in 'org/eclipse/osgi/internal/framework/BundleContextImpl')}
  0x0000013c2bcda0d0: 0000 0048 | b900 c07a | 033c 0100 | 0045 8b41 | 0849 ba00 | 0000 3f3c | 0100 004d | 03c2 4c3b 
  0x0000013c2bcda0f0: 8168 0200 | 0075 0d48 | 8381 7002 | 0000 01e9 | 7900 0000 | 4c3b 8178 | 0200 0075 | 0d48 8381 
  0x0000013c2bcda110: 8002 0000 | 01e9 6300 | 0000 4883 | b968 0200 | 0000 7517 | 4c89 8168 | 0200 0048 | c781 7002 
  0x0000013c2bcda130: 0000 0100 | 0000 e942 | 0000 0048 | 83b9 7802 | 0000 0075 | 174c 8981 | 7802 0000 | 48c7 8180 
  0x0000013c2bcda150: 0200 0001 | 0000 00e9 | 2100 0000 | e91c 0000 

  0x0000013c2bcda160: ;   {metadata(method data for {method} {0x0000013c03676d80} 'dispatchEvent' '(Ljava/lang/Object;Ljava/lang/Object;ILjava/lang/Object;)V' in 'org/eclipse/osgi/internal/framework/BundleContextImpl')}
  0x0000013c2bcda160: 0048 b900 | c07a 033c | 0100 0048 | 83a9 5802 | 0000 01e9 | 2247 0000 | e900 0000 | 0049 8bd9 
  0x0000013c2bcda180: 8b72 180f | be76 1385 

  0x0000013c2bcda188: ;   {metadata(method data for {method} {0x0000013c03676d80} 'dispatchEvent' '(Ljava/lang/Object;Ljava/lang/Object;ILjava/lang/Object;)V' in 'org/eclipse/osgi/internal/framework/BundleContextImpl')}
  0x0000013c2bcda188: f648 be00 | c07a 033c | 0100 0048 | c7c1 9002 | 0000 7407 | 48c7 c1a0 | 0200 004c | 8b04 0e4d 
  0x0000013c2bcda1a8: 8d40 014c | 8904 0e0f | 84ef 0e00 | 0066 6690 

  0x0000013c2bcda1b8: ;   {no_reloc}
  0x0000013c2bcda1b8: e9fa 4600 | 0000 0000 | 0000 498b | 87b8 0100 | 0048 8d78 | 1849 3bbf | c801 0000 | 0f87 e746 
  0x0000013c2bcda1d8: 0000 4989 | bfb8 0100 | 0048 c700 | 0100 0000 | 488b ca49 | ba00 0000 | 3f3c 0100 | 0049 2bca 
  0x0000013c2bcda1f8: 8948 0848 | 33c9 8948 | 0c48 33c9 | 4889 4810 | 4889 8424 | a000 0000 

  0x0000013c2bcda210: ; implicit exception: dispatches to 0x0000013c2bcde8ce
  0x0000013c2bcda210: 483b 0348 

  0x0000013c2bcda214: ;   {metadata(method data for {method} {0x0000013c03676d80} 'dispatchEvent' '(Ljava/lang/Object;Ljava/lang/Object;ILjava/lang/Object;)V' in 'org/eclipse/osgi/internal/framework/BundleContextImpl')}
  0x0000013c2bcda214: 8bd3 48be | 00c0 7a03 | 3c01 0000 | 4883 86b0 | 0200 0001 | 8b53 0849 | ba00 0000 | 3f3c 0100 
  0x0000013c2bcda234: 0049 03d2 | 488b 5270 | 488b 1248 | 3b02 488b 

  0x0000013c2bcda244: ;   {metadata(method data for {method} {0x0000013c03676d80} 'dispatchEvent' '(Ljava/lang/Object;Ljava/lang/Object;ILjava/lang/Object;)V' in 'org/eclipse/osgi/internal/framework/BundleContextImpl')}
  0x0000013c2bcda244: f248 bf00 | c07a 033c | 0100 0048 | 8387 e802 

  0x0000013c2bcda254: ;   {metadata(method data for {method} {0x0000013c3f4697c0} 'getName' '()Ljava/lang/String;' in 'java/lang/Class')}
  0x0000013c2bcda254: 0000 0148 | beb8 8405 | 033c 0100 | 008b becc | 0000 0083 | c702 89be | cc00 0000 | 81e7 feff 
  0x0000013c2bcda274: 1f00 85ff | 0f84 5a46 | 0000 8b72 | 2c48 85f6 

  0x0000013c2bcda284: ;   {metadata(method data for {method} {0x0000013c3f4697c0} 'getName' '()Ljava/lang/String;' in 'java/lang/Class')}
  0x0000013c2bcda284: 48bf b884 | 0503 3c01 | 0000 48c7 | c110 0100 | 0074 0748 | c7c1 2001 | 0000 4c8b | 2c0f 4d8d 
  0x0000013c2bcda2a4: 6d01 4c89 | 2c0f 0f84 | 1d00 0000 

  0x0000013c2bcda2b0: ;   {metadata(method data for {method} {0x0000013c3f4697c0} 'getName' '()Ljava/lang/String;' in 'java/lang/Class')}
  0x0000013c2bcda2b0: 48ba b884 | 0503 3c01 | 0000 ff82 | 3001 0000 | 4889 9c24 | a800 0000 | e932 0000 | 0048 899c 
  0x0000013c2bcda2d0: 24a8 0000 | 004c 8bc2 

  0x0000013c2bcda2d8: ;   {metadata(method data for {method} {0x0000013c3f4697c0} 'getName' '()Ljava/lang/String;' in 'java/lang/Class')}
  0x0000013c2bcda2d8: 49b9 b884 | 0503 3c01 | 0000 4983 | 8148 0100 | 0001 0f1f 

  0x0000013c2bcda2ec: ;   {optimized virtual_call}
  0x0000013c2bcda2ec: 4400 00e8 

  0x0000013c2bcda2f0: ; ImmutableOopMap {[128]=Oop [152]=Oop [160]=Oop [168]=Oop [176]=Oop }
                      ;*invokevirtual initClassName {reexecute=0 rethrow=0 return_oop=0}
                      ; - java.lang.Class::getName@14
                      ; - org.eclipse.osgi.internal.framework.BundleContextImpl::dispatchEvent@81 (line 982)
  0x0000013c2bcda2f0: 8c44 1107 

  0x0000013c2bcda2f4: ;   {other}
  0x0000013c2bcda2f4: 0f1f 8400 | e40f 0001 

  0x0000013c2bcda2fc: ;   {metadata(method data for {method} {0x0000013c03676d80} 'dispatchEvent' '(Ljava/lang/Object;Ljava/lang/Object;ILjava/lang/Object;)V' in 'org/eclipse/osgi/internal/framework/BundleContextImpl')}
  0x0000013c2bcda2fc: 488b f048 | ba00 c07a | 033c 0100 | 0048 8382 | 2003 0000 

  0x0000013c2bcda310: ;   {metadata(method data for {method} {0x0000013c3f454f60} 'valueOf' '(Ljava/lang/Object;)Ljava/lang/String;' in 'java/lang/String')}
  0x0000013c2bcda310: 0148 ba68 | 8809 033c | 0100 008b | bacc 0000 | 0083 c702 | 89ba cc00 | 0000 81e7 | feff 1f00 
  0x0000013c2bcda330: 85ff 0f84 | c145 0000 

  0x0000013c2bcda338: ;   {metadata(method data for {method} {0x0000013c3f454f60} 'valueOf' '(Ljava/lang/Object;)Ljava/lang/String;' in 'java/lang/String')}
  0x0000013c2bcda338: 4885 f648 | ba68 8809 | 033c 0100 | 0048 c7c7 | 1001 0000 | 7507 48c7 | c720 0100 | 0048 8b1c 
  0x0000013c2bcda358: 3a48 8d5b | 0148 891c | 3a0f 851f 

  0x0000013c2bcda364: ;   {metadata(method data for {method} {0x0000013c3f454f60} 'valueOf' '(Ljava/lang/Object;)Ljava/lang/String;' in 'java/lang/String')}
  0x0000013c2bcda364: 0000 0048 | ba68 8809 | 033c 0100 | 00ff 8230 

  0x0000013c2bcda374: ;   {oop("null"{0x0000000080000c40})}
  0x0000013c2bcda374: 0100 0048 | be40 0c00 | 8000 0000 | 00e9 b900 | 0000 483b | 0648 8bd6 

  0x0000013c2bcda38c: ;   {metadata(method data for {method} {0x0000013c3f454f60} 'valueOf' '(Ljava/lang/Object;)Ljava/lang/String;' in 'java/lang/String')}
  0x0000013c2bcda38c: 48bf 6888 | 0903 3c01 | 0000 8b52 | 0849 ba00 | 0000 3f3c | 0100 0049 | 03d2 483b | 9758 0100 
  0x0000013c2bcda3ac: 0075 0d48 | 8387 6001 | 0000 01e9 | 6000 0000 | 483b 9768 | 0100 0075 | 0d48 8387 | 7001 0000 
  0x0000013c2bcda3cc: 01e9 4a00 | 0000 4883 | bf58 0100 | 0000 7517 | 4889 9758 | 0100 0048 | c787 6001 | 0000 0100 
  0x0000013c2bcda3ec: 0000 e929 | 0000 0048 | 83bf 6801 | 0000 0075 | 1748 8997 | 6801 0000 | 48c7 8770 | 0100 0001 
  0x0000013c2bcda40c: 0000 00e9 | 0800 0000 | 4883 8748 | 0100 0001 | 488b d666 | 0f1f 4400 | 0048 b8ff | ffff ffff 
  0x0000013c2bcda42c: ;   {virtual_call}
  0x0000013c2bcda42c: ffff ffe8 

  0x0000013c2bcda430: ; ImmutableOopMap {[128]=Oop [152]=Oop [160]=Oop [168]=Oop [176]=Oop }
                      ;*invokevirtual toString {reexecute=0 rethrow=0 return_oop=0}
                      ; - java.lang.String::valueOf@11
                      ; - org.eclipse.osgi.internal.framework.BundleContextImpl::dispatchEvent@84 (line 982)
  0x0000013c2bcda430: 4c46 1107 

  0x0000013c2bcda434: ;   {other}
  0x0000013c2bcda434: 0f1f 8400 | 2411 0002 | 488b f048 | 8b84 24a0 | 0000 004c 

  0x0000013c2bcda448: ;   {metadata(method data for {method} {0x0000013c03676d80} 'dispatchEvent' '(Ljava/lang/Object;Ljava/lang/Object;ILjava/lang/Object;)V' in 'org/eclipse/osgi/internal/framework/BundleContextImpl')}
  0x0000013c2bcda448: 8bc0 48bf | 00c0 7a03 | 3c01 0000 | 4883 8730 | 0300 0001 

  0x0000013c2bcda45c: ;   {metadata(method data for {method} {0x0000013c3f461a88} '<init>' '(Ljava/lang/String;)V' in 'java/lang/StringBuilder')}
  0x0000013c2bcda45c: 49b8 00e1 | 3103 3c01 | 0000 418b | b8cc 0000 | 0083 c702 | 4189 b8cc | 0000 0081 | e7fe ff1f 
  0x0000013c2bcda47c: 0085 ff0f | 849a 4400 | 004c 8bc0 

  0x0000013c2bcda488: ;   {metadata(method data for {method} {0x0000013c3f461a88} '<init>' '(Ljava/lang/String;)V' in 'java/lang/StringBuilder')}
  0x0000013c2bcda488: 48bf 00e1 | 3103 3c01 | 0000 4883 | 8710 0100 | 0001 4c8b | c648 8bd0 | 0f1f 8000 

  0x0000013c2bcda4a4: ;   {optimized virtual_call}
  0x0000013c2bcda4a4: 0000 00e8 

  0x0000013c2bcda4a8: ; ImmutableOopMap {[128]=Oop [152]=Oop [160]=Oop [168]=Oop [176]=Oop }
                      ;*invokespecial <init> {reexecute=0 rethrow=0 return_oop=0}
                      ; - java.lang.StringBuilder::<init>@2
                      ; - org.eclipse.osgi.internal.framework.BundleContextImpl::dispatchEvent@87 (line 982)
  0x0000013c2bcda4a8: d442 1107 

  0x0000013c2bcda4ac: ;   {other}
  0x0000013c2bcda4ac: 0f1f 8400 | 9c11 0003 | 488b 8424 | a000 0000 

  0x0000013c2bcda4bc: ;   {metadata(method data for {method} {0x0000013c03676d80} 'dispatchEvent' '(Ljava/lang/Object;Ljava/lang/Object;ILjava/lang/Object;)V' in 'org/eclipse/osgi/internal/framework/BundleContextImpl')}
  0x0000013c2bcda4bc: 49b8 00c0 | 7a03 3c01 | 0000 4983 | 8040 0300 

  0x0000013c2bcda4cc: ;   {metadata(method data for {method} {0x0000013c3f4617c8} 'append' '(Ljava/lang/String;)Ljava/lang/StringBuilder;' in 'java/lang/StringBuilder')}
  0x0000013c2bcda4cc: 0001 49b8 | b0b3 0003 | 3c01 0000 | 418b 90cc | 0000 0083 | c202 4189 | 90cc 0000 | 0081 e2fe 
  0x0000013c2bcda4ec: ff1f 0085 | d20f 8449 | 4400 0048 | 8b84 24a0 

  0x0000013c2bcda4fc: ;   {metadata(method data for {method} {0x0000013c3f4617c8} 'append' '(Ljava/lang/String;)Ljava/lang/StringBuilder;' in 'java/lang/StringBuilder')}
  0x0000013c2bcda4fc: 0000 0049 | b8b0 b300 | 033c 0100 | 0049 8380 | 1001 0000 

  0x0000013c2bcda510: ;   {oop("@"{0x0000000080006800})}
  0x0000013c2bcda510: 0149 b800 | 6800 8000 | 0000 0048 | 8b94 24a0 | 0000 000f 

  0x0000013c2bcda524: ;   {optimized virtual_call}
  0x0000013c2bcda524: 1f40 00e8 

  0x0000013c2bcda528: ; ImmutableOopMap {[128]=Oop [152]=Oop [160]=Oop [168]=Oop [176]=Oop }
                      ;*invokespecial append {reexecute=0 rethrow=0 return_oop=0}
                      ; - java.lang.StringBuilder::append@2
                      ; - org.eclipse.osgi.internal.framework.BundleContextImpl::dispatchEvent@93 (line 982)
  0x0000013c2bcda528: 5442 1107 

  0x0000013c2bcda52c: ;   {other}
  0x0000013c2bcda52c: 0f1f 8400 | 1c12 0004 

  0x0000013c2bcda534: ;   {metadata(method data for {method} {0x0000013c03676d80} 'dispatchEvent' '(Ljava/lang/Object;Ljava/lang/Object;ILjava/lang/Object;)V' in 'org/eclipse/osgi/internal/framework/BundleContextImpl')}
  0x0000013c2bcda534: 48ba 00c0 | 7a03 3c01 | 0000 4883 | 8278 0300 | 0001 488b | 9424 a800 

  0x0000013c2bcda54c: ;   {static_call}
  0x0000013c2bcda54c: 0000 90e8 

  0x0000013c2bcda550: ; ImmutableOopMap {[128]=Oop [152]=Oop [160]=Oop [168]=Oop [176]=Oop }
                      ;*invokestatic identityHashCode {reexecute=0 rethrow=0 return_oop=0}
                      ; - org.eclipse.osgi.internal.framework.BundleContextImpl::dispatchEvent@98 (line 983)
  0x0000013c2bcda550: 2c48 1107 

  0x0000013c2bcda554: ;   {other}
  0x0000013c2bcda554: 0f1f 8400 | 4412 0005 

  0x0000013c2bcda55c: ;   {metadata(method data for {method} {0x0000013c03676d80} 'dispatchEvent' '(Ljava/lang/Object;Ljava/lang/Object;ILjava/lang/Object;)V' in 'org/eclipse/osgi/internal/framework/BundleContextImpl')}
  0x0000013c2bcda55c: 48ba 00c0 | 7a03 3c01 | 0000 4883 | 8288 0300 

  0x0000013c2bcda56c: ;   {metadata(method data for {method} {0x0000013c3f416300} 'toHexString' '(I)Ljava/lang/String;' in 'java/lang/Integer')}
  0x0000013c2bcda56c: 0001 48ba | 204f 3103 | 3c01 0000 | 448b 82cc | 0000 0041 | 83c0 0244 | 8982 cc00 | 0000 4181 
  0x0000013c2bcda58c: e0fe ff1f | 0045 85c0 | 0f84 c743 

  0x0000013c2bcda598: ;   {metadata(method data for {method} {0x0000013c3f416300} 'toHexString' '(I)Ljava/lang/String;' in 'java/lang/Integer')}
  0x0000013c2bcda598: 0000 48ba | 204f 3103 | 3c01 0000 | 4883 8210 | 0100 0001 | 488b d041 | b804 0000 

  0x0000013c2bcda5b4: ;   {static_call}
  0x0000013c2bcda5b4: 0066 90e8 

  0x0000013c2bcda5b8: ; ImmutableOopMap {[128]=Oop [152]=Oop [160]=Oop [168]=Oop [176]=Oop }
                      ;*invokestatic toUnsignedString0 {reexecute=0 rethrow=0 return_oop=0}
                      ; - java.lang.Integer::toHexString@2
                      ; - org.eclipse.osgi.internal.framework.BundleContextImpl::dispatchEvent@101 (line 983)
  0x0000013c2bcda5b8: c447 1107 

  0x0000013c2bcda5bc: ;   {other}
  0x0000013c2bcda5bc: 0f1f 8400 | ac12 0006 | 4c8b 8424 | a000 0000 

  0x0000013c2bcda5cc: ;   {metadata(method data for {method} {0x0000013c03676d80} 'dispatchEvent' '(Ljava/lang/Object;Ljava/lang/Object;ILjava/lang/Object;)V' in 'org/eclipse/osgi/internal/framework/BundleContextImpl')}
  0x0000013c2bcda5cc: 48ba 00c0 | 7a03 3c01 | 0000 4883 | 8298 0300 

  0x0000013c2bcda5dc: ;   {metadata(method data for {method} {0x0000013c3f4617c8} 'append' '(Ljava/lang/String;)Ljava/lang/StringBuilder;' in 'java/lang/StringBuilder')}
  0x0000013c2bcda5dc: 0001 49b8 | b0b3 0003 | 3c01 0000 | 418b 90cc | 0000 0083 | c202 4189 | 90cc 0000 | 0081 e2fe 
  0x0000013c2bcda5fc: ff1f 0085 | d20f 847b | 4300 004c | 8b84 24a0 

  0x0000013c2bcda60c: ;   {metadata(method data for {method} {0x0000013c3f4617c8} 'append' '(Ljava/lang/String;)Ljava/lang/StringBuilder;' in 'java/lang/StringBuilder')}
  0x0000013c2bcda60c: 0000 0048 | bab0 b300 | 033c 0100 | 0048 8382 | 1001 0000 | 014c 8bc0 | 488b 9424 | a000 0000 
  0x0000013c2bcda62c: ;   {optimized virtual_call}
  0x0000013c2bcda62c: 6666 90e8 

  0x0000013c2bcda630: ; ImmutableOopMap {[128]=Oop [152]=Oop [160]=Oop [168]=Oop [176]=Oop }
                      ;*invokespecial append {reexecute=0 rethrow=0 return_oop=0}
                      ; - java.lang.StringBuilder::append@2
                      ; - org.eclipse.osgi.internal.framework.BundleContextImpl::dispatchEvent@104 (line 983)
  0x0000013c2bcda630: 4c41 1107 

  0x0000013c2bcda634: ;   {other}
  0x0000013c2bcda634: 0f1f 8400 | 2413 0007 | 488b 8424 | a000 0000 

  0x0000013c2bcda644: ;   {metadata(method data for {method} {0x0000013c03676d80} 'dispatchEvent' '(Ljava/lang/Object;Ljava/lang/Object;ILjava/lang/Object;)V' in 'org/eclipse/osgi/internal/framework/BundleContextImpl')}
  0x0000013c2bcda644: 48ba 00c0 | 7a03 3c01 | 0000 4883 | 82d0 0300 

  0x0000013c2bcda654: ;   {metadata(method data for {method} {0x0000013c3f008958} 'toString' '()Ljava/lang/String;' in 'java/lang/StringBuilder')}
  0x0000013c2bcda654: 0001 48ba | d8ba 0003 | 3c01 0000 | 8bb2 cc00 | 0000 83c6 | 0289 b2cc | 0000 0081 | e6fe ff1f 
  0x0000013c2bcda674: 0085 f60f | 8426 4300 

  0x0000013c2bcda67c: ;   {metadata('java/lang/String')}
  0x0000013c2bcda67c: 0048 ba78 | e800 3f3c | 0100 0049 | 8b87 b801 | 0000 488d | 7818 493b | bfc8 0100 | 000f 8725 
  0x0000013c2bcda69c: 4300 0049 | 89bf b801 | 0000 48c7 | 0001 0000 | 0048 8bca | 49ba 0000 | 003f 3c01 | 0000 492b 
  0x0000013c2bcda6bc: ca89 4808 | 4833 c989 | 480c 4833 | c948 8948 | 1048 8984 | 24b8 0000 | 004c 8bc0 

  0x0000013c2bcda6d8: ;   {metadata(method data for {method} {0x0000013c3f008958} 'toString' '()Ljava/lang/String;' in 'java/lang/StringBuilder')}
  0x0000013c2bcda6d8: 49b9 d8ba | 0003 3c01 | 0000 4983 | 8110 0100 

  0x0000013c2bcda6e8: ;   {metadata(method data for {method} {0x0000013c3f455ab8} '<init>' '(Ljava/lang/StringBuilder;)V' in 'java/lang/String')}
  0x0000013c2bcda6e8: 0001 49b8 | 20bc 0003 | 3c01 0000 | 458b 88cc | 0000 0041 | 83c1 0245 | 8988 cc00 | 0000 4181 
  0x0000013c2bcda708: e1fe ff1f | 0045 85c9 | 0f84 bb42 | 0000 4c8b 

  0x0000013c2bcda718: ;   {metadata(method data for {method} {0x0000013c3f455ab8} '<init>' '(Ljava/lang/StringBuilder;)V' in 'java/lang/String')}
  0x0000013c2bcda718: c049 b920 | bc00 033c | 0100 0049 | 8381 1001 | 0000 014c | 8b84 24a0 

  0x0000013c2bcda730: ;   {oop(nullptr)}
  0x0000013c2bcda730: 0000 0049 | b900 0000 | 0000 0000 | 0048 8bd0 | 0f1f 8000 

  0x0000013c2bcda744: ;   {optimized virtual_call}
  0x0000013c2bcda744: 0000 00e8 

  0x0000013c2bcda748: ; ImmutableOopMap {[128]=Oop [152]=Oop [168]=Oop [176]=Oop [184]=Oop }
                      ;*invokespecial <init> {reexecute=0 rethrow=0 return_oop=0}
                      ; - java.lang.String::<init>@3
                      ; - java.lang.StringBuilder::toString@5
                      ; - org.eclipse.osgi.internal.framework.BundleContextImpl::dispatchEvent@107 (line 982)
  0x0000013c2bcda748: 3440 1107 

  0x0000013c2bcda74c: ;   {other}
  0x0000013c2bcda74c: 0f1f 8400 | 3c14 0008 | 488b 9424 | 8000 0000 | 8b5a 1848 | 899c 24c8 | 0000 0090 

  0x0000013c2bcda768: ;   {no_reloc}
  0x0000013c2bcda768: e994 4200 | 0000 0000 | 0000 498b | 87b8 0100 | 0048 8d78 | 1849 3bbf | c801 0000 | 0f87 8142 
  0x0000013c2bcda788: 0000 4989 | bfb8 0100 | 0048 c700 | 0100 0000 | 488b ca49 | ba00 0000 | 3f3c 0100 | 0049 2bca 
  0x0000013c2bcda7a8: 8948 0848 | 33c9 8948 | 0c48 33c9 | 4889 4810 | 4889 8424 | c000 0000 

  0x0000013c2bcda7c0: ;   {metadata(method data for {method} {0x0000013c03676d80} 'dispatchEvent' '(Ljava/lang/Object;Ljava/lang/Object;ILjava/lang/Object;)V' in 'org/eclipse/osgi/internal/framework/BundleContextImpl')}
  0x0000013c2bcda7c0: 4c8b c048 | ba00 c07a | 033c 0100 | 0048 8382 | 0804 0000 

  0x0000013c2bcda7d4: ;   {metadata(method data for {method} {0x0000013c3f461a88} '<init>' '(Ljava/lang/String;)V' in 'java/lang/StringBuilder')}
  0x0000013c2bcda7d4: 0149 b800 | e131 033c | 0100 0041 | 8b90 cc00 | 0000 83c2 | 0241 8990 | cc00 0000 | 81e2 feff 
  0x0000013c2bcda7f4: 1f00 85d2 | 0f84 1a42 | 0000 4c8b 

  0x0000013c2bcda800: ;   {metadata(method data for {method} {0x0000013c3f461a88} '<init>' '(Ljava/lang/String;)V' in 'java/lang/StringBuilder')}
  0x0000013c2bcda800: c048 ba00 | e131 033c | 0100 0048 | 8382 1001 

  0x0000013c2bcda810: ;   {oop("dispatchBundleEvent["{0x00000000d5975578})}
  0x0000013c2bcda810: 0000 0149 | b878 5597 | d500 0000 | 0048 8bd0 | 0f1f 8000 

  0x0000013c2bcda824: ;   {optimized virtual_call}
  0x0000013c2bcda824: 0000 00e8 

  0x0000013c2bcda828: ; ImmutableOopMap {[128]=Oop [152]=Oop [168]=Oop [176]=Oop [184]=Oop [192]=Oop [200]=Oop }
                      ;*invokespecial <init> {reexecute=0 rethrow=0 return_oop=0}
                      ; - java.lang.StringBuilder::<init>@2
                      ; - org.eclipse.osgi.internal.framework.BundleContextImpl::dispatchEvent@126 (line 984)
  0x0000013c2bcda828: 543f 1107 

  0x0000013c2bcda82c: ;   {other}
  0x0000013c2bcda82c: 0f1f 8400 | 1c15 0009 | 488b 9424 | 8000 0000 | 8b72 1048 | 8b84 24c0 

  0x0000013c2bcda844: ;   {metadata(method data for {method} {0x0000013c03676d80} 'dispatchEvent' '(Ljava/lang/Object;Ljava/lang/Object;ILjava/lang/Object;)V' in 'org/eclipse/osgi/internal/framework/BundleContextImpl')}
  0x0000013c2bcda844: 0000 0048 | bf00 c07a | 033c 0100 | 0048 8387 | 1804 0000 

  0x0000013c2bcda858: ;   {metadata(method data for {method} {0x0000013c3f461820} 'append' '(Ljava/lang/Object;)Ljava/lang/StringBuilder;' in 'java/lang/StringBuilder')}
  0x0000013c2bcda858: 0148 bfc8 | 8609 033c | 0100 008b | 9fcc 0000 | 0083 c302 | 899f cc00 | 0000 81e3 | feff 1f00 
  0x0000013c2bcda878: 85db 0f84 | b941 0000 

  0x0000013c2bcda880: ;   {metadata(method data for {method} {0x0000013c3f461820} 'append' '(Ljava/lang/Object;)Ljava/lang/StringBuilder;' in 'java/lang/StringBuilder')}
  0x0000013c2bcda880: 48bf c886 | 0903 3c01 | 0000 4883 | 8710 0100 

  0x0000013c2bcda890: ;   {metadata(method data for {method} {0x0000013c3f454f60} 'valueOf' '(Ljava/lang/Object;)Ljava/lang/String;' in 'java/lang/String')}
  0x0000013c2bcda890: 0001 48bf | 6888 0903 | 3c01 0000 | 8b9f cc00 | 0000 83c3 | 0289 9fcc | 0000 0081 | e3fe ff1f 
  0x0000013c2bcda8b0: 0085 db0f | 84a1 4100 | 0048 85f6 

  0x0000013c2bcda8bc: ;   {metadata(method data for {method} {0x0000013c3f454f60} 'valueOf' '(Ljava/lang/Object;)Ljava/lang/String;' in 'java/lang/String')}
  0x0000013c2bcda8bc: 48bf 6888 | 0903 3c01 | 0000 48c7 | c310 0100 | 0075 0748 | c7c3 2001 | 0000 488b | 041f 488d 
  0x0000013c2bcda8dc: 4001 4889 | 041f 0f85 | 1f00 0000 

  0x0000013c2bcda8e8: ;   {metadata(method data for {method} {0x0000013c3f454f60} 'valueOf' '(Ljava/lang/Object;)Ljava/lang/String;' in 'java/lang/String')}
  0x0000013c2bcda8e8: 48be 6888 | 0903 3c01 | 0000 ff86 | 3001 0000 

  0x0000013c2bcda8f8: ;   {oop("null"{0x0000000080000c40})}
  0x0000013c2bcda8f8: 48be 400c | 0080 0000 | 0000 e9b0 | 0000 0048 | 3b06 488b 

  0x0000013c2bcda90c: ;   {metadata(method data for {method} {0x0000013c3f454f60} 'valueOf' '(Ljava/lang/Object;)Ljava/lang/String;' in 'java/lang/String')}
  0x0000013c2bcda90c: fe48 bb68 | 8809 033c | 0100 008b | 7f08 49ba | 0000 003f | 3c01 0000 | 4903 fa48 | 3bbb 5801 
  0x0000013c2bcda92c: 0000 750d | 4883 8360 | 0100 0001 | e960 0000 | 0048 3bbb | 6801 0000 | 750d 4883 | 8370 0100 
  0x0000013c2bcda94c: 0001 e94a | 0000 0048 | 83bb 5801 | 0000 0075 | 1748 89bb | 5801 0000 | 48c7 8360 | 0100 0001 
  0x0000013c2bcda96c: 0000 00e9 | 2900 0000 | 4883 bb68 | 0100 0000 | 7517 4889 | bb68 0100 | 0048 c783 | 7001 0000 
  0x0000013c2bcda98c: 0100 0000 | e908 0000 | 0048 8383 | 4801 0000 | 0148 8bd6 | 0f1f 8000 

  0x0000013c2bcda9a4: ;   {optimized virtual_call}
  0x0000013c2bcda9a4: 0000 00e8 

  0x0000013c2bcda9a8: ; ImmutableOopMap {[128]=Oop [152]=Oop [168]=Oop [176]=Oop [184]=Oop [192]=Oop [200]=Oop }
                      ;*invokevirtual toString {reexecute=0 rethrow=0 return_oop=0}
                      ; - java.lang.String::valueOf@11
                      ; - java.lang.StringBuilder::append@2
                      ; - org.eclipse.osgi.internal.framework.BundleContextImpl::dispatchEvent@133 (line 984)
  0x0000013c2bcda9a8: d43d 1107 

  0x0000013c2bcda9ac: ;   {other}
  0x0000013c2bcda9ac: 0f1f 8400 | 9c16 000a | 488b f048 | 8b84 24c0 

  0x0000013c2bcda9bc: ;   {metadata(method data for {method} {0x0000013c3f461820} 'append' '(Ljava/lang/Object;)Ljava/lang/StringBuilder;' in 'java/lang/StringBuilder')}
  0x0000013c2bcda9bc: 0000 0049 | b8c8 8609 | 033c 0100 | 0049 8380 | 2001 0000 

  0x0000013c2bcda9d0: ;   {metadata(method data for {method} {0x0000013c3f4617c8} 'append' '(Ljava/lang/String;)Ljava/lang/StringBuilder;' in 'java/lang/StringBuilder')}
  0x0000013c2bcda9d0: 0149 b8b0 | b300 033c | 0100 0041 | 8b90 cc00 | 0000 83c2 | 0241 8990 | cc00 0000 | 81e2 feff 
  0x0000013c2bcda9f0: 1f00 85d2 | 0f84 8640 | 0000 488b | 8424 c000 

  0x0000013c2bcdaa00: ;   {metadata(method data for {method} {0x0000013c3f4617c8} 'append' '(Ljava/lang/String;)Ljava/lang/StringBuilder;' in 'java/lang/StringBuilder')}
  0x0000013c2bcdaa00: 0000 49b8 | b0b3 0003 | 3c01 0000 | 4983 8010 | 0100 0001 | 4c8b c648 | 8b94 24c0 

  0x0000013c2bcdaa1c: ;   {optimized virtual_call}
  0x0000013c2bcdaa1c: 0000 00e8 

  0x0000013c2bcdaa20: ; ImmutableOopMap {[128]=Oop [152]=Oop [168]=Oop [176]=Oop [184]=Oop [192]=Oop [200]=Oop }
                      ;*invokespecial append {reexecute=0 rethrow=0 return_oop=0}
                      ; - java.lang.StringBuilder::append@2
                      ; - java.lang.StringBuilder::append@5
                      ; - org.eclipse.osgi.internal.framework.BundleContextImpl::dispatchEvent@133 (line 984)
  0x0000013c2bcdaa20: 5c3d 1107 

  0x0000013c2bcdaa24: ;   {other}
  0x0000013c2bcdaa24: 0f1f 8400 | 1417 000b | 488b 8424 | c000 0000 

  0x0000013c2bcdaa34: ;   {metadata(method data for {method} {0x0000013c03676d80} 'dispatchEvent' '(Ljava/lang/Object;Ljava/lang/Object;ILjava/lang/Object;)V' in 'org/eclipse/osgi/internal/framework/BundleContextImpl')}
  0x0000013c2bcdaa34: 4c8b c048 | ba00 c07a | 033c 0100 | 0048 8382 | 5004 0000 

  0x0000013c2bcdaa48: ;   {metadata(method data for {method} {0x0000013c3f4617c8} 'append' '(Ljava/lang/String;)Ljava/lang/StringBuilder;' in 'java/lang/StringBuilder')}
  0x0000013c2bcdaa48: 0149 b8b0 | b300 033c | 0100 0041 | 8b90 cc00 | 0000 83c2 | 0241 8990 | cc00 0000 | 81e2 feff 
  0x0000013c2bcdaa68: 1f00 85d2 | 0f84 2f40 | 0000 4c8b 

  0x0000013c2bcdaa74: ;   {metadata(method data for {method} {0x0000013c3f4617c8} 'append' '(Ljava/lang/String;)Ljava/lang/StringBuilder;' in 'java/lang/StringBuilder')}
  0x0000013c2bcdaa74: c048 bab0 | b300 033c | 0100 0048 | 8382 1001 

  0x0000013c2bcdaa84: ;   {oop("]("{0x00000000d59755b8})}
  0x0000013c2bcdaa84: 0000 0149 | b8b8 5597 | d500 0000 | 0048 8bd0 

  0x0000013c2bcdaa94: ;   {optimized virtual_call}
  0x0000013c2bcdaa94: 6666 90e8 

  0x0000013c2bcdaa98: ; ImmutableOopMap {[128]=Oop [152]=Oop [168]=Oop [176]=Oop [184]=Oop [192]=Oop [200]=Oop }
                      ;*invokespecial append {reexecute=0 rethrow=0 return_oop=0}
                      ; - java.lang.StringBuilder::append@2
                      ; - org.eclipse.osgi.internal.framework.BundleContextImpl::dispatchEvent@139 (line 984)
  0x0000013c2bcdaa98: e43c 1107 

  0x0000013c2bcdaa9c: ;   {other}
  0x0000013c2bcdaa9c: 0f1f 8400 | 8c17 000c | 488b 8424 | c000 0000 

  0x0000013c2bcdaaac: ;   {metadata(method data for {method} {0x0000013c03676d80} 'dispatchEvent' '(Ljava/lang/Object;Ljava/lang/Object;ILjava/lang/Object;)V' in 'org/eclipse/osgi/internal/framework/BundleContextImpl')}
  0x0000013c2bcdaaac: 49b8 00c0 | 7a03 3c01 | 0000 4983 | 8088 0400 

  0x0000013c2bcdaabc: ;   {metadata(method data for {method} {0x0000013c3f4617c8} 'append' '(Ljava/lang/String;)Ljava/lang/StringBuilder;' in 'java/lang/StringBuilder')}
  0x0000013c2bcdaabc: 0001 49b8 | b0b3 0003 | 3c01 0000 | 418b 90cc | 0000 0083 | c202 4189 | 90cc 0000 | 0081 e2fe 
  0x0000013c2bcdaadc: ff1f 0085 | d20f 84db | 3f00 0048 | 8b84 24c0 

  0x0000013c2bcdaaec: ;   {metadata(method data for {method} {0x0000013c3f4617c8} 'append' '(Ljava/lang/String;)Ljava/lang/StringBuilder;' in 'java/lang/StringBuilder')}
  0x0000013c2bcdaaec: 0000 0049 | b8b0 b300 | 033c 0100 | 0049 8380 | 1001 0000 | 014c 8b84 | 24b8 0000 | 0048 8b94 
  0x0000013c2bcdab0c: 24c0 0000 | 0066 0f1f 

  0x0000013c2bcdab14: ;   {optimized virtual_call}
  0x0000013c2bcdab14: 4400 00e8 

  0x0000013c2bcdab18: ; ImmutableOopMap {[128]=Oop [152]=Oop [168]=Oop [176]=Oop [192]=Oop [200]=Oop }
                      ;*invokespecial append {reexecute=0 rethrow=0 return_oop=0}
                      ; - java.lang.StringBuilder::append@2
                      ; - org.eclipse.osgi.internal.framework.BundleContextImpl::dispatchEvent@144 (line 984)
  0x0000013c2bcdab18: 643c 1107 

  0x0000013c2bcdab1c: ;   {other}
  0x0000013c2bcdab1c: 0f1f 8400 | 0c18 000d | 488b 8424 | c000 0000 

  0x0000013c2bcdab2c: ;   {metadata(method data for {method} {0x0000013c03676d80} 'dispatchEvent' '(Ljava/lang/Object;Ljava/lang/Object;ILjava/lang/Object;)V' in 'org/eclipse/osgi/internal/framework/BundleContextImpl')}
  0x0000013c2bcdab2c: 49b8 00c0 | 7a03 3c01 | 0000 4983 | 80c0 0400 

  0x0000013c2bcdab3c: ;   {metadata(method data for {method} {0x0000013c3f4617c8} 'append' '(Ljava/lang/String;)Ljava/lang/StringBuilder;' in 'java/lang/StringBuilder')}
  0x0000013c2bcdab3c: 0001 49b8 | b0b3 0003 | 3c01 0000 | 418b 90cc | 0000 0083 | c202 4189 | 90cc 0000 | 0081 e2fe 
  0x0000013c2bcdab5c: ff1f 0085 | d20f 847c | 3f00 0048 | 8b84 24c0 

  0x0000013c2bcdab6c: ;   {metadata(method data for {method} {0x0000013c3f4617c8} 'append' '(Ljava/lang/String;)Ljava/lang/StringBuilder;' in 'java/lang/StringBuilder')}
  0x0000013c2bcdab6c: 0000 0049 | b8b0 b300 | 033c 0100 | 0049 8380 | 1001 0000 

  0x0000013c2bcdab80: ;   {oop(")"{0x0000000080000898})}
  0x0000013c2bcdab80: 0149 b898 | 0800 8000 | 0000 0048 | 8b94 24c0 | 0000 000f 

  0x0000013c2bcdab94: ;   {optimized virtual_call}
  0x0000013c2bcdab94: 1f40 00e8 

  0x0000013c2bcdab98: ; ImmutableOopMap {[128]=Oop [152]=Oop [168]=Oop [176]=Oop [192]=Oop [200]=Oop }
                      ;*invokespecial append {reexecute=0 rethrow=0 return_oop=0}
                      ; - java.lang.StringBuilder::append@2
                      ; - org.eclipse.osgi.internal.framework.BundleContextImpl::dispatchEvent@150 (line 984)
  0x0000013c2bcdab98: e43b 1107 

  0x0000013c2bcdab9c: ;   {other}
  0x0000013c2bcdab9c: 0f1f 8400 | 8c18 000e | 488b 8424 | c000 0000 

  0x0000013c2bcdabac: ;   {metadata(method data for {method} {0x0000013c03676d80} 'dispatchEvent' '(Ljava/lang/Object;Ljava/lang/Object;ILjava/lang/Object;)V' in 'org/eclipse/osgi/internal/framework/BundleContextImpl')}
  0x0000013c2bcdabac: 48ba 00c0 | 7a03 3c01 | 0000 4883 | 82f8 0400 

  0x0000013c2bcdabbc: ;   {metadata(method data for {method} {0x0000013c3f008958} 'toString' '()Ljava/lang/String;' in 'java/lang/StringBuilder')}
  0x0000013c2bcdabbc: 0001 48ba | d8ba 0003 | 3c01 0000 | 8bb2 cc00 | 0000 83c6 | 0289 b2cc | 0000 0081 | e6fe ff1f 
  0x0000013c2bcdabdc: 0085 f60f | 841f 3f00 

  0x0000013c2bcdabe4: ;   {metadata('java/lang/String')}
  0x0000013c2bcdabe4: 0048 ba78 | e800 3f3c | 0100 0049 | 8b87 b801 | 0000 488d | 7818 493b | bfc8 0100 | 000f 871e 
  0x0000013c2bcdac04: 3f00 0049 | 89bf b801 | 0000 48c7 | 0001 0000 | 0048 8bca | 49ba 0000 | 003f 3c01 | 0000 492b 
  0x0000013c2bcdac24: ca89 4808 | 4833 c989 | 480c 4833 | c948 8948 | 104c 8bc0 

  0x0000013c2bcdac38: ;   {metadata(method data for {method} {0x0000013c3f008958} 'toString' '()Ljava/lang/String;' in 'java/lang/StringBuilder')}
  0x0000013c2bcdac38: 49b9 d8ba | 0003 3c01 | 0000 4983 | 8110 0100 

  0x0000013c2bcdac48: ;   {metadata(method data for {method} {0x0000013c3f455ab8} '<init>' '(Ljava/lang/StringBuilder;)V' in 'java/lang/String')}
  0x0000013c2bcdac48: 0001 49b8 | 20bc 0003 | 3c01 0000 | 458b 88cc | 0000 0041 | 83c1 0245 | 8988 cc00 | 0000 4181 
  0x0000013c2bcdac68: e1fe ff1f | 0045 85c9 | 0f84 bc3e | 0000 4c8b 

  0x0000013c2bcdac78: ;   {metadata(method data for {method} {0x0000013c3f455ab8} '<init>' '(Ljava/lang/StringBuilder;)V' in 'java/lang/String')}
  0x0000013c2bcdac78: c049 b920 | bc00 033c | 0100 0049 | 8381 1001 | 0000 014c | 8b84 24c0 

  0x0000013c2bcdac90: ;   {oop(nullptr)}
  0x0000013c2bcdac90: 0000 0049 | b900 0000 | 0000 0000 | 0048 8bd0 | 4889 8424 | d000 0000 | 0f1f 8000 

  0x0000013c2bcdacac: ;   {optimized virtual_call}
  0x0000013c2bcdacac: 0000 00e8 

  0x0000013c2bcdacb0: ; ImmutableOopMap {[128]=Oop [152]=Oop [168]=Oop [176]=Oop [200]=Oop [208]=Oop }
                      ;*invokespecial <init> {reexecute=0 rethrow=0 return_oop=0}
                      ; - java.lang.String::<init>@3
                      ; - java.lang.StringBuilder::toString@5
                      ; - org.eclipse.osgi.internal.framework.BundleContextImpl::dispatchEvent@153 (line 984)
  0x0000013c2bcdacb0: cc3a 1107 

  0x0000013c2bcdacb4: ;   {other}
  0x0000013c2bcdacb4: 0f1f 8400 | a419 000f | 488b 9c24 | c800 0000 

  0x0000013c2bcdacc4: ; implicit exception: dispatches to 0x0000013c2bcdeb53
  0x0000013c2bcdacc4: 483b 034c 

  0x0000013c2bcdacc8: ;   {metadata(method data for {method} {0x0000013c03676d80} 'dispatchEvent' '(Ljava/lang/Object;Ljava/lang/Object;ILjava/lang/Object;)V' in 'org/eclipse/osgi/internal/framework/BundleContextImpl')}
  0x0000013c2bcdacc8: 8bc3 49b9 | 00c0 7a03 | 3c01 0000 

  0x0000013c2bcdacd4: ;   {metadata('org/eclipse/osgi/internal/debug/Debug')}
  0x0000013c2bcdacd4: 49ba 8009 | 0940 3c01 | 0000 4d89 | 9140 0500 | 0049 8381 | 4805 0000 

  0x0000013c2bcdacec: ;   {metadata(method data for {method} {0x0000013c034e53d0} 'trace' '(Ljava/lang/String;Ljava/lang/String;)V' in 'org/eclipse/osgi/internal/debug/Debug')}
  0x0000013c2bcdacec: 0149 b890 | 6777 033c | 0100 0045 | 8b88 cc00 | 0000 4183 | c102 4589 | 88cc 0000 | 0041 81e1 
  0x0000013c2bcdad0c: feff 1f00 | 4585 c90f | 843f 3e00 | 008b 5324 

  0x0000013c2bcdad1c: ;   {metadata(method data for {method} {0x0000013c034e53d0} 'trace' '(Ljava/lang/String;Ljava/lang/String;)V' in 'org/eclipse/osgi/internal/debug/Debug')}
  0x0000013c2bcdad1c: 4885 d249 | b890 6777 | 033c 0100 | 0049 c7c1 | 1001 0000 | 7407 49c7 | c120 0100 | 004b 8b34 
  0x0000013c2bcdad3c: 0848 8d76 | 014b 8934 | 080f 84ff | 0200 0048 | 85d2 0f84 | 2900 0000 

  0x0000013c2bcdad54: ;   {metadata('org/eclipse/osgi/internal/log/ExtendedLogServiceImpl')}
  0x0000013c2bcdad54: 48bf 4056 | 0940 3c01 | 0000 8b72 | 0849 ba00 | 0000 3f3c | 0100 0049 | 03f2 483b | 7e38 0f85 
  0x0000013c2bcdad74: 013e 0000 | e900 0000 | 004c 8bc2 

  0x0000013c2bcdad80: ; implicit exception: dispatches to 0x0000013c2bcdeb7e
  0x0000013c2bcdad80: 483b 024c 

  0x0000013c2bcdad84: ;   {metadata(method data for {method} {0x0000013c034e53d0} 'trace' '(Ljava/lang/String;Ljava/lang/String;)V' in 'org/eclipse/osgi/internal/debug/Debug')}
  0x0000013c2bcdad84: 8bc2 49b9 | 9067 7703 | 3c01 0000 

  0x0000013c2bcdad90: ;   {metadata('org/eclipse/osgi/internal/log/ExtendedLogServiceImpl')}
  0x0000013c2bcdad90: 49ba 4056 | 0940 3c01 | 0000 4d89 | 9140 0100 | 0049 8381 | 4801 0000 

  0x0000013c2bcdada8: ;   {metadata(method data for {method} {0x0000013c0350ca80} 'getLogger' '(Ljava/lang/String;)Lorg/osgi/service/log/Logger;' in 'org/eclipse/osgi/internal/log/ExtendedLogServiceImpl')}
  0x0000013c2bcdada8: 0149 b8d0 | 6977 033c | 0100 0045 | 8b88 cc00 | 0000 4183 | c102 4589 | 88cc 0000 | 0041 81e1 
  0x0000013c2bcdadc8: feff 1f00 | 4585 c90f | 84ae 3d00 | 004c 8bc2 

  0x0000013c2bcdadd8: ;   {metadata(method data for {method} {0x0000013c0350ca80} 'getLogger' '(Ljava/lang/String;)Lorg/osgi/service/log/Logger;' in 'org/eclipse/osgi/internal/log/ExtendedLogServiceImpl')}
  0x0000013c2bcdadd8: 49b9 d069 | 7703 3c01 

  0x0000013c2bcdade0: ;   {metadata('org/eclipse/osgi/internal/log/ExtendedLogServiceImpl')}
  0x0000013c2bcdade0: 0000 49ba | 4056 0940 | 3c01 0000 | 4d89 9120 | 0100 0049 | 8381 2801 

  0x0000013c2bcdadf8: ;   {metadata(method data for {method} {0x0000013c0350a308} 'getLogger' '(Ljava/lang/String;)Lorg/eclipse/equinox/log/Logger;' in 'org/eclipse/osgi/internal/log/ExtendedLogServiceImpl')}
  0x0000013c2bcdadf8: 0000 0149 | b860 6b77 | 033c 0100 | 0045 8b88 | cc00 0000 | 4183 c102 | 4589 88cc | 0000 0041 
  0x0000013c2bcdae18: 81e1 feff | 1f00 4585 | c90f 847d | 3d00 004c 

  0x0000013c2bcdae28: ;   {metadata(method data for {method} {0x0000013c0350a308} 'getLogger' '(Ljava/lang/String;)Lorg/eclipse/equinox/log/Logger;' in 'org/eclipse/osgi/internal/log/ExtendedLogServiceImpl')}
  0x0000013c2bcdae28: 8bc2 49b9 | 606b 7703 | 3c01 0000 

  0x0000013c2bcdae34: ;   {metadata('org/eclipse/osgi/internal/log/ExtendedLogServiceImpl')}
  0x0000013c2bcdae34: 49ba 4056 | 0940 3c01 | 0000 4d89 | 9120 0100 | 0049 8381 | 2801 0000 

  0x0000013c2bcdae4c: ;   {oop("org.eclipse.osgi/debug/events"{0x00000000d75afa70})}
  0x0000013c2bcdae4c: 0149 b870 | fa5a d700 

  0x0000013c2bcdae54: ;   {oop(a 'java/lang/Class'{0x00000000d72a62c0} = 'org/osgi/service/log/Logger')}
  0x0000013c2bcdae54: 0000 0049 | b9c0 622a | d700 0000 | 0066 0f1f 

  0x0000013c2bcdae64: ;   {optimized virtual_call}
  0x0000013c2bcdae64: 4400 00e8 

  0x0000013c2bcdae68: ; ImmutableOopMap {[128]=Oop [152]=Oop [168]=Oop [176]=Oop [208]=Oop }
                      ;*invokevirtual getLogger {reexecute=0 rethrow=0 return_oop=0}
                      ; - org.eclipse.osgi.internal.log.ExtendedLogServiceImpl::getLogger@4 (line 73)
                      ; - org.eclipse.osgi.internal.log.ExtendedLogServiceImpl::getLogger@2 (line 1)
                      ; - org.eclipse.osgi.internal.debug.Debug::trace@11 (line 265)
                      ; - org.eclipse.osgi.internal.framework.BundleContextImpl::dispatchEvent@156 (line 984)
  0x0000013c2bcdae68: 1439 1107 

  0x0000013c2bcdae6c: ;   {other}
  0x0000013c2bcdae6c: 0f1f 8400 | 5c1b 0010 | 4885 c075 

  0x0000013c2bcdae78: ;   {metadata(method data for {method} {0x0000013c0350a308} 'getLogger' '(Ljava/lang/String;)Lorg/eclipse/equinox/log/Logger;' in 'org/eclipse/osgi/internal/log/ExtendedLogServiceImpl')}
  0x0000013c2bcdae78: 1648 be60 | 6b77 033c | 0100 0080 | 8e41 0100 | 0001 e9e7 

  0x0000013c2bcdae8c: ;   {metadata('org/eclipse/equinox/log/Logger')}
  0x0000013c2bcdae8c: 0000 0048 | bff8 2909 | 403c 0100 | 008b 7008 | 49ba 0000 | 003f 3c01 | 0000 4903 | f248 3b7e 
  0x0000013c2bcdaeac: 200f 841a | 0000 0048 | 3bf7 0f84 | 1100 0000 

  0x0000013c2bcdaebc: ;   {runtime_call slow_subtype_check Runtime1 stub}
  0x0000013c2bcdaebc: 5657 e83d | 4d1c 075e | 5e85 f60f | 848d 0000 

  0x0000013c2bcdaecc: ;   {metadata(method data for {method} {0x0000013c0350a308} 'getLogger' '(Ljava/lang/String;)Lorg/eclipse/equinox/log/Logger;' in 'org/eclipse/osgi/internal/log/ExtendedLogServiceImpl')}
  0x0000013c2bcdaecc: 0048 be60 | 6b77 033c | 0100 008b | 7808 49ba | 0000 003f | 3c01 0000 | 4903 fa48 | 3bbe 5801 
  0x0000013c2bcdaeec: 0000 750d | 4883 8660 | 0100 0001 | e979 0000 | 0048 3bbe | 6801 0000 | 750d 4883 | 8670 0100 
  0x0000013c2bcdaf0c: 0001 e963 | 0000 0048 | 83be 5801 | 0000 0075 | 1748 89be | 5801 0000 | 48c7 8660 | 0100 0001 
  0x0000013c2bcdaf2c: 0000 00e9 | 4200 0000 | 4883 be68 | 0100 0000 | 7517 4889 | be68 0100 | 0048 c786 | 7001 0000 
  0x0000013c2bcdaf4c: 0100 0000 | e921 0000 | 00e9 1c00 

  0x0000013c2bcdaf58: ;   {metadata(method data for {method} {0x0000013c0350a308} 'getLogger' '(Ljava/lang/String;)Lorg/eclipse/equinox/log/Logger;' in 'org/eclipse/osgi/internal/log/ExtendedLogServiceImpl')}
  0x0000013c2bcdaf58: 0000 48be | 606b 7703 | 3c01 0000 | 4883 ae48 | 0100 0001 | e954 3c00 | 00e9 0000 | 0000 488b 
  0x0000013c2bcdaf78: d048 3b02 

  0x0000013c2bcdaf7c: ;   {metadata(method data for {method} {0x0000013c034e53d0} 'trace' '(Ljava/lang/String;Ljava/lang/String;)V' in 'org/eclipse/osgi/internal/debug/Debug')}
  0x0000013c2bcdaf7c: 4c8b c248 | be90 6777 | 033c 0100 | 0045 8b40 | 0849 ba00 | 0000 3f3c | 0100 004d | 03c2 4c3b 
  0x0000013c2bcdaf9c: 8678 0100 | 0075 0d48 | 8386 8001 | 0000 01e9 | 6000 0000 | 4c3b 8688 | 0100 0075 | 0d48 8386 
  0x0000013c2bcdafbc: 9001 0000 | 01e9 4a00 | 0000 4883 | be78 0100 | 0000 7517 | 4c89 8678 | 0100 0048 | c786 8001 
  0x0000013c2bcdafdc: 0000 0100 | 0000 e929 | 0000 0048 | 83be 8801 | 0000 0075 | 174c 8986 | 8801 0000 | 48c7 8690 
  0x0000013c2bcdaffc: 0100 0001 | 0000 00e9 | 0800 0000 | 4883 8668 | 0100 0001 | 4c8b 8424 | d000 0000 | 0f1f 4400 
  0x0000013c2bcdb01c: 0048 b8ff | ffff ffff 

  0x0000013c2bcdb024: ;   {virtual_call}
  0x0000013c2bcdb024: ffff ffe8 

  0x0000013c2bcdb028: ; ImmutableOopMap {[128]=Oop [152]=Oop [168]=Oop [176]=Oop }
                      ;*invokeinterface debug {reexecute=0 rethrow=0 return_oop=0}
                      ; - org.eclipse.osgi.internal.debug.Debug::trace@17 (line 265)
                      ; - org.eclipse.osgi.internal.framework.BundleContextImpl::dispatchEvent@156 (line 984)
  0x0000013c2bcdb028: 543a 1107 

  0x0000013c2bcdb02c: ;   {other}
  0x0000013c2bcdb02c: 0f1f 8400 | 1c1d 0011 

  0x0000013c2bcdb034: ;   {metadata(method data for {method} {0x0000013c034e53d0} 'trace' '(Ljava/lang/String;Ljava/lang/String;)V' in 'org/eclipse/osgi/internal/debug/Debug')}
  0x0000013c2bcdb034: 49b8 9067 | 7703 3c01 | 0000 41ff | 80a0 0100 | 00e9 5200 | 0000 488b | 8424 d000 

  0x0000013c2bcdb050: ;   {oop(a 'java/lang/Class'{0x00000000d72a5990} = 'org/eclipse/osgi/internal/debug/Debug')}
  0x0000013c2bcdb050: 0000 49b8 | 9059 2ad7 | 0000 0000 | 418b 90d0 | 0000 0048 | 3b02 4c8b 

  0x0000013c2bcdb068: ;   {metadata(method data for {method} {0x0000013c034e53d0} 'trace' '(Ljava/lang/String;Ljava/lang/String;)V' in 'org/eclipse/osgi/internal/debug/Debug')}
  0x0000013c2bcdb068: c248 be90 | 6777 033c 

  0x0000013c2bcdb070: ;   {metadata('java/io/PrintStream')}
  0x0000013c2bcdb070: 0100 0049 | bac8 a300 | 3f3c 0100 | 004c 8996 | c801 0000 | 4883 86d0 | 0100 0001 

  0x0000013c2bcdb08c: ;   {optimized virtual_call}
  0x0000013c2bcdb08c: 4c8b c0e8 

  0x0000013c2bcdb090: ; ImmutableOopMap {[128]=Oop [152]=Oop [168]=Oop [176]=Oop }
                      ;*invokevirtual println {reexecute=0 rethrow=0 return_oop=0}
                      ; - org.eclipse.osgi.internal.debug.Debug::trace@29 (line 267)
                      ; - org.eclipse.osgi.internal.framework.BundleContextImpl::dispatchEvent@156 (line 984)
  0x0000013c2bcdb090: ec36 1107 

  0x0000013c2bcdb094: ;   {other}
  0x0000013c2bcdb094: 0f1f 8400 | 841d 0012 | 488b 9c24 | a800 0000 | 488b b424 | 9800 0000 | 4885 f675 

  0x0000013c2bcdb0b0: ;   {metadata(method data for {method} {0x0000013c03676d80} 'dispatchEvent' '(Ljava/lang/Object;Ljava/lang/Object;ILjava/lang/Object;)V' in 'org/eclipse/osgi/internal/framework/BundleContextImpl')}
  0x0000013c2bcdb0b0: 1648 bf00 | c07a 033c | 0100 0080 | 8f61 0500 | 0001 e9cc 

  0x0000013c2bcdb0c4: ;   {metadata('org/osgi/framework/BundleEvent')}
  0x0000013c2bcdb0c4: 0000 0048 | b830 9208 | 403c 0100 | 008b 5608 | 49ba 0000 | 003f 3c01 | 0000 4903 | d248 3bc2 
  0x0000013c2bcdb0e4: 0f85 8d00 

  0x0000013c2bcdb0e8: ;   {metadata(method data for {method} {0x0000013c03676d80} 'dispatchEvent' '(Ljava/lang/Object;Ljava/lang/Object;ILjava/lang/Object;)V' in 'org/eclipse/osgi/internal/framework/BundleContextImpl')}
  0x0000013c2bcdb0e8: 0000 48bf | 00c0 7a03 | 3c01 0000 | 8b46 0849 | ba00 0000 | 3f3c 0100 | 0049 03c2 | 483b 8778 
  0x0000013c2bcdb108: 0500 0075 | 0d48 8387 | 8005 0000 | 01e9 7900 | 0000 483b | 8788 0500 | 0075 0d48 | 8387 9005 
  0x0000013c2bcdb128: 0000 01e9 | 6300 0000 | 4883 bf78 | 0500 0000 | 7517 4889 | 8778 0500 | 0048 c787 | 8005 0000 
  0x0000013c2bcdb148: 0100 0000 | e942 0000 | 0048 83bf | 8805 0000 | 0075 1748 | 8987 8805 | 0000 48c7 | 8790 0500 
  0x0000013c2bcdb168: 0001 0000 | 00e9 2100 | 0000 e91c 

  0x0000013c2bcdb174: ;   {metadata(method data for {method} {0x0000013c03676d80} 'dispatchEvent' '(Ljava/lang/Object;Ljava/lang/Object;ILjava/lang/Object;)V' in 'org/eclipse/osgi/internal/framework/BundleContextImpl')}
  0x0000013c2bcdb174: 0000 0048 | bf00 c07a | 033c 0100 | 0048 83af | 6805 0000 | 01e9 4a3a | 0000 e900 | 0000 004c 
  0x0000013c2bcdb194: 8bc6 483b | 0348 8bd3 

  0x0000013c2bcdb19c: ;   {metadata(method data for {method} {0x0000013c03676d80} 'dispatchEvent' '(Ljava/lang/Object;Ljava/lang/Object;ILjava/lang/Object;)V' in 'org/eclipse/osgi/internal/framework/BundleContextImpl')}
  0x0000013c2bcdb19c: 48bf 00c0 | 7a03 3c01 | 0000 8b52 | 0849 ba00 | 0000 3f3c | 0100 0049 | 03d2 483b | 97b0 0500 
  0x0000013c2bcdb1bc: 0075 0d48 | 8387 b805 | 0000 01e9 | 6000 0000 | 483b 97c0 | 0500 0075 | 0d48 8387 | c805 0000 
  0x0000013c2bcdb1dc: 01e9 4a00 | 0000 4883 | bfb0 0500 | 0000 7517 | 4889 97b0 | 0500 0048 | c787 b805 | 0000 0100 
  0x0000013c2bcdb1fc: 0000 e929 | 0000 0048 | 83bf c005 | 0000 0075 | 1748 8997 | c005 0000 | 48c7 87c8 | 0500 0001 
  0x0000013c2bcdb21c: 0000 00e9 | 0800 0000 | 4883 87a0 | 0500 0001 | 488b d366 | 0f1f 4400 | 0048 b8ff | ffff ffff 
  0x0000013c2bcdb23c: ;   {virtual_call}
  0x0000013c2bcdb23c: ffff ffe8 

  0x0000013c2bcdb240: ; ImmutableOopMap {[128]=Oop [152]=Oop [176]=Oop }
                      ;*invokeinterface bundleChanged {reexecute=0 rethrow=0 return_oop=0}
                      ; - org.eclipse.osgi.internal.framework.BundleContextImpl::dispatchEvent@166 (line 987)
  0x0000013c2bcdb240: 5c06 1107 

  0x0000013c2bcdb244: ;   {other}
  0x0000013c2bcdb244: 0f1f 8400 | 341f 0013 

  0x0000013c2bcdb24c: ;   {metadata(method data for {method} {0x0000013c03676d80} 'dispatchEvent' '(Ljava/lang/Object;Ljava/lang/Object;ILjava/lang/Object;)V' in 'org/eclipse/osgi/internal/framework/BundleContextImpl')}
  0x0000013c2bcdb24c: 48ba 00c0 | 7a03 3c01 | 0000 ff82 | d805 0000 | 488b 8424 | b000 0000 | e90c 2400 | 004c 8b8c 
  0x0000013c2bcdb26c: 2490 0000 | 004d 85c9 

  0x0000013c2bcdb274: ;   {metadata(method data for {method} {0x0000013c03676d80} 'dispatchEvent' '(Ljava/lang/Object;Ljava/lang/Object;ILjava/lang/Object;)V' in 'org/eclipse/osgi/internal/framework/BundleContextImpl')}
  0x0000013c2bcdb274: 7516 48bf | 00c0 7a03 | 3c01 0000 | 808f 8109 | 0000 01e9 | e900 0000 

  0x0000013c2bcdb28c: ;   {metadata('org/osgi/framework/FrameworkListener')}
  0x0000013c2bcdb28c: 48b8 d087 | 0840 3c01 | 0000 418b | 7908 49ba | 0000 003f | 3c01 0000 | 4903 fa48 | 3b47 200f 
  0x0000013c2bcdb2ac: 841a 0000 | 0048 3bf8 | 0f84 1100 | 0000 5750 

  0x0000013c2bcdb2bc: ;   {runtime_call slow_subtype_check Runtime1 stub}
  0x0000013c2bcdb2bc: e83f 491c | 075f 5f85 | ff0f 848e 

  0x0000013c2bcdb2c8: ;   {metadata(method data for {method} {0x0000013c03676d80} 'dispatchEvent' '(Ljava/lang/Object;Ljava/lang/Object;ILjava/lang/Object;)V' in 'org/eclipse/osgi/internal/framework/BundleContextImpl')}
  0x0000013c2bcdb2c8: 0000 0048 | bf00 c07a | 033c 0100 | 0041 8b41 | 0849 ba00 | 0000 3f3c | 0100 0049 | 03c2 483b 
  0x0000013c2bcdb2e8: 8798 0900 | 0075 0d48 | 8387 a009 | 0000 01e9 | 7900 0000 | 483b 87a8 | 0900 0075 | 0d48 8387 
  0x0000013c2bcdb308: b009 0000 | 01e9 6300 | 0000 4883 | bf98 0900 | 0000 7517 | 4889 8798 | 0900 0048 | c787 a009 
  0x0000013c2bcdb328: 0000 0100 | 0000 e942 | 0000 0048 | 83bf a809 | 0000 0075 | 1748 8987 | a809 0000 | 48c7 87b0 
  0x0000013c2bcdb348: 0900 0001 | 0000 00e9 | 2100 0000 | e91c 0000 

  0x0000013c2bcdb358: ;   {metadata(method data for {method} {0x0000013c03676d80} 'dispatchEvent' '(Ljava/lang/Object;Ljava/lang/Object;ILjava/lang/Object;)V' in 'org/eclipse/osgi/internal/framework/BundleContextImpl')}
  0x0000013c2bcdb358: 0048 bf00 | c07a 033c | 0100 0048 | 83af 8809 | 0000 01e9 | 7638 0000 | e900 0000 | 0049 8bd9 
  0x0000013c2bcdb378: 8b72 180f | be76 1385 

  0x0000013c2bcdb380: ;   {metadata(method data for {method} {0x0000013c03676d80} 'dispatchEvent' '(Ljava/lang/Object;Ljava/lang/Object;ILjava/lang/Object;)V' in 'org/eclipse/osgi/internal/framework/BundleContextImpl')}
  0x0000013c2bcdb380: f648 be00 | c07a 033c | 0100 0048 | c7c7 c009 | 0000 7407 | 48c7 c7d0 | 0900 0048 | 8b04 3e48 
  0x0000013c2bcdb3a0: 8d40 0148 | 8904 3e0f | 84ef 0e00 | 0066 6690 

  0x0000013c2bcdb3b0: ;   {no_reloc}
  0x0000013c2bcdb3b0: e94e 3800 | 0000 0000 | 0000 498b | 87b8 0100 | 0048 8d78 | 1849 3bbf | c801 0000 | 0f87 3b38 
  0x0000013c2bcdb3d0: 0000 4989 | bfb8 0100 | 0048 c700 | 0100 0000 | 488b ca49 | ba00 0000 | 3f3c 0100 | 0049 2bca 
  0x0000013c2bcdb3f0: 8948 0848 | 33c9 8948 | 0c48 33c9 | 4889 4810 | 4889 8424 | d800 0000 

  0x0000013c2bcdb408: ; implicit exception: dispatches to 0x0000013c2bcdec1a
  0x0000013c2bcdb408: 483b 0348 

  0x0000013c2bcdb40c: ;   {metadata(method data for {method} {0x0000013c03676d80} 'dispatchEvent' '(Ljava/lang/Object;Ljava/lang/Object;ILjava/lang/Object;)V' in 'org/eclipse/osgi/internal/framework/BundleContextImpl')}
  0x0000013c2bcdb40c: 8bd3 48be | 00c0 7a03 | 3c01 0000 | 4883 86e0 | 0900 0001 | 8b53 0849 | ba00 0000 | 3f3c 0100 
  0x0000013c2bcdb42c: 0049 03d2 | 488b 5270 | 488b 1248 | 3b02 488b 

  0x0000013c2bcdb43c: ;   {metadata(method data for {method} {0x0000013c03676d80} 'dispatchEvent' '(Ljava/lang/Object;Ljava/lang/Object;ILjava/lang/Object;)V' in 'org/eclipse/osgi/internal/framework/BundleContextImpl')}
  0x0000013c2bcdb43c: f248 bf00 | c07a 033c | 0100 0048 | 8387 180a 

  0x0000013c2bcdb44c: ;   {metadata(method data for {method} {0x0000013c3f4697c0} 'getName' '()Ljava/lang/String;' in 'java/lang/Class')}
  0x0000013c2bcdb44c: 0000 0148 | beb8 8405 | 033c 0100 | 008b becc | 0000 0083 | c702 89be | cc00 0000 | 81e7 feff 
  0x0000013c2bcdb46c: 1f00 85ff | 0f84 ae37 | 0000 8b72 | 2c48 85f6 

  0x0000013c2bcdb47c: ;   {metadata(method data for {method} {0x0000013c3f4697c0} 'getName' '()Ljava/lang/String;' in 'java/lang/Class')}
  0x0000013c2bcdb47c: 48bf b884 | 0503 3c01 | 0000 48c7 | c110 0100 | 0074 0748 | c7c1 2001 | 0000 4c8b | 0c0f 4d8d 
  0x0000013c2bcdb49c: 4901 4c89 | 0c0f 0f84 | 1d00 0000 

  0x0000013c2bcdb4a8: ;   {metadata(method data for {method} {0x0000013c3f4697c0} 'getName' '()Ljava/lang/String;' in 'java/lang/Class')}
  0x0000013c2bcdb4a8: 48ba b884 | 0503 3c01 | 0000 ff82 | 3001 0000 | 4889 9c24 | e000 0000 | e932 0000 | 0048 899c 
  0x0000013c2bcdb4c8: 24e0 0000 | 0048 8bfa 

  0x0000013c2bcdb4d0: ;   {metadata(method data for {method} {0x0000013c3f4697c0} 'getName' '()Ljava/lang/String;' in 'java/lang/Class')}
  0x0000013c2bcdb4d0: 48b9 b884 | 0503 3c01 | 0000 4883 | 8148 0100 | 0001 0f1f 

  0x0000013c2bcdb4e4: ;   {optimized virtual_call}
  0x0000013c2bcdb4e4: 4400 00e8 

  0x0000013c2bcdb4e8: ; ImmutableOopMap {[128]=Oop [152]=Oop [176]=Oop [216]=Oop [224]=Oop }
                      ;*invokevirtual initClassName {reexecute=0 rethrow=0 return_oop=0}
                      ; - java.lang.Class::getName@14
                      ; - org.eclipse.osgi.internal.framework.BundleContextImpl::dispatchEvent@321 (line 1008)
  0x0000013c2bcdb4e8: 9432 1107 

  0x0000013c2bcdb4ec: ;   {other}
  0x0000013c2bcdb4ec: 0f1f 8400 | dc21 0014 

  0x0000013c2bcdb4f4: ;   {metadata(method data for {method} {0x0000013c03676d80} 'dispatchEvent' '(Ljava/lang/Object;Ljava/lang/Object;ILjava/lang/Object;)V' in 'org/eclipse/osgi/internal/framework/BundleContextImpl')}
  0x0000013c2bcdb4f4: 488b f048 | ba00 c07a | 033c 0100 | 0048 8382 | 500a 0000 

  0x0000013c2bcdb508: ;   {metadata(method data for {method} {0x0000013c3f454f60} 'valueOf' '(Ljava/lang/Object;)Ljava/lang/String;' in 'java/lang/String')}
  0x0000013c2bcdb508: 0148 ba68 | 8809 033c | 0100 008b | bacc 0000 | 0083 c702 | 89ba cc00 | 0000 81e7 | feff 1f00 
  0x0000013c2bcdb528: 85ff 0f84 | 1537 0000 

  0x0000013c2bcdb530: ;   {metadata(method data for {method} {0x0000013c3f454f60} 'valueOf' '(Ljava/lang/Object;)Ljava/lang/String;' in 'java/lang/String')}
  0x0000013c2bcdb530: 4885 f648 | ba68 8809 | 033c 0100 | 0048 c7c7 | 1001 0000 | 7507 48c7 | c720 0100 | 0048 8b1c 
  0x0000013c2bcdb550: 3a48 8d5b | 0148 891c | 3a0f 851f 

  0x0000013c2bcdb55c: ;   {metadata(method data for {method} {0x0000013c3f454f60} 'valueOf' '(Ljava/lang/Object;)Ljava/lang/String;' in 'java/lang/String')}
  0x0000013c2bcdb55c: 0000 0048 | ba68 8809 | 033c 0100 | 00ff 8230 

  0x0000013c2bcdb56c: ;   {oop("null"{0x0000000080000c40})}
  0x0000013c2bcdb56c: 0100 0048 | be40 0c00 | 8000 0000 | 00e9 b900 | 0000 483b | 0648 8bd6 

  0x0000013c2bcdb584: ;   {metadata(method data for {method} {0x0000013c3f454f60} 'valueOf' '(Ljava/lang/Object;)Ljava/lang/String;' in 'java/lang/String')}
  0x0000013c2bcdb584: 48bf 6888 | 0903 3c01 | 0000 8b52 | 0849 ba00 | 0000 3f3c | 0100 0049 | 03d2 483b | 9758 0100 
  0x0000013c2bcdb5a4: 0075 0d48 | 8387 6001 | 0000 01e9 | 6000 0000 | 483b 9768 | 0100 0075 | 0d48 8387 | 7001 0000 
  0x0000013c2bcdb5c4: 01e9 4a00 | 0000 4883 | bf58 0100 | 0000 7517 | 4889 9758 | 0100 0048 | c787 6001 | 0000 0100 
  0x0000013c2bcdb5e4: 0000 e929 | 0000 0048 | 83bf 6801 | 0000 0075 | 1748 8997 | 6801 0000 | 48c7 8770 | 0100 0001 
  0x0000013c2bcdb604: 0000 00e9 | 0800 0000 | 4883 8748 | 0100 0001 | 488b d666 | 0f1f 4400 | 0048 b8ff | ffff ffff 
  0x0000013c2bcdb624: ;   {virtual_call}
  0x0000013c2bcdb624: ffff ffe8 

  0x0000013c2bcdb628: ; ImmutableOopMap {[128]=Oop [152]=Oop [176]=Oop [216]=Oop [224]=Oop }
                      ;*invokevirtual toString {reexecute=0 rethrow=0 return_oop=0}
                      ; - java.lang.String::valueOf@11
                      ; - org.eclipse.osgi.internal.framework.BundleContextImpl::dispatchEvent@324 (line 1008)
  0x0000013c2bcdb628: 5434 1107 

  0x0000013c2bcdb62c: ;   {other}
  0x0000013c2bcdb62c: 0f1f 8400 | 1c23 0015 | 488b f048 | 8b84 24d8 | 0000 004c 

  0x0000013c2bcdb640: ;   {metadata(method data for {method} {0x0000013c03676d80} 'dispatchEvent' '(Ljava/lang/Object;Ljava/lang/Object;ILjava/lang/Object;)V' in 'org/eclipse/osgi/internal/framework/BundleContextImpl')}
  0x0000013c2bcdb640: 8bc0 48bf | 00c0 7a03 | 3c01 0000 | 4883 8760 | 0a00 0001 

  0x0000013c2bcdb654: ;   {metadata(method data for {method} {0x0000013c3f461a88} '<init>' '(Ljava/lang/String;)V' in 'java/lang/StringBuilder')}
  0x0000013c2bcdb654: 49b8 00e1 | 3103 3c01 | 0000 418b | b8cc 0000 | 0083 c702 | 4189 b8cc | 0000 0081 | e7fe ff1f 
  0x0000013c2bcdb674: 0085 ff0f | 84ee 3500 | 004c 8bc0 

  0x0000013c2bcdb680: ;   {metadata(method data for {method} {0x0000013c3f461a88} '<init>' '(Ljava/lang/String;)V' in 'java/lang/StringBuilder')}
  0x0000013c2bcdb680: 48bf 00e1 | 3103 3c01 | 0000 4883 | 8710 0100 | 0001 4c8b | c648 8bd0 | 0f1f 8000 

  0x0000013c2bcdb69c: ;   {optimized virtual_call}
  0x0000013c2bcdb69c: 0000 00e8 

  0x0000013c2bcdb6a0: ; ImmutableOopMap {[128]=Oop [152]=Oop [176]=Oop [216]=Oop [224]=Oop }
                      ;*invokespecial <init> {reexecute=0 rethrow=0 return_oop=0}
                      ; - java.lang.StringBuilder::<init>@2
                      ; - org.eclipse.osgi.internal.framework.BundleContextImpl::dispatchEvent@327 (line 1008)
  0x0000013c2bcdb6a0: dc30 1107 

  0x0000013c2bcdb6a4: ;   {other}
  0x0000013c2bcdb6a4: 0f1f 8400 | 9423 0016 | 488b 8424 | d800 0000 

  0x0000013c2bcdb6b4: ;   {metadata(method data for {method} {0x0000013c03676d80} 'dispatchEvent' '(Ljava/lang/Object;Ljava/lang/Object;ILjava/lang/Object;)V' in 'org/eclipse/osgi/internal/framework/BundleContextImpl')}
  0x0000013c2bcdb6b4: 49b8 00c0 | 7a03 3c01 | 0000 4983 | 8070 0a00 

  0x0000013c2bcdb6c4: ;   {metadata(method data for {method} {0x0000013c3f4617c8} 'append' '(Ljava/lang/String;)Ljava/lang/StringBuilder;' in 'java/lang/StringBuilder')}
  0x0000013c2bcdb6c4: 0001 49b8 | b0b3 0003 | 3c01 0000 | 418b 90cc | 0000 0083 | c202 4189 | 90cc 0000 | 0081 e2fe 
  0x0000013c2bcdb6e4: ff1f 0085 | d20f 849d | 3500 0048 | 8b84 24d8 

  0x0000013c2bcdb6f4: ;   {metadata(method data for {method} {0x0000013c3f4617c8} 'append' '(Ljava/lang/String;)Ljava/lang/StringBuilder;' in 'java/lang/StringBuilder')}
  0x0000013c2bcdb6f4: 0000 0049 | b8b0 b300 | 033c 0100 | 0049 8380 | 1001 0000 

  0x0000013c2bcdb708: ;   {oop("@"{0x0000000080006800})}
  0x0000013c2bcdb708: 0149 b800 | 6800 8000 | 0000 0048 | 8b94 24d8 | 0000 000f 

  0x0000013c2bcdb71c: ;   {optimized virtual_call}
  0x0000013c2bcdb71c: 1f40 00e8 

  0x0000013c2bcdb720: ; ImmutableOopMap {[128]=Oop [152]=Oop [176]=Oop [216]=Oop [224]=Oop }
                      ;*invokespecial append {reexecute=0 rethrow=0 return_oop=0}
                      ; - java.lang.StringBuilder::append@2
                      ; - org.eclipse.osgi.internal.framework.BundleContextImpl::dispatchEvent@333 (line 1008)
  0x0000013c2bcdb720: 5c30 1107 

  0x0000013c2bcdb724: ;   {other}
  0x0000013c2bcdb724: 0f1f 8400 | 1424 0017 

  0x0000013c2bcdb72c: ;   {metadata(method data for {method} {0x0000013c03676d80} 'dispatchEvent' '(Ljava/lang/Object;Ljava/lang/Object;ILjava/lang/Object;)V' in 'org/eclipse/osgi/internal/framework/BundleContextImpl')}
  0x0000013c2bcdb72c: 48ba 00c0 | 7a03 3c01 | 0000 4883 | 82a8 0a00 | 0001 488b | 9424 e000 

  0x0000013c2bcdb744: ;   {static_call}
  0x0000013c2bcdb744: 0000 90e8 

  0x0000013c2bcdb748: ; ImmutableOopMap {[128]=Oop [152]=Oop [176]=Oop [216]=Oop [224]=Oop }
                      ;*invokestatic identityHashCode {reexecute=0 rethrow=0 return_oop=0}
                      ; - org.eclipse.osgi.internal.framework.BundleContextImpl::dispatchEvent@338 (line 1009)
  0x0000013c2bcdb748: 3436 1107 

  0x0000013c2bcdb74c: ;   {other}
  0x0000013c2bcdb74c: 0f1f 8400 | 3c24 0018 

  0x0000013c2bcdb754: ;   {metadata(method data for {method} {0x0000013c03676d80} 'dispatchEvent' '(Ljava/lang/Object;Ljava/lang/Object;ILjava/lang/Object;)V' in 'org/eclipse/osgi/internal/framework/BundleContextImpl')}
  0x0000013c2bcdb754: 48ba 00c0 | 7a03 3c01 | 0000 4883 | 82b8 0a00 

  0x0000013c2bcdb764: ;   {metadata(method data for {method} {0x0000013c3f416300} 'toHexString' '(I)Ljava/lang/String;' in 'java/lang/Integer')}
  0x0000013c2bcdb764: 0001 48ba | 204f 3103 | 3c01 0000 | 448b 82cc | 0000 0041 | 83c0 0244 | 8982 cc00 | 0000 4181 
  0x0000013c2bcdb784: e0fe ff1f | 0045 85c0 | 0f84 1b35 

  0x0000013c2bcdb790: ;   {metadata(method data for {method} {0x0000013c3f416300} 'toHexString' '(I)Ljava/lang/String;' in 'java/lang/Integer')}
  0x0000013c2bcdb790: 0000 48ba | 204f 3103 | 3c01 0000 | 4883 8210 | 0100 0001 | 488b d041 | b804 0000 

  0x0000013c2bcdb7ac: ;   {static_call}
  0x0000013c2bcdb7ac: 0066 90e8 

  0x0000013c2bcdb7b0: ; ImmutableOopMap {[128]=Oop [152]=Oop [176]=Oop [216]=Oop [224]=Oop }
                      ;*invokestatic toUnsignedString0 {reexecute=0 rethrow=0 return_oop=0}
                      ; - java.lang.Integer::toHexString@2
                      ; - org.eclipse.osgi.internal.framework.BundleContextImpl::dispatchEvent@341 (line 1009)
  0x0000013c2bcdb7b0: cc35 1107 

  0x0000013c2bcdb7b4: ;   {other}
  0x0000013c2bcdb7b4: 0f1f 8400 | a424 0019 | 4c8b 8424 | d800 0000 

  0x0000013c2bcdb7c4: ;   {metadata(method data for {method} {0x0000013c03676d80} 'dispatchEvent' '(Ljava/lang/Object;Ljava/lang/Object;ILjava/lang/Object;)V' in 'org/eclipse/osgi/internal/framework/BundleContextImpl')}
  0x0000013c2bcdb7c4: 48ba 00c0 | 7a03 3c01 | 0000 4883 | 82c8 0a00 

  0x0000013c2bcdb7d4: ;   {metadata(method data for {method} {0x0000013c3f4617c8} 'append' '(Ljava/lang/String;)Ljava/lang/StringBuilder;' in 'java/lang/StringBuilder')}
  0x0000013c2bcdb7d4: 0001 49b8 | b0b3 0003 | 3c01 0000 | 418b 90cc | 0000 0083 | c202 4189 | 90cc 0000 | 0081 e2fe 
  0x0000013c2bcdb7f4: ff1f 0085 | d20f 84cf | 3400 004c | 8b84 24d8 

  0x0000013c2bcdb804: ;   {metadata(method data for {method} {0x0000013c3f4617c8} 'append' '(Ljava/lang/String;)Ljava/lang/StringBuilder;' in 'java/lang/StringBuilder')}
  0x0000013c2bcdb804: 0000 0048 | bab0 b300 | 033c 0100 | 0048 8382 | 1001 0000 | 014c 8bc0 | 488b 9424 | d800 0000 
  0x0000013c2bcdb824: ;   {optimized virtual_call}
  0x0000013c2bcdb824: 6666 90e8 

  0x0000013c2bcdb828: ; ImmutableOopMap {[128]=Oop [152]=Oop [176]=Oop [216]=Oop [224]=Oop }
                      ;*invokespecial append {reexecute=0 rethrow=0 return_oop=0}
                      ; - java.lang.StringBuilder::append@2
                      ; - org.eclipse.osgi.internal.framework.BundleContextImpl::dispatchEvent@344 (line 1009)
  0x0000013c2bcdb828: 542f 1107 

  0x0000013c2bcdb82c: ;   {other}
  0x0000013c2bcdb82c: 0f1f 8400 | 1c25 001a | 488b 8424 | d800 0000 

  0x0000013c2bcdb83c: ;   {metadata(method data for {method} {0x0000013c03676d80} 'dispatchEvent' '(Ljava/lang/Object;Ljava/lang/Object;ILjava/lang/Object;)V' in 'org/eclipse/osgi/internal/framework/BundleContextImpl')}
  0x0000013c2bcdb83c: 48ba 00c0 | 7a03 3c01 | 0000 4883 | 8200 0b00 

  0x0000013c2bcdb84c: ;   {metadata(method data for {method} {0x0000013c3f008958} 'toString' '()Ljava/lang/String;' in 'java/lang/StringBuilder')}
  0x0000013c2bcdb84c: 0001 48ba | d8ba 0003 | 3c01 0000 | 8bb2 cc00 | 0000 83c6 | 0289 b2cc | 0000 0081 | e6fe ff1f 
  0x0000013c2bcdb86c: 0085 f60f | 847a 3400 

  0x0000013c2bcdb874: ;   {metadata('java/lang/String')}
  0x0000013c2bcdb874: 0048 ba78 | e800 3f3c | 0100 0049 | 8b87 b801 | 0000 488d | 7818 493b | bfc8 0100 | 000f 8779 
  0x0000013c2bcdb894: 3400 0049 | 89bf b801 | 0000 48c7 | 0001 0000 | 0048 8bca | 49ba 0000 | 003f 3c01 | 0000 492b 
  0x0000013c2bcdb8b4: ca89 4808 | 4833 c989 | 480c 4833 | c948 8948 | 1048 8984 | 24e8 0000 | 004c 8bc0 

  0x0000013c2bcdb8d0: ;   {metadata(method data for {method} {0x0000013c3f008958} 'toString' '()Ljava/lang/String;' in 'java/lang/StringBuilder')}
  0x0000013c2bcdb8d0: 49b9 d8ba | 0003 3c01 | 0000 4983 | 8110 0100 

  0x0000013c2bcdb8e0: ;   {metadata(method data for {method} {0x0000013c3f455ab8} '<init>' '(Ljava/lang/StringBuilder;)V' in 'java/lang/String')}
  0x0000013c2bcdb8e0: 0001 49b8 | 20bc 0003 | 3c01 0000 | 458b 88cc | 0000 0041 | 83c1 0245 | 8988 cc00 | 0000 4181 
  0x0000013c2bcdb900: e1fe ff1f | 0045 85c9 | 0f84 0f34 | 0000 4c8b 

  0x0000013c2bcdb910: ;   {metadata(method data for {method} {0x0000013c3f455ab8} '<init>' '(Ljava/lang/StringBuilder;)V' in 'java/lang/String')}
  0x0000013c2bcdb910: c049 b920 | bc00 033c | 0100 0049 | 8381 1001 | 0000 014c | 8b84 24d8 

  0x0000013c2bcdb928: ;   {oop(nullptr)}
  0x0000013c2bcdb928: 0000 0049 | b900 0000 | 0000 0000 | 0048 8bd0 | 0f1f 8000 

  0x0000013c2bcdb93c: ;   {optimized virtual_call}
  0x0000013c2bcdb93c: 0000 00e8 

  0x0000013c2bcdb940: ; ImmutableOopMap {[128]=Oop [152]=Oop [176]=Oop [224]=Oop [232]=Oop }
                      ;*invokespecial <init> {reexecute=0 rethrow=0 return_oop=0}
                      ; - java.lang.String::<init>@3
                      ; - java.lang.StringBuilder::toString@5
                      ; - org.eclipse.osgi.internal.framework.BundleContextImpl::dispatchEvent@347 (line 1008)
  0x0000013c2bcdb940: 3c2e 1107 

  0x0000013c2bcdb944: ;   {other}
  0x0000013c2bcdb944: 0f1f 8400 | 3426 001b | 488b 9424 | 8000 0000 | 8b5a 1848 | 899c 24f8 | 0000 0090 

  0x0000013c2bcdb960: ;   {no_reloc}
  0x0000013c2bcdb960: e9e8 3300 | 0000 0000 | 0000 498b | 87b8 0100 | 0048 8d78 | 1849 3bbf | c801 0000 | 0f87 d533 
  0x0000013c2bcdb980: 0000 4989 | bfb8 0100 | 0048 c700 | 0100 0000 | 488b ca49 | ba00 0000 | 3f3c 0100 | 0049 2bca 
  0x0000013c2bcdb9a0: 8948 0848 | 33c9 8948 | 0c48 33c9 | 4889 4810 | 4889 8424 | f000 0000 

  0x0000013c2bcdb9b8: ;   {metadata(method data for {method} {0x0000013c03676d80} 'dispatchEvent' '(Ljava/lang/Object;Ljava/lang/Object;ILjava/lang/Object;)V' in 'org/eclipse/osgi/internal/framework/BundleContextImpl')}
  0x0000013c2bcdb9b8: 4c8b c048 | ba00 c07a | 033c 0100 | 0048 8382 | 380b 0000 

  0x0000013c2bcdb9cc: ;   {metadata(method data for {method} {0x0000013c3f461a88} '<init>' '(Ljava/lang/String;)V' in 'java/lang/StringBuilder')}
  0x0000013c2bcdb9cc: 0149 b800 | e131 033c | 0100 0041 | 8b90 cc00 | 0000 83c2 | 0241 8990 | cc00 0000 | 81e2 feff 
  0x0000013c2bcdb9ec: 1f00 85d2 | 0f84 6e33 | 0000 4c8b 

  0x0000013c2bcdb9f8: ;   {metadata(method data for {method} {0x0000013c3f461a88} '<init>' '(Ljava/lang/String;)V' in 'java/lang/StringBuilder')}
  0x0000013c2bcdb9f8: c048 ba00 | e131 033c | 0100 0048 | 8382 1001 

  0x0000013c2bcdba08: ;   {oop("dispatchFrameworkEvent["{0x00000000d5975628})}
  0x0000013c2bcdba08: 0000 0149 | b828 5697 | d500 0000 | 0048 8bd0 | 0f1f 8000 

  0x0000013c2bcdba1c: ;   {optimized virtual_call}
  0x0000013c2bcdba1c: 0000 00e8 

  0x0000013c2bcdba20: ; ImmutableOopMap {[128]=Oop [152]=Oop [176]=Oop [224]=Oop [232]=Oop [240]=Oop [248]=Oop }
                      ;*invokespecial <init> {reexecute=0 rethrow=0 return_oop=0}
                      ; - java.lang.StringBuilder::<init>@2
                      ; - org.eclipse.osgi.internal.framework.BundleContextImpl::dispatchEvent@366 (line 1011)
  0x0000013c2bcdba20: 5c2d 1107 

  0x0000013c2bcdba24: ;   {other}
  0x0000013c2bcdba24: 0f1f 8400 | 1427 001c | 488b 9424 | 8000 0000 | 8b72 1048 | 8b84 24f0 

  0x0000013c2bcdba3c: ;   {metadata(method data for {method} {0x0000013c03676d80} 'dispatchEvent' '(Ljava/lang/Object;Ljava/lang/Object;ILjava/lang/Object;)V' in 'org/eclipse/osgi/internal/framework/BundleContextImpl')}
  0x0000013c2bcdba3c: 0000 0048 | bf00 c07a | 033c 0100 | 0048 8387 | 480b 0000 

  0x0000013c2bcdba50: ;   {metadata(method data for {method} {0x0000013c3f461820} 'append' '(Ljava/lang/Object;)Ljava/lang/StringBuilder;' in 'java/lang/StringBuilder')}
  0x0000013c2bcdba50: 0148 bfc8 | 8609 033c | 0100 008b | 9fcc 0000 | 0083 c302 | 899f cc00 | 0000 81e3 | feff 1f00 
  0x0000013c2bcdba70: 85db 0f84 | 0d33 0000 

  0x0000013c2bcdba78: ;   {metadata(method data for {method} {0x0000013c3f461820} 'append' '(Ljava/lang/Object;)Ljava/lang/StringBuilder;' in 'java/lang/StringBuilder')}
  0x0000013c2bcdba78: 48bf c886 | 0903 3c01 | 0000 4883 | 8710 0100 

  0x0000013c2bcdba88: ;   {metadata(method data for {method} {0x0000013c3f454f60} 'valueOf' '(Ljava/lang/Object;)Ljava/lang/String;' in 'java/lang/String')}
  0x0000013c2bcdba88: 0001 48bf | 6888 0903 | 3c01 0000 | 8b9f cc00 | 0000 83c3 | 0289 9fcc | 0000 0081 | e3fe ff1f 
  0x0000013c2bcdbaa8: 0085 db0f | 84f5 3200 | 0048 85f6 

  0x0000013c2bcdbab4: ;   {metadata(method data for {method} {0x0000013c3f454f60} 'valueOf' '(Ljava/lang/Object;)Ljava/lang/String;' in 'java/lang/String')}
  0x0000013c2bcdbab4: 48bf 6888 | 0903 3c01 | 0000 48c7 | c310 0100 | 0075 0748 | c7c3 2001 | 0000 488b | 041f 488d 
  0x0000013c2bcdbad4: 4001 4889 | 041f 0f85 | 1f00 0000 

  0x0000013c2bcdbae0: ;   {metadata(method data for {method} {0x0000013c3f454f60} 'valueOf' '(Ljava/lang/Object;)Ljava/lang/String;' in 'java/lang/String')}
  0x0000013c2bcdbae0: 48be 6888 | 0903 3c01 | 0000 ff86 | 3001 0000 

  0x0000013c2bcdbaf0: ;   {oop("null"{0x0000000080000c40})}
  0x0000013c2bcdbaf0: 48be 400c | 0080 0000 | 0000 e9b0 | 0000 0048 | 3b06 488b 

  0x0000013c2bcdbb04: ;   {metadata(method data for {method} {0x0000013c3f454f60} 'valueOf' '(Ljava/lang/Object;)Ljava/lang/String;' in 'java/lang/String')}
  0x0000013c2bcdbb04: fe48 bb68 | 8809 033c | 0100 008b | 7f08 49ba | 0000 003f | 3c01 0000 | 4903 fa48 | 3bbb 5801 
  0x0000013c2bcdbb24: 0000 750d | 4883 8360 | 0100 0001 | e960 0000 | 0048 3bbb | 6801 0000 | 750d 4883 | 8370 0100 
  0x0000013c2bcdbb44: 0001 e94a | 0000 0048 | 83bb 5801 | 0000 0075 | 1748 89bb | 5801 0000 | 48c7 8360 | 0100 0001 
  0x0000013c2bcdbb64: 0000 00e9 | 2900 0000 | 4883 bb68 | 0100 0000 | 7517 4889 | bb68 0100 | 0048 c783 | 7001 0000 
  0x0000013c2bcdbb84: 0100 0000 | e908 0000 | 0048 8383 | 4801 0000 | 0148 8bd6 | 0f1f 8000 

  0x0000013c2bcdbb9c: ;   {optimized virtual_call}
  0x0000013c2bcdbb9c: 0000 00e8 

  0x0000013c2bcdbba0: ; ImmutableOopMap {[128]=Oop [152]=Oop [176]=Oop [224]=Oop [232]=Oop [240]=Oop [248]=Oop }
                      ;*invokevirtual toString {reexecute=0 rethrow=0 return_oop=0}
                      ; - java.lang.String::valueOf@11
                      ; - java.lang.StringBuilder::append@2
                      ; - org.eclipse.osgi.internal.framework.BundleContextImpl::dispatchEvent@373 (line 1011)
  0x0000013c2bcdbba0: dc2b 1107 

  0x0000013c2bcdbba4: ;   {other}
  0x0000013c2bcdbba4: 0f1f 8400 | 9428 001d | 488b f048 | 8b84 24f0 

  0x0000013c2bcdbbb4: ;   {metadata(method data for {method} {0x0000013c3f461820} 'append' '(Ljava/lang/Object;)Ljava/lang/StringBuilder;' in 'java/lang/StringBuilder')}
  0x0000013c2bcdbbb4: 0000 0049 | b8c8 8609 | 033c 0100 | 0049 8380 | 2001 0000 

  0x0000013c2bcdbbc8: ;   {metadata(method data for {method} {0x0000013c3f4617c8} 'append' '(Ljava/lang/String;)Ljava/lang/StringBuilder;' in 'java/lang/StringBuilder')}
  0x0000013c2bcdbbc8: 0149 b8b0 | b300 033c | 0100 0041 | 8b90 cc00 | 0000 83c2 | 0241 8990 | cc00 0000 | 81e2 feff 
  0x0000013c2bcdbbe8: 1f00 85d2 | 0f84 da31 | 0000 488b | 8424 f000 

  0x0000013c2bcdbbf8: ;   {metadata(method data for {method} {0x0000013c3f4617c8} 'append' '(Ljava/lang/String;)Ljava/lang/StringBuilder;' in 'java/lang/StringBuilder')}
  0x0000013c2bcdbbf8: 0000 49b8 | b0b3 0003 | 3c01 0000 | 4983 8010 | 0100 0001 | 4c8b c648 | 8b94 24f0 

  0x0000013c2bcdbc14: ;   {optimized virtual_call}
  0x0000013c2bcdbc14: 0000 00e8 

  0x0000013c2bcdbc18: ; ImmutableOopMap {[128]=Oop [152]=Oop [176]=Oop [224]=Oop [232]=Oop [240]=Oop [248]=Oop }
                      ;*invokespecial append {reexecute=0 rethrow=0 return_oop=0}
                      ; - java.lang.StringBuilder::append@2
                      ; - java.lang.StringBuilder::append@5
                      ; - org.eclipse.osgi.internal.framework.BundleContextImpl::dispatchEvent@373 (line 1011)
  0x0000013c2bcdbc18: 642b 1107 

  0x0000013c2bcdbc1c: ;   {other}
  0x0000013c2bcdbc1c: 0f1f 8400 | 0c29 001e | 488b 8424 | f000 0000 

  0x0000013c2bcdbc2c: ;   {metadata(method data for {method} {0x0000013c03676d80} 'dispatchEvent' '(Ljava/lang/Object;Ljava/lang/Object;ILjava/lang/Object;)V' in 'org/eclipse/osgi/internal/framework/BundleContextImpl')}
  0x0000013c2bcdbc2c: 4c8b c048 | ba00 c07a | 033c 0100 | 0048 8382 | 800b 0000 

  0x0000013c2bcdbc40: ;   {metadata(method data for {method} {0x0000013c3f4617c8} 'append' '(Ljava/lang/String;)Ljava/lang/StringBuilder;' in 'java/lang/StringBuilder')}
  0x0000013c2bcdbc40: 0149 b8b0 | b300 033c | 0100 0041 | 8b90 cc00 | 0000 83c2 | 0241 8990 | cc00 0000 | 81e2 feff 
  0x0000013c2bcdbc60: 1f00 85d2 | 0f84 8331 | 0000 4c8b 

  0x0000013c2bcdbc6c: ;   {metadata(method data for {method} {0x0000013c3f4617c8} 'append' '(Ljava/lang/String;)Ljava/lang/StringBuilder;' in 'java/lang/StringBuilder')}
  0x0000013c2bcdbc6c: c048 bab0 | b300 033c | 0100 0048 | 8382 1001 

  0x0000013c2bcdbc7c: ;   {oop("]("{0x00000000d59755b8})}
  0x0000013c2bcdbc7c: 0000 0149 | b8b8 5597 | d500 0000 | 0048 8bd0 

  0x0000013c2bcdbc8c: ;   {optimized virtual_call}
  0x0000013c2bcdbc8c: 6666 90e8 

  0x0000013c2bcdbc90: ; ImmutableOopMap {[128]=Oop [152]=Oop [176]=Oop [224]=Oop [232]=Oop [240]=Oop [248]=Oop }
                      ;*invokespecial append {reexecute=0 rethrow=0 return_oop=0}
                      ; - java.lang.StringBuilder::append@2
                      ; - org.eclipse.osgi.internal.framework.BundleContextImpl::dispatchEvent@379 (line 1011)
  0x0000013c2bcdbc90: ec2a 1107 

  0x0000013c2bcdbc94: ;   {other}
  0x0000013c2bcdbc94: 0f1f 8400 | 8429 001f | 488b 8424 | f000 0000 

  0x0000013c2bcdbca4: ;   {metadata(method data for {method} {0x0000013c03676d80} 'dispatchEvent' '(Ljava/lang/Object;Ljava/lang/Object;ILjava/lang/Object;)V' in 'org/eclipse/osgi/internal/framework/BundleContextImpl')}
  0x0000013c2bcdbca4: 49b8 00c0 | 7a03 3c01 | 0000 4983 | 80b8 0b00 

  0x0000013c2bcdbcb4: ;   {metadata(method data for {method} {0x0000013c3f4617c8} 'append' '(Ljava/lang/String;)Ljava/lang/StringBuilder;' in 'java/lang/StringBuilder')}
  0x0000013c2bcdbcb4: 0001 49b8 | b0b3 0003 | 3c01 0000 | 418b 90cc | 0000 0083 | c202 4189 | 90cc 0000 | 0081 e2fe 
  0x0000013c2bcdbcd4: ff1f 0085 | d20f 842f | 3100 0048 | 8b84 24f0 

  0x0000013c2bcdbce4: ;   {metadata(method data for {method} {0x0000013c3f4617c8} 'append' '(Ljava/lang/String;)Ljava/lang/StringBuilder;' in 'java/lang/StringBuilder')}
  0x0000013c2bcdbce4: 0000 0049 | b8b0 b300 | 033c 0100 | 0049 8380 | 1001 0000 | 014c 8b84 | 24e8 0000 | 0048 8b94 
  0x0000013c2bcdbd04: 24f0 0000 | 0066 0f1f 

  0x0000013c2bcdbd0c: ;   {optimized virtual_call}
  0x0000013c2bcdbd0c: 4400 00e8 

  0x0000013c2bcdbd10: ; ImmutableOopMap {[128]=Oop [152]=Oop [176]=Oop [224]=Oop [240]=Oop [248]=Oop }
                      ;*invokespecial append {reexecute=0 rethrow=0 return_oop=0}
                      ; - java.lang.StringBuilder::append@2
                      ; - org.eclipse.osgi.internal.framework.BundleContextImpl::dispatchEvent@384 (line 1011)
  0x0000013c2bcdbd10: 6c2a 1107 

  0x0000013c2bcdbd14: ;   {other}
  0x0000013c2bcdbd14: 0f1f 8400 | 042a 0020 | 488b 8424 | f000 0000 

  0x0000013c2bcdbd24: ;   {metadata(method data for {method} {0x0000013c03676d80} 'dispatchEvent' '(Ljava/lang/Object;Ljava/lang/Object;ILjava/lang/Object;)V' in 'org/eclipse/osgi/internal/framework/BundleContextImpl')}
  0x0000013c2bcdbd24: 49b8 00c0 | 7a03 3c01 | 0000 4983 | 80f0 0b00 

  0x0000013c2bcdbd34: ;   {metadata(method data for {method} {0x0000013c3f4617c8} 'append' '(Ljava/lang/String;)Ljava/lang/StringBuilder;' in 'java/lang/StringBuilder')}
  0x0000013c2bcdbd34: 0001 49b8 | b0b3 0003 | 3c01 0000 | 418b 90cc | 0000 0083 | c202 4189 | 90cc 0000 | 0081 e2fe 
  0x0000013c2bcdbd54: ff1f 0085 | d20f 84d0 | 3000 0048 | 8b84 24f0 

  0x0000013c2bcdbd64: ;   {metadata(method data for {method} {0x0000013c3f4617c8} 'append' '(Ljava/lang/String;)Ljava/lang/StringBuilder;' in 'java/lang/StringBuilder')}
  0x0000013c2bcdbd64: 0000 0049 | b8b0 b300 | 033c 0100 | 0049 8380 | 1001 0000 

  0x0000013c2bcdbd78: ;   {oop(")"{0x0000000080000898})}
  0x0000013c2bcdbd78: 0149 b898 | 0800 8000 | 0000 0048 | 8b94 24f0 | 0000 000f 

  0x0000013c2bcdbd8c: ;   {optimized virtual_call}
  0x0000013c2bcdbd8c: 1f40 00e8 

  0x0000013c2bcdbd90: ; ImmutableOopMap {[128]=Oop [152]=Oop [176]=Oop [224]=Oop [240]=Oop [248]=Oop }
                      ;*invokespecial append {reexecute=0 rethrow=0 return_oop=0}
                      ; - java.lang.StringBuilder::append@2
                      ; - org.eclipse.osgi.internal.framework.BundleContextImpl::dispatchEvent@390 (line 1011)
  0x0000013c2bcdbd90: ec29 1107 

  0x0000013c2bcdbd94: ;   {other}
  0x0000013c2bcdbd94: 0f1f 8400 | 842a 0021 | 488b 8424 | f000 0000 

  0x0000013c2bcdbda4: ;   {metadata(method data for {method} {0x0000013c03676d80} 'dispatchEvent' '(Ljava/lang/Object;Ljava/lang/Object;ILjava/lang/Object;)V' in 'org/eclipse/osgi/internal/framework/BundleContextImpl')}
  0x0000013c2bcdbda4: 48ba 00c0 | 7a03 3c01 | 0000 4883 | 8228 0c00 

  0x0000013c2bcdbdb4: ;   {metadata(method data for {method} {0x0000013c3f008958} 'toString' '()Ljava/lang/String;' in 'java/lang/StringBuilder')}
  0x0000013c2bcdbdb4: 0001 48ba | d8ba 0003 | 3c01 0000 | 8bb2 cc00 | 0000 83c6 | 0289 b2cc | 0000 0081 | e6fe ff1f 
  0x0000013c2bcdbdd4: 0085 f60f | 8473 3000 

  0x0000013c2bcdbddc: ;   {metadata('java/lang/String')}
  0x0000013c2bcdbddc: 0048 ba78 | e800 3f3c | 0100 0049 | 8b87 b801 | 0000 488d | 7818 493b | bfc8 0100 | 000f 8772 
  0x0000013c2bcdbdfc: 3000 0049 | 89bf b801 | 0000 48c7 | 0001 0000 | 0048 8bca | 49ba 0000 | 003f 3c01 | 0000 492b 
  0x0000013c2bcdbe1c: ca89 4808 | 4833 c989 | 480c 4833 | c948 8948 | 104c 8bc0 

  0x0000013c2bcdbe30: ;   {metadata(method data for {method} {0x0000013c3f008958} 'toString' '()Ljava/lang/String;' in 'java/lang/StringBuilder')}
  0x0000013c2bcdbe30: 49b9 d8ba | 0003 3c01 | 0000 4983 | 8110 0100 

  0x0000013c2bcdbe40: ;   {metadata(method data for {method} {0x0000013c3f455ab8} '<init>' '(Ljava/lang/StringBuilder;)V' in 'java/lang/String')}
  0x0000013c2bcdbe40: 0001 49b8 | 20bc 0003 | 3c01 0000 | 458b 88cc | 0000 0041 | 83c1 0245 | 8988 cc00 | 0000 4181 
  0x0000013c2bcdbe60: e1fe ff1f | 0045 85c9 | 0f84 1030 | 0000 4c8b 

  0x0000013c2bcdbe70: ;   {metadata(method data for {method} {0x0000013c3f455ab8} '<init>' '(Ljava/lang/StringBuilder;)V' in 'java/lang/String')}
  0x0000013c2bcdbe70: c049 b920 | bc00 033c | 0100 0049 | 8381 1001 | 0000 014c | 8b84 24f0 

  0x0000013c2bcdbe88: ;   {oop(nullptr)}
  0x0000013c2bcdbe88: 0000 0049 | b900 0000 | 0000 0000 | 0048 8bd0 | 4889 8424 | 0001 0000 | 0f1f 8000 

  0x0000013c2bcdbea4: ;   {optimized virtual_call}
  0x0000013c2bcdbea4: 0000 00e8 

  0x0000013c2bcdbea8: ; ImmutableOopMap {[128]=Oop [152]=Oop [176]=Oop [224]=Oop [248]=Oop [256]=Oop }
                      ;*invokespecial <init> {reexecute=0 rethrow=0 return_oop=0}
                      ; - java.lang.String::<init>@3
                      ; - java.lang.StringBuilder::toString@5
                      ; - org.eclipse.osgi.internal.framework.BundleContextImpl::dispatchEvent@393 (line 1011)
  0x0000013c2bcdbea8: d428 1107 

  0x0000013c2bcdbeac: ;   {other}
  0x0000013c2bcdbeac: 0f1f 8400 | 9c2b 0022 | 488b 9c24 | f800 0000 

  0x0000013c2bcdbebc: ; implicit exception: dispatches to 0x0000013c2bcdee9f
  0x0000013c2bcdbebc: 483b 034c 

  0x0000013c2bcdbec0: ;   {metadata(method data for {method} {0x0000013c03676d80} 'dispatchEvent' '(Ljava/lang/Object;Ljava/lang/Object;ILjava/lang/Object;)V' in 'org/eclipse/osgi/internal/framework/BundleContextImpl')}
  0x0000013c2bcdbec0: 8bc3 49b9 | 00c0 7a03 | 3c01 0000 

  0x0000013c2bcdbecc: ;   {metadata('org/eclipse/osgi/internal/debug/Debug')}
  0x0000013c2bcdbecc: 49ba 8009 | 0940 3c01 | 0000 4d89 | 9170 0c00 | 0049 8381 | 780c 0000 

  0x0000013c2bcdbee4: ;   {metadata(method data for {method} {0x0000013c034e53d0} 'trace' '(Ljava/lang/String;Ljava/lang/String;)V' in 'org/eclipse/osgi/internal/debug/Debug')}
  0x0000013c2bcdbee4: 0149 b890 | 6777 033c | 0100 0045 | 8b88 cc00 | 0000 4183 | c102 4589 | 88cc 0000 | 0041 81e1 
  0x0000013c2bcdbf04: feff 1f00 | 4585 c90f | 8493 2f00 | 008b 5324 

  0x0000013c2bcdbf14: ;   {metadata(method data for {method} {0x0000013c034e53d0} 'trace' '(Ljava/lang/String;Ljava/lang/String;)V' in 'org/eclipse/osgi/internal/debug/Debug')}
  0x0000013c2bcdbf14: 4885 d249 | b890 6777 | 033c 0100 | 0049 c7c1 | 1001 0000 | 7407 49c7 | c120 0100 | 004b 8b34 
  0x0000013c2bcdbf34: 0848 8d76 | 014b 8934 | 080f 84ff | 0200 0048 | 85d2 0f84 | 2900 0000 

  0x0000013c2bcdbf4c: ;   {metadata('org/eclipse/osgi/internal/log/ExtendedLogServiceImpl')}
  0x0000013c2bcdbf4c: 48bf 4056 | 0940 3c01 | 0000 8b72 | 0849 ba00 | 0000 3f3c | 0100 0049 | 03f2 483b | 7e38 0f85 
  0x0000013c2bcdbf6c: 552f 0000 | e900 0000 | 004c 8bc2 

  0x0000013c2bcdbf78: ; implicit exception: dispatches to 0x0000013c2bcdeeca
  0x0000013c2bcdbf78: 483b 024c 

  0x0000013c2bcdbf7c: ;   {metadata(method data for {method} {0x0000013c034e53d0} 'trace' '(Ljava/lang/String;Ljava/lang/String;)V' in 'org/eclipse/osgi/internal/debug/Debug')}
  0x0000013c2bcdbf7c: 8bc2 49b9 | 9067 7703 | 3c01 0000 

  0x0000013c2bcdbf88: ;   {metadata('org/eclipse/osgi/internal/log/ExtendedLogServiceImpl')}
  0x0000013c2bcdbf88: 49ba 4056 | 0940 3c01 | 0000 4d89 | 9140 0100 | 0049 8381 | 4801 0000 

  0x0000013c2bcdbfa0: ;   {metadata(method data for {method} {0x0000013c0350ca80} 'getLogger' '(Ljava/lang/String;)Lorg/osgi/service/log/Logger;' in 'org/eclipse/osgi/internal/log/ExtendedLogServiceImpl')}
  0x0000013c2bcdbfa0: 0149 b8d0 | 6977 033c | 0100 0045 | 8b88 cc00 | 0000 4183 | c102 4589 | 88cc 0000 | 0041 81e1 
  0x0000013c2bcdbfc0: feff 1f00 | 4585 c90f | 8402 2f00 | 004c 8bc2 

  0x0000013c2bcdbfd0: ;   {metadata(method data for {method} {0x0000013c0350ca80} 'getLogger' '(Ljava/lang/String;)Lorg/osgi/service/log/Logger;' in 'org/eclipse/osgi/internal/log/ExtendedLogServiceImpl')}
  0x0000013c2bcdbfd0: 49b9 d069 | 7703 3c01 

  0x0000013c2bcdbfd8: ;   {metadata('org/eclipse/osgi/internal/log/ExtendedLogServiceImpl')}
  0x0000013c2bcdbfd8: 0000 49ba | 4056 0940 | 3c01 0000 | 4d89 9120 | 0100 0049 | 8381 2801 

  0x0000013c2bcdbff0: ;   {metadata(method data for {method} {0x0000013c0350a308} 'getLogger' '(Ljava/lang/String;)Lorg/eclipse/equinox/log/Logger;' in 'org/eclipse/osgi/internal/log/ExtendedLogServiceImpl')}
  0x0000013c2bcdbff0: 0000 0149 | b860 6b77 | 033c 0100 | 0045 8b88 | cc00 0000 | 4183 c102 | 4589 88cc | 0000 0041 
  0x0000013c2bcdc010: 81e1 feff | 1f00 4585 | c90f 84d1 | 2e00 004c 

  0x0000013c2bcdc020: ;   {metadata(method data for {method} {0x0000013c0350a308} 'getLogger' '(Ljava/lang/String;)Lorg/eclipse/equinox/log/Logger;' in 'org/eclipse/osgi/internal/log/ExtendedLogServiceImpl')}
  0x0000013c2bcdc020: 8bc2 49b9 | 606b 7703 | 3c01 0000 

  0x0000013c2bcdc02c: ;   {metadata('org/eclipse/osgi/internal/log/ExtendedLogServiceImpl')}
  0x0000013c2bcdc02c: 49ba 4056 | 0940 3c01 | 0000 4d89 | 9120 0100 | 0049 8381 | 2801 0000 

  0x0000013c2bcdc044: ;   {oop("org.eclipse.osgi/debug/events"{0x00000000d75afa70})}
  0x0000013c2bcdc044: 0149 b870 | fa5a d700 

  0x0000013c2bcdc04c: ;   {oop(a 'java/lang/Class'{0x00000000d72a62c0} = 'org/osgi/service/log/Logger')}
  0x0000013c2bcdc04c: 0000 0049 | b9c0 622a | d700 0000 | 0066 0f1f 

  0x0000013c2bcdc05c: ;   {optimized virtual_call}
  0x0000013c2bcdc05c: 4400 00e8 

  0x0000013c2bcdc060: ; ImmutableOopMap {[128]=Oop [152]=Oop [176]=Oop [224]=Oop [256]=Oop }
                      ;*invokevirtual getLogger {reexecute=0 rethrow=0 return_oop=0}
                      ; - org.eclipse.osgi.internal.log.ExtendedLogServiceImpl::getLogger@4 (line 73)
                      ; - org.eclipse.osgi.internal.log.ExtendedLogServiceImpl::getLogger@2 (line 1)
                      ; - org.eclipse.osgi.internal.debug.Debug::trace@11 (line 265)
                      ; - org.eclipse.osgi.internal.framework.BundleContextImpl::dispatchEvent@396 (line 1010)
  0x0000013c2bcdc060: 1c27 1107 

  0x0000013c2bcdc064: ;   {other}
  0x0000013c2bcdc064: 0f1f 8400 | 542d 0023 | 4885 c075 

  0x0000013c2bcdc070: ;   {metadata(method data for {method} {0x0000013c0350a308} 'getLogger' '(Ljava/lang/String;)Lorg/eclipse/equinox/log/Logger;' in 'org/eclipse/osgi/internal/log/ExtendedLogServiceImpl')}
  0x0000013c2bcdc070: 1648 be60 | 6b77 033c | 0100 0080 | 8e41 0100 | 0001 e9e7 

  0x0000013c2bcdc084: ;   {metadata('org/eclipse/equinox/log/Logger')}
  0x0000013c2bcdc084: 0000 0048 | bff8 2909 | 403c 0100 | 008b 7008 | 49ba 0000 | 003f 3c01 | 0000 4903 | f248 3b7e 
  0x0000013c2bcdc0a4: 200f 841a | 0000 0048 | 3bf7 0f84 | 1100 0000 

  0x0000013c2bcdc0b4: ;   {runtime_call slow_subtype_check Runtime1 stub}
  0x0000013c2bcdc0b4: 5657 e845 | 3b1c 075e | 5e85 f60f | 848d 0000 

  0x0000013c2bcdc0c4: ;   {metadata(method data for {method} {0x0000013c0350a308} 'getLogger' '(Ljava/lang/String;)Lorg/eclipse/equinox/log/Logger;' in 'org/eclipse/osgi/internal/log/ExtendedLogServiceImpl')}
  0x0000013c2bcdc0c4: 0048 be60 | 6b77 033c | 0100 008b | 7808 49ba | 0000 003f | 3c01 0000 | 4903 fa48 | 3bbe 5801 
  0x0000013c2bcdc0e4: 0000 750d | 4883 8660 | 0100 0001 | e979 0000 | 0048 3bbe | 6801 0000 | 750d 4883 | 8670 0100 
  0x0000013c2bcdc104: 0001 e963 | 0000 0048 | 83be 5801 | 0000 0075 | 1748 89be | 5801 0000 | 48c7 8660 | 0100 0001 
  0x0000013c2bcdc124: 0000 00e9 | 4200 0000 | 4883 be68 | 0100 0000 | 7517 4889 | be68 0100 | 0048 c786 | 7001 0000 
  0x0000013c2bcdc144: 0100 0000 | e921 0000 | 00e9 1c00 

  0x0000013c2bcdc150: ;   {metadata(method data for {method} {0x0000013c0350a308} 'getLogger' '(Ljava/lang/String;)Lorg/eclipse/equinox/log/Logger;' in 'org/eclipse/osgi/internal/log/ExtendedLogServiceImpl')}
  0x0000013c2bcdc150: 0000 48be | 606b 7703 | 3c01 0000 | 4883 ae48 | 0100 0001 | e9a8 2d00 | 00e9 0000 | 0000 488b 
  0x0000013c2bcdc170: d048 3b02 

  0x0000013c2bcdc174: ;   {metadata(method data for {method} {0x0000013c034e53d0} 'trace' '(Ljava/lang/String;Ljava/lang/String;)V' in 'org/eclipse/osgi/internal/debug/Debug')}
  0x0000013c2bcdc174: 4c8b c248 | be90 6777 | 033c 0100 | 0045 8b40 | 0849 ba00 | 0000 3f3c | 0100 004d | 03c2 4c3b 
  0x0000013c2bcdc194: 8678 0100 | 0075 0d48 | 8386 8001 | 0000 01e9 | 6000 0000 | 4c3b 8688 | 0100 0075 | 0d48 8386 
  0x0000013c2bcdc1b4: 9001 0000 | 01e9 4a00 | 0000 4883 | be78 0100 | 0000 7517 | 4c89 8678 | 0100 0048 | c786 8001 
  0x0000013c2bcdc1d4: 0000 0100 | 0000 e929 | 0000 0048 | 83be 8801 | 0000 0075 | 174c 8986 | 8801 0000 | 48c7 8690 
  0x0000013c2bcdc1f4: 0100 0001 | 0000 00e9 | 0800 0000 | 4883 8668 | 0100 0001 | 4c8b 8424 | 0001 0000 | 0f1f 4400 
  0x0000013c2bcdc214: 0048 b8ff | ffff ffff 

  0x0000013c2bcdc21c: ;   {virtual_call}
  0x0000013c2bcdc21c: ffff ffe8 

  0x0000013c2bcdc220: ; ImmutableOopMap {[128]=Oop [152]=Oop [176]=Oop [224]=Oop }
                      ;*invokeinterface debug {reexecute=0 rethrow=0 return_oop=0}
                      ; - org.eclipse.osgi.internal.debug.Debug::trace@17 (line 265)
                      ; - org.eclipse.osgi.internal.framework.BundleContextImpl::dispatchEvent@396 (line 1010)
  0x0000013c2bcdc220: 5c28 1107 

  0x0000013c2bcdc224: ;   {other}
  0x0000013c2bcdc224: 0f1f 8400 | 142f 0024 

  0x0000013c2bcdc22c: ;   {metadata(method data for {method} {0x0000013c034e53d0} 'trace' '(Ljava/lang/String;Ljava/lang/String;)V' in 'org/eclipse/osgi/internal/debug/Debug')}
  0x0000013c2bcdc22c: 49b8 9067 | 7703 3c01 | 0000 41ff | 80a0 0100 | 00e9 5200 | 0000 488b | 8424 0001 

  0x0000013c2bcdc248: ;   {oop(a 'java/lang/Class'{0x00000000d72a5990} = 'org/eclipse/osgi/internal/debug/Debug')}
  0x0000013c2bcdc248: 0000 49b8 | 9059 2ad7 | 0000 0000 | 418b 90d0 | 0000 0048 | 3b02 4c8b 

  0x0000013c2bcdc260: ;   {metadata(method data for {method} {0x0000013c034e53d0} 'trace' '(Ljava/lang/String;Ljava/lang/String;)V' in 'org/eclipse/osgi/internal/debug/Debug')}
  0x0000013c2bcdc260: c248 be90 | 6777 033c 

  0x0000013c2bcdc268: ;   {metadata('java/io/PrintStream')}
  0x0000013c2bcdc268: 0100 0049 | bac8 a300 | 3f3c 0100 | 004c 8996 | c801 0000 | 4883 86d0 | 0100 0001 

  0x0000013c2bcdc284: ;   {optimized virtual_call}
  0x0000013c2bcdc284: 4c8b c0e8 

  0x0000013c2bcdc288: ; ImmutableOopMap {[128]=Oop [152]=Oop [176]=Oop [224]=Oop }
                      ;*invokevirtual println {reexecute=0 rethrow=0 return_oop=0}
                      ; - org.eclipse.osgi.internal.debug.Debug::trace@29 (line 267)
                      ; - org.eclipse.osgi.internal.framework.BundleContextImpl::dispatchEvent@396 (line 1010)
  0x0000013c2bcdc288: f424 1107 

  0x0000013c2bcdc28c: ;   {other}
  0x0000013c2bcdc28c: 0f1f 8400 | 7c2f 0025 | 488b 9c24 | e000 0000 | 488b b424 | 9800 0000 | 4885 f675 

  0x0000013c2bcdc2a8: ;   {metadata(method data for {method} {0x0000013c03676d80} 'dispatchEvent' '(Ljava/lang/Object;Ljava/lang/Object;ILjava/lang/Object;)V' in 'org/eclipse/osgi/internal/framework/BundleContextImpl')}
  0x0000013c2bcdc2a8: 1648 bf00 | c07a 033c | 0100 0080 | 8f91 0c00 | 0001 e9cc 

  0x0000013c2bcdc2bc: ;   {metadata('org/osgi/framework/FrameworkEvent')}
  0x0000013c2bcdc2bc: 0000 0048 | b818 6a11 | 403c 0100 | 008b 5608 | 49ba 0000 | 003f 3c01 | 0000 4903 | d248 3bc2 
  0x0000013c2bcdc2dc: 0f85 8d00 

  0x0000013c2bcdc2e0: ;   {metadata(method data for {method} {0x0000013c03676d80} 'dispatchEvent' '(Ljava/lang/Object;Ljava/lang/Object;ILjava/lang/Object;)V' in 'org/eclipse/osgi/internal/framework/BundleContextImpl')}
  0x0000013c2bcdc2e0: 0000 48bf | 00c0 7a03 | 3c01 0000 | 8b46 0849 | ba00 0000 | 3f3c 0100 | 0049 03c2 | 483b 87a8 
  0x0000013c2bcdc300: 0c00 0075 | 0d48 8387 | b00c 0000 | 01e9 7900 | 0000 483b | 87b8 0c00 | 0075 0d48 | 8387 c00c 
  0x0000013c2bcdc320: 0000 01e9 | 6300 0000 | 4883 bfa8 | 0c00 0000 | 7517 4889 | 87a8 0c00 | 0048 c787 | b00c 0000 
  0x0000013c2bcdc340: 0100 0000 | e942 0000 | 0048 83bf | b80c 0000 | 0075 1748 | 8987 b80c | 0000 48c7 | 87c0 0c00 
  0x0000013c2bcdc360: 0001 0000 | 00e9 2100 | 0000 e91c 

  0x0000013c2bcdc36c: ;   {metadata(method data for {method} {0x0000013c03676d80} 'dispatchEvent' '(Ljava/lang/Object;Ljava/lang/Object;ILjava/lang/Object;)V' in 'org/eclipse/osgi/internal/framework/BundleContextImpl')}
  0x0000013c2bcdc36c: 0000 0048 | bf00 c07a | 033c 0100 | 0048 83af | 980c 0000 | 01e9 9e2b | 0000 e900 | 0000 004c 
  0x0000013c2bcdc38c: 8bc6 483b | 0348 8bd3 

  0x0000013c2bcdc394: ;   {metadata(method data for {method} {0x0000013c03676d80} 'dispatchEvent' '(Ljava/lang/Object;Ljava/lang/Object;ILjava/lang/Object;)V' in 'org/eclipse/osgi/internal/framework/BundleContextImpl')}
  0x0000013c2bcdc394: 48bf 00c0 | 7a03 3c01 | 0000 8b52 | 0849 ba00 | 0000 3f3c | 0100 0049 | 03d2 483b | 97e0 0c00 
  0x0000013c2bcdc3b4: 0075 0d48 | 8387 e80c | 0000 01e9 | 6000 0000 | 483b 97f0 | 0c00 0075 | 0d48 8387 | f80c 0000 
  0x0000013c2bcdc3d4: 01e9 4a00 | 0000 4883 | bfe0 0c00 | 0000 7517 | 4889 97e0 | 0c00 0048 | c787 e80c | 0000 0100 
  0x0000013c2bcdc3f4: 0000 e929 | 0000 0048 | 83bf f00c | 0000 0075 | 1748 8997 | f00c 0000 | 48c7 87f8 | 0c00 0001 
  0x0000013c2bcdc414: 0000 00e9 | 0800 0000 | 4883 87d0 | 0c00 0001 | 488b d366 | 0f1f 4400 | 0048 b8ff | ffff ffff 
  0x0000013c2bcdc434: ;   {virtual_call}
  0x0000013c2bcdc434: ffff ffe8 

  0x0000013c2bcdc438: ; ImmutableOopMap {[128]=Oop [152]=Oop [176]=Oop }
                      ;*invokeinterface frameworkEvent {reexecute=0 rethrow=0 return_oop=0}
                      ; - org.eclipse.osgi.internal.framework.BundleContextImpl::dispatchEvent@406 (line 1014)
  0x0000013c2bcdc438: 4426 1107 

  0x0000013c2bcdc43c: ;   {other}
  0x0000013c2bcdc43c: 0f1f 8400 | 2c31 0026 

  0x0000013c2bcdc444: ;   {metadata(method data for {method} {0x0000013c03676d80} 'dispatchEvent' '(Ljava/lang/Object;Ljava/lang/Object;ILjava/lang/Object;)V' in 'org/eclipse/osgi/internal/framework/BundleContextImpl')}
  0x0000013c2bcdc444: 48ba 00c0 | 7a03 3c01 | 0000 ff82 | 080d 0000 | 488b 8424 | b000 0000 | e914 1200 | 0048 8bb4 
  0x0000013c2bcdc464: 2498 0000 | 004c 8b8c | 2490 0000 | 0048 85f6 

  0x0000013c2bcdc474: ;   {metadata(method data for {method} {0x0000013c03676d80} 'dispatchEvent' '(Ljava/lang/Object;Ljava/lang/Object;ILjava/lang/Object;)V' in 'org/eclipse/osgi/internal/framework/BundleContextImpl')}
  0x0000013c2bcdc474: 7516 48b8 | 00c0 7a03 | 3c01 0000 | 8088 e905 | 0000 01e9 | cd00 0000 

  0x0000013c2bcdc48c: ;   {metadata('org/osgi/framework/ServiceEvent')}
  0x0000013c2bcdc48c: 48b9 7052 | 1040 3c01 | 0000 8b46 | 0849 ba00 | 0000 3f3c | 0100 0049 | 03c2 483b | 4840 0f85 
  0x0000013c2bcdc4ac: 8d00 0000 

  0x0000013c2bcdc4b0: ;   {metadata(method data for {method} {0x0000013c03676d80} 'dispatchEvent' '(Ljava/lang/Object;Ljava/lang/Object;ILjava/lang/Object;)V' in 'org/eclipse/osgi/internal/framework/BundleContextImpl')}
  0x0000013c2bcdc4b0: 48b8 00c0 | 7a03 3c01 | 0000 8b4e | 0849 ba00 | 0000 3f3c | 0100 0049 | 03ca 483b | 8800 0600 
  0x0000013c2bcdc4d0: 0075 0d48 | 8380 0806 | 0000 01e9 | 7900 0000 | 483b 8810 | 0600 0075 | 0d48 8380 | 1806 0000 
  0x0000013c2bcdc4f0: 01e9 6300 | 0000 4883 | b800 0600 | 0000 7517 | 4889 8800 | 0600 0048 | c780 0806 | 0000 0100 
  0x0000013c2bcdc510: 0000 e942 | 0000 0048 | 83b8 1006 | 0000 0075 | 1748 8988 | 1006 0000 | 48c7 8018 | 0600 0001 
  0x0000013c2bcdc530: 0000 00e9 | 2100 0000 | e91c 0000 

  0x0000013c2bcdc53c: ;   {metadata(method data for {method} {0x0000013c03676d80} 'dispatchEvent' '(Ljava/lang/Object;Ljava/lang/Object;ILjava/lang/Object;)V' in 'org/eclipse/osgi/internal/framework/BundleContextImpl')}
  0x0000013c2bcdc53c: 0048 b800 | c07a 033c | 0100 0048 | 83a8 f005 | 0000 01e9 | de29 0000 | e900 0000 | 0048 8bde 
  0x0000013c2bcdc55c: 4d85 c975 

  0x0000013c2bcdc560: ;   {metadata(method data for {method} {0x0000013c03676d80} 'dispatchEvent' '(Ljava/lang/Object;Ljava/lang/Object;ILjava/lang/Object;)V' in 'org/eclipse/osgi/internal/framework/BundleContextImpl')}
  0x0000013c2bcdc560: 1648 b800 | c07a 033c | 0100 0080 | 8821 0600 | 0001 e9e9 

  0x0000013c2bcdc574: ;   {metadata('org/osgi/framework/ServiceListener')}
  0x0000013c2bcdc574: 0000 0048 | b948 1d09 | 403c 0100 | 0041 8b41 | 0849 ba00 | 0000 3f3c | 0100 0049 | 03c2 483b 
  0x0000013c2bcdc594: 4820 0f84 | 1a00 0000 | 483b c10f | 8411 0000 

  0x0000013c2bcdc5a4: ;   {runtime_call slow_subtype_check Runtime1 stub}
  0x0000013c2bcdc5a4: 0050 51e8 | 5436 1c07 | 5858 85c0 | 0f84 8e00 

  0x0000013c2bcdc5b4: ;   {metadata(method data for {method} {0x0000013c03676d80} 'dispatchEvent' '(Ljava/lang/Object;Ljava/lang/Object;ILjava/lang/Object;)V' in 'org/eclipse/osgi/internal/framework/BundleContextImpl')}
  0x0000013c2bcdc5b4: 0000 48b8 | 00c0 7a03 | 3c01 0000 | 418b 4908 | 49ba 0000 | 003f 3c01 | 0000 4903 | ca48 3b88 
  0x0000013c2bcdc5d4: 3806 0000 | 750d 4883 | 8040 0600 | 0001 e979 | 0000 0048 | 3b88 4806 | 0000 750d | 4883 8050 
  0x0000013c2bcdc5f4: 0600 0001 | e963 0000 | 0048 83b8 | 3806 0000 | 0075 1748 | 8988 3806 | 0000 48c7 | 8040 0600 
  0x0000013c2bcdc614: 0001 0000 | 00e9 4200 | 0000 4883 | b848 0600 | 0000 7517 | 4889 8848 | 0600 0048 | c780 5006 
  0x0000013c2bcdc634: 0000 0100 | 0000 e921 | 0000 00e9 | 1c00 0000 

  0x0000013c2bcdc644: ;   {metadata(method data for {method} {0x0000013c03676d80} 'dispatchEvent' '(Ljava/lang/Object;Ljava/lang/Object;ILjava/lang/Object;)V' in 'org/eclipse/osgi/internal/framework/BundleContextImpl')}
  0x0000013c2bcdc644: 48b8 00c0 | 7a03 3c01 | 0000 4883 | a828 0600 | 0001 e9e0 | 2800 00e9 | 0000 0000 | 4d8b c18b 
  0x0000013c2bcdc664: 7a18 0fbe | 7f13 85ff 

  0x0000013c2bcdc66c: ;   {metadata(method data for {method} {0x0000013c03676d80} 'dispatchEvent' '(Ljava/lang/Object;Ljava/lang/Object;ILjava/lang/Object;)V' in 'org/eclipse/osgi/internal/framework/BundleContextImpl')}
  0x0000013c2bcdc66c: 48bf 00c0 | 7a03 3c01 | 0000 48c7 | c070 0600 | 0075 0748 | c7c0 6006 | 0000 488b | 0c07 488d 
  0x0000013c2bcdc68c: 4901 4889 | 0c07 0f85 | 0800 0000 | 498b d0e9 | 040f 0000 

  0x0000013c2bcdc6a0: ;   {no_reloc}
  0x0000013c2bcdc6a0: e9b3 2800 | 0000 0000 | 0000 498b | 87b8 0100 | 0048 8d78 | 1849 3bbf | c801 0000 | 0f87 a028 
  0x0000013c2bcdc6c0: 0000 4989 | bfb8 0100 | 0048 c700 | 0100 0000 | 488b ca49 | ba00 0000 | 3f3c 0100 | 0049 2bca 
  0x0000013c2bcdc6e0: 8948 0848 | 33c9 8948 | 0c48 33c9 | 4889 4810 | 4889 8424 | 0801 0000 

  0x0000013c2bcdc6f8: ; implicit exception: dispatches to 0x0000013c2bcdef6f
  0x0000013c2bcdc6f8: 493b 0049 

  0x0000013c2bcdc6fc: ;   {metadata(method data for {method} {0x0000013c03676d80} 'dispatchEvent' '(Ljava/lang/Object;Ljava/lang/Object;ILjava/lang/Object;)V' in 'org/eclipse/osgi/internal/framework/BundleContextImpl')}
  0x0000013c2bcdc6fc: 8bd0 48be | 00c0 7a03 | 3c01 0000 | 4883 8680 | 0600 0001 | 418b 5008 | 49ba 0000 | 003f 3c01 
  0x0000013c2bcdc71c: 0000 4903 | d248 8b52 | 7048 8b12 

  0x0000013c2bcdc728: ; implicit exception: dispatches to 0x0000013c2bcdef74
  0x0000013c2bcdc728: 483b 0248 

  0x0000013c2bcdc72c: ;   {metadata(method data for {method} {0x0000013c03676d80} 'dispatchEvent' '(Ljava/lang/Object;Ljava/lang/Object;ILjava/lang/Object;)V' in 'org/eclipse/osgi/internal/framework/BundleContextImpl')}
  0x0000013c2bcdc72c: 8bf2 48bf | 00c0 7a03 | 3c01 0000 | 4883 87b8 | 0600 0001 

  0x0000013c2bcdc740: ;   {metadata(method data for {method} {0x0000013c3f4697c0} 'getName' '()Ljava/lang/String;' in 'java/lang/Class')}
  0x0000013c2bcdc740: 48be b884 | 0503 3c01 | 0000 8bbe | cc00 0000 | 83c7 0289 | becc 0000 | 0081 e7fe | ff1f 0085 
  0x0000013c2bcdc760: ff0f 8412 | 2800 008b | 722c 4885 

  0x0000013c2bcdc76c: ;   {metadata(method data for {method} {0x0000013c3f4697c0} 'getName' '()Ljava/lang/String;' in 'java/lang/Class')}
  0x0000013c2bcdc76c: f648 bfb8 | 8405 033c | 0100 0048 | c7c1 1001 | 0000 7407 | 48c7 c120 | 0100 004c | 8b2c 0f4d 
  0x0000013c2bcdc78c: 8d6d 014c | 892c 0f0f | 8425 0000 

  0x0000013c2bcdc798: ;   {metadata(method data for {method} {0x0000013c3f4697c0} 'getName' '()Ljava/lang/String;' in 'java/lang/Class')}
  0x0000013c2bcdc798: 0048 bab8 | 8405 033c | 0100 00ff | 8230 0100 | 004c 8984 | 2410 0100 | 0048 899c | 2418 0100 
  0x0000013c2bcdc7b8: 00e9 3900 | 0000 4c89 | 8424 1001 | 0000 4889 | 9c24 1801 | 0000 488b 

  0x0000013c2bcdc7d0: ;   {metadata(method data for {method} {0x0000013c3f4697c0} 'getName' '()Ljava/lang/String;' in 'java/lang/Class')}
  0x0000013c2bcdc7d0: ca49 b9b8 | 8405 033c | 0100 0049 | 8381 4801 | 0000 010f 

  0x0000013c2bcdc7e4: ;   {optimized virtual_call}
  0x0000013c2bcdc7e4: 1f40 00e8 

  0x0000013c2bcdc7e8: ; ImmutableOopMap {[128]=Oop [152]=Oop [176]=Oop [264]=Oop [272]=Oop [280]=Oop }
                      ;*invokevirtual initClassName {reexecute=0 rethrow=0 return_oop=0}
                      ; - java.lang.Class::getName@14
                      ; - org.eclipse.osgi.internal.framework.BundleContextImpl::dispatchEvent@206 (line 996)
  0x0000013c2bcdc7e8: 941f 1107 

  0x0000013c2bcdc7ec: ;   {other}
  0x0000013c2bcdc7ec: 0f1f 8400 | dc34 0027 

  0x0000013c2bcdc7f4: ;   {metadata(method data for {method} {0x0000013c03676d80} 'dispatchEvent' '(Ljava/lang/Object;Ljava/lang/Object;ILjava/lang/Object;)V' in 'org/eclipse/osgi/internal/framework/BundleContextImpl')}
  0x0000013c2bcdc7f4: 488b f048 | ba00 c07a | 033c 0100 | 0048 8382 | f006 0000 

  0x0000013c2bcdc808: ;   {metadata(method data for {method} {0x0000013c3f454f60} 'valueOf' '(Ljava/lang/Object;)Ljava/lang/String;' in 'java/lang/String')}
  0x0000013c2bcdc808: 0148 ba68 | 8809 033c | 0100 008b | bacc 0000 | 0083 c702 | 89ba cc00 | 0000 81e7 | feff 1f00 
  0x0000013c2bcdc828: 85ff 0f84 | 6a27 0000 

  0x0000013c2bcdc830: ;   {metadata(method data for {method} {0x0000013c3f454f60} 'valueOf' '(Ljava/lang/Object;)Ljava/lang/String;' in 'java/lang/String')}
  0x0000013c2bcdc830: 4885 f648 | ba68 8809 | 033c 0100 | 0048 c7c7 | 1001 0000 | 7507 48c7 | c720 0100 | 0048 8b1c 
  0x0000013c2bcdc850: 3a48 8d5b | 0148 891c | 3a0f 851f 

  0x0000013c2bcdc85c: ;   {metadata(method data for {method} {0x0000013c3f454f60} 'valueOf' '(Ljava/lang/Object;)Ljava/lang/String;' in 'java/lang/String')}
  0x0000013c2bcdc85c: 0000 0048 | ba68 8809 | 033c 0100 | 00ff 8230 

  0x0000013c2bcdc86c: ;   {oop("null"{0x0000000080000c40})}
  0x0000013c2bcdc86c: 0100 0048 | be40 0c00 | 8000 0000 | 00e9 b900 | 0000 483b | 0648 8bd6 

  0x0000013c2bcdc884: ;   {metadata(method data for {method} {0x0000013c3f454f60} 'valueOf' '(Ljava/lang/Object;)Ljava/lang/String;' in 'java/lang/String')}
  0x0000013c2bcdc884: 48bf 6888 | 0903 3c01 | 0000 8b52 | 0849 ba00 | 0000 3f3c | 0100 0049 | 03d2 483b | 9758 0100 
  0x0000013c2bcdc8a4: 0075 0d48 | 8387 6001 | 0000 01e9 | 6000 0000 | 483b 9768 | 0100 0075 | 0d48 8387 | 7001 0000 
  0x0000013c2bcdc8c4: 01e9 4a00 | 0000 4883 | bf58 0100 | 0000 7517 | 4889 9758 | 0100 0048 | c787 6001 | 0000 0100 
  0x0000013c2bcdc8e4: 0000 e929 | 0000 0048 | 83bf 6801 | 0000 0075 | 1748 8997 | 6801 0000 | 48c7 8770 | 0100 0001 
  0x0000013c2bcdc904: 0000 00e9 | 0800 0000 | 4883 8748 | 0100 0001 | 488b d666 | 0f1f 4400 | 0048 b8ff | ffff ffff 
  0x0000013c2bcdc924: ;   {virtual_call}
  0x0000013c2bcdc924: ffff ffe8 

  0x0000013c2bcdc928: ; ImmutableOopMap {[128]=Oop [152]=Oop [176]=Oop [264]=Oop [272]=Oop [280]=Oop }
                      ;*invokevirtual toString {reexecute=0 rethrow=0 return_oop=0}
                      ; - java.lang.String::valueOf@11
                      ; - org.eclipse.osgi.internal.framework.BundleContextImpl::dispatchEvent@209 (line 996)
  0x0000013c2bcdc928: 5421 1107 

  0x0000013c2bcdc92c: ;   {other}
  0x0000013c2bcdc92c: 0f1f 8400 | 1c36 0028 | 488b f048 | 8b84 2408 | 0100 004c 

  0x0000013c2bcdc940: ;   {metadata(method data for {method} {0x0000013c03676d80} 'dispatchEvent' '(Ljava/lang/Object;Ljava/lang/Object;ILjava/lang/Object;)V' in 'org/eclipse/osgi/internal/framework/BundleContextImpl')}
  0x0000013c2bcdc940: 8bc0 48bf | 00c0 7a03 | 3c01 0000 | 4883 8700 | 0700 0001 

  0x0000013c2bcdc954: ;   {metadata(method data for {method} {0x0000013c3f461a88} '<init>' '(Ljava/lang/String;)V' in 'java/lang/StringBuilder')}
  0x0000013c2bcdc954: 49b8 00e1 | 3103 3c01 | 0000 418b | b8cc 0000 | 0083 c702 | 4189 b8cc | 0000 0081 | e7fe ff1f 
  0x0000013c2bcdc974: 0085 ff0f | 8443 2600 | 004c 8bc0 

  0x0000013c2bcdc980: ;   {metadata(method data for {method} {0x0000013c3f461a88} '<init>' '(Ljava/lang/String;)V' in 'java/lang/StringBuilder')}
  0x0000013c2bcdc980: 48bf 00e1 | 3103 3c01 | 0000 4883 | 8710 0100 | 0001 4c8b | c648 8bd0 | 0f1f 8000 

  0x0000013c2bcdc99c: ;   {optimized virtual_call}
  0x0000013c2bcdc99c: 0000 00e8 

  0x0000013c2bcdc9a0: ; ImmutableOopMap {[128]=Oop [152]=Oop [176]=Oop [264]=Oop [272]=Oop [280]=Oop }
                      ;*invokespecial <init> {reexecute=0 rethrow=0 return_oop=0}
                      ; - java.lang.StringBuilder::<init>@2
                      ; - org.eclipse.osgi.internal.framework.BundleContextImpl::dispatchEvent@212 (line 996)
  0x0000013c2bcdc9a0: dc1d 1107 

  0x0000013c2bcdc9a4: ;   {other}
  0x0000013c2bcdc9a4: 0f1f 8400 | 9436 0029 | 488b 8424 | 0801 0000 

  0x0000013c2bcdc9b4: ;   {metadata(method data for {method} {0x0000013c03676d80} 'dispatchEvent' '(Ljava/lang/Object;Ljava/lang/Object;ILjava/lang/Object;)V' in 'org/eclipse/osgi/internal/framework/BundleContextImpl')}
  0x0000013c2bcdc9b4: 49b8 00c0 | 7a03 3c01 | 0000 4983 | 8010 0700 

  0x0000013c2bcdc9c4: ;   {metadata(method data for {method} {0x0000013c3f4617c8} 'append' '(Ljava/lang/String;)Ljava/lang/StringBuilder;' in 'java/lang/StringBuilder')}
  0x0000013c2bcdc9c4: 0001 49b8 | b0b3 0003 | 3c01 0000 | 418b 90cc | 0000 0083 | c202 4189 | 90cc 0000 | 0081 e2fe 
  0x0000013c2bcdc9e4: ff1f 0085 | d20f 84f2 | 2500 0048 | 8b84 2408 

  0x0000013c2bcdc9f4: ;   {metadata(method data for {method} {0x0000013c3f4617c8} 'append' '(Ljava/lang/String;)Ljava/lang/StringBuilder;' in 'java/lang/StringBuilder')}
  0x0000013c2bcdc9f4: 0100 0049 | b8b0 b300 | 033c 0100 | 0049 8380 | 1001 0000 

  0x0000013c2bcdca08: ;   {oop("@"{0x0000000080006800})}
  0x0000013c2bcdca08: 0149 b800 | 6800 8000 | 0000 0048 | 8b94 2408 | 0100 000f 

  0x0000013c2bcdca1c: ;   {optimized virtual_call}
  0x0000013c2bcdca1c: 1f40 00e8 

  0x0000013c2bcdca20: ; ImmutableOopMap {[128]=Oop [152]=Oop [176]=Oop [264]=Oop [272]=Oop [280]=Oop }
                      ;*invokespecial append {reexecute=0 rethrow=0 return_oop=0}
                      ; - java.lang.StringBuilder::append@2
                      ; - org.eclipse.osgi.internal.framework.BundleContextImpl::dispatchEvent@218 (line 996)
  0x0000013c2bcdca20: 5c1d 1107 

  0x0000013c2bcdca24: ;   {other}
  0x0000013c2bcdca24: 0f1f 8400 | 1437 002a 

  0x0000013c2bcdca2c: ;   {metadata(method data for {method} {0x0000013c03676d80} 'dispatchEvent' '(Ljava/lang/Object;Ljava/lang/Object;ILjava/lang/Object;)V' in 'org/eclipse/osgi/internal/framework/BundleContextImpl')}
  0x0000013c2bcdca2c: 48ba 00c0 | 7a03 3c01 | 0000 4883 | 8248 0700 | 0001 488b | 9424 1001 

  0x0000013c2bcdca44: ;   {static_call}
  0x0000013c2bcdca44: 0000 90e8 

  0x0000013c2bcdca48: ; ImmutableOopMap {[128]=Oop [152]=Oop [176]=Oop [264]=Oop [272]=Oop [280]=Oop }
                      ;*invokestatic identityHashCode {reexecute=0 rethrow=0 return_oop=0}
                      ; - org.eclipse.osgi.internal.framework.BundleContextImpl::dispatchEvent@223 (line 997)
  0x0000013c2bcdca48: 3423 1107 

  0x0000013c2bcdca4c: ;   {other}
  0x0000013c2bcdca4c: 0f1f 8400 | 3c37 002b 

  0x0000013c2bcdca54: ;   {metadata(method data for {method} {0x0000013c03676d80} 'dispatchEvent' '(Ljava/lang/Object;Ljava/lang/Object;ILjava/lang/Object;)V' in 'org/eclipse/osgi/internal/framework/BundleContextImpl')}
  0x0000013c2bcdca54: 48ba 00c0 | 7a03 3c01 | 0000 4883 | 8258 0700 

  0x0000013c2bcdca64: ;   {metadata(method data for {method} {0x0000013c3f416300} 'toHexString' '(I)Ljava/lang/String;' in 'java/lang/Integer')}
  0x0000013c2bcdca64: 0001 48ba | 204f 3103 | 3c01 0000 | 448b 82cc | 0000 0041 | 83c0 0244 | 8982 cc00 | 0000 4181 
  0x0000013c2bcdca84: e0fe ff1f | 0045 85c0 | 0f84 7025 

  0x0000013c2bcdca90: ;   {metadata(method data for {method} {0x0000013c3f416300} 'toHexString' '(I)Ljava/lang/String;' in 'java/lang/Integer')}
  0x0000013c2bcdca90: 0000 48ba | 204f 3103 | 3c01 0000 | 4883 8210 | 0100 0001 | 488b d041 | b804 0000 

  0x0000013c2bcdcaac: ;   {static_call}
  0x0000013c2bcdcaac: 0066 90e8 

  0x0000013c2bcdcab0: ; ImmutableOopMap {[128]=Oop [152]=Oop [176]=Oop [264]=Oop [272]=Oop [280]=Oop }
                      ;*invokestatic toUnsignedString0 {reexecute=0 rethrow=0 return_oop=0}
                      ; - java.lang.Integer::toHexString@2
                      ; - org.eclipse.osgi.internal.framework.BundleContextImpl::dispatchEvent@226 (line 997)
  0x0000013c2bcdcab0: cc22 1107 

  0x0000013c2bcdcab4: ;   {other}
  0x0000013c2bcdcab4: 0f1f 8400 | a437 002c | 4c8b 8424 | 0801 0000 

  0x0000013c2bcdcac4: ;   {metadata(method data for {method} {0x0000013c03676d80} 'dispatchEvent' '(Ljava/lang/Object;Ljava/lang/Object;ILjava/lang/Object;)V' in 'org/eclipse/osgi/internal/framework/BundleContextImpl')}
  0x0000013c2bcdcac4: 48ba 00c0 | 7a03 3c01 | 0000 4883 | 8268 0700 

  0x0000013c2bcdcad4: ;   {metadata(method data for {method} {0x0000013c3f4617c8} 'append' '(Ljava/lang/String;)Ljava/lang/StringBuilder;' in 'java/lang/StringBuilder')}
  0x0000013c2bcdcad4: 0001 49b8 | b0b3 0003 | 3c01 0000 | 418b 90cc | 0000 0083 | c202 4189 | 90cc 0000 | 0081 e2fe 
  0x0000013c2bcdcaf4: ff1f 0085 | d20f 8424 | 2500 004c | 8b84 2408 

  0x0000013c2bcdcb04: ;   {metadata(method data for {method} {0x0000013c3f4617c8} 'append' '(Ljava/lang/String;)Ljava/lang/StringBuilder;' in 'java/lang/StringBuilder')}
  0x0000013c2bcdcb04: 0100 0048 | bab0 b300 | 033c 0100 | 0048 8382 | 1001 0000 | 014c 8bc0 | 488b 9424 | 0801 0000 
  0x0000013c2bcdcb24: ;   {optimized virtual_call}
  0x0000013c2bcdcb24: 6666 90e8 

  0x0000013c2bcdcb28: ; ImmutableOopMap {[128]=Oop [152]=Oop [176]=Oop [264]=Oop [272]=Oop [280]=Oop }
                      ;*invokespecial append {reexecute=0 rethrow=0 return_oop=0}
                      ; - java.lang.StringBuilder::append@2
                      ; - org.eclipse.osgi.internal.framework.BundleContextImpl::dispatchEvent@229 (line 997)
  0x0000013c2bcdcb28: 541c 1107 

  0x0000013c2bcdcb2c: ;   {other}
  0x0000013c2bcdcb2c: 0f1f 8400 | 1c38 002d | 488b 8424 | 0801 0000 

  0x0000013c2bcdcb3c: ;   {metadata(method data for {method} {0x0000013c03676d80} 'dispatchEvent' '(Ljava/lang/Object;Ljava/lang/Object;ILjava/lang/Object;)V' in 'org/eclipse/osgi/internal/framework/BundleContextImpl')}
  0x0000013c2bcdcb3c: 48ba 00c0 | 7a03 3c01 | 0000 4883 | 82a0 0700 

  0x0000013c2bcdcb4c: ;   {metadata(method data for {method} {0x0000013c3f008958} 'toString' '()Ljava/lang/String;' in 'java/lang/StringBuilder')}
  0x0000013c2bcdcb4c: 0001 48ba | d8ba 0003 | 3c01 0000 | 8bb2 cc00 | 0000 83c6 | 0289 b2cc | 0000 0081 | e6fe ff1f 
  0x0000013c2bcdcb6c: 0085 f60f | 84cf 2400 

  0x0000013c2bcdcb74: ;   {metadata('java/lang/String')}
  0x0000013c2bcdcb74: 0048 ba78 | e800 3f3c | 0100 0049 | 8b87 b801 | 0000 488d | 7818 493b | bfc8 0100 | 000f 87ce 
  0x0000013c2bcdcb94: 2400 0049 | 89bf b801 | 0000 48c7 | 0001 0000 | 0048 8bca | 49ba 0000 | 003f 3c01 | 0000 492b 
  0x0000013c2bcdcbb4: ca89 4808 | 4833 c989 | 480c 4833 | c948 8948 | 1048 8984 | 2420 0100 | 004c 8bc0 

  0x0000013c2bcdcbd0: ;   {metadata(method data for {method} {0x0000013c3f008958} 'toString' '()Ljava/lang/String;' in 'java/lang/StringBuilder')}
  0x0000013c2bcdcbd0: 49b9 d8ba | 0003 3c01 | 0000 4983 | 8110 0100 

  0x0000013c2bcdcbe0: ;   {metadata(method data for {method} {0x0000013c3f455ab8} '<init>' '(Ljava/lang/StringBuilder;)V' in 'java/lang/String')}
  0x0000013c2bcdcbe0: 0001 49b8 | 20bc 0003 | 3c01 0000 | 458b 88cc | 0000 0041 | 83c1 0245 | 8988 cc00 | 0000 4181 
  0x0000013c2bcdcc00: e1fe ff1f | 0045 85c9 | 0f84 6424 | 0000 4c8b 

  0x0000013c2bcdcc10: ;   {metadata(method data for {method} {0x0000013c3f455ab8} '<init>' '(Ljava/lang/StringBuilder;)V' in 'java/lang/String')}
  0x0000013c2bcdcc10: c049 b920 | bc00 033c | 0100 0049 | 8381 1001 | 0000 014c | 8b84 2408 

  0x0000013c2bcdcc28: ;   {oop(nullptr)}
  0x0000013c2bcdcc28: 0100 0049 | b900 0000 | 0000 0000 | 0048 8bd0 | 0f1f 8000 

  0x0000013c2bcdcc3c: ;   {optimized virtual_call}
  0x0000013c2bcdcc3c: 0000 00e8 

  0x0000013c2bcdcc40: ; ImmutableOopMap {[128]=Oop [152]=Oop [176]=Oop [272]=Oop [280]=Oop [288]=Oop }
                      ;*invokespecial <init> {reexecute=0 rethrow=0 return_oop=0}
                      ; - java.lang.String::<init>@3
                      ; - java.lang.StringBuilder::toString@5
                      ; - org.eclipse.osgi.internal.framework.BundleContextImpl::dispatchEvent@232 (line 996)
  0x0000013c2bcdcc40: 3c1b 1107 

  0x0000013c2bcdcc44: ;   {other}
  0x0000013c2bcdcc44: 0f1f 8400 | 3439 002e | 488b 9424 | 8000 0000 | 8b5a 1848 | 899c 2430 | 0100 0090 

  0x0000013c2bcdcc60: ;   {no_reloc}
  0x0000013c2bcdcc60: e93d 2400 | 0000 0000 | 0000 498b | 87b8 0100 | 0048 8d78 | 1849 3bbf | c801 0000 | 0f87 2a24 
  0x0000013c2bcdcc80: 0000 4989 | bfb8 0100 | 0048 c700 | 0100 0000 | 488b ca49 | ba00 0000 | 3f3c 0100 | 0049 2bca 
  0x0000013c2bcdcca0: 8948 0848 | 33c9 8948 | 0c48 33c9 | 4889 4810 | 4889 8424 | 2801 0000 

  0x0000013c2bcdccb8: ;   {metadata(method data for {method} {0x0000013c03676d80} 'dispatchEvent' '(Ljava/lang/Object;Ljava/lang/Object;ILjava/lang/Object;)V' in 'org/eclipse/osgi/internal/framework/BundleContextImpl')}
  0x0000013c2bcdccb8: 4c8b c048 | ba00 c07a | 033c 0100 | 0048 8382 | d807 0000 

  0x0000013c2bcdcccc: ;   {metadata(method data for {method} {0x0000013c3f461a88} '<init>' '(Ljava/lang/String;)V' in 'java/lang/StringBuilder')}
  0x0000013c2bcdcccc: 0149 b800 | e131 033c | 0100 0041 | 8b90 cc00 | 0000 83c2 | 0241 8990 | cc00 0000 | 81e2 feff 
  0x0000013c2bcdccec: 1f00 85d2 | 0f84 c323 | 0000 4c8b 

  0x0000013c2bcdccf8: ;   {metadata(method data for {method} {0x0000013c3f461a88} '<init>' '(Ljava/lang/String;)V' in 'java/lang/StringBuilder')}
  0x0000013c2bcdccf8: c048 ba00 | e131 033c | 0100 0048 | 8382 1001 

  0x0000013c2bcdcd08: ;   {oop("dispatchServiceEvent["{0x00000000d59755e8})}
  0x0000013c2bcdcd08: 0000 0149 | b8e8 5597 | d500 0000 | 0048 8bd0 | 0f1f 8000 

  0x0000013c2bcdcd1c: ;   {optimized virtual_call}
  0x0000013c2bcdcd1c: 0000 00e8 

  0x0000013c2bcdcd20: ; ImmutableOopMap {[128]=Oop [152]=Oop [176]=Oop [272]=Oop [280]=Oop [288]=Oop [296]=Oop [304]=Oop }
                      ;*invokespecial <init> {reexecute=0 rethrow=0 return_oop=0}
                      ; - java.lang.StringBuilder::<init>@2
                      ; - org.eclipse.osgi.internal.framework.BundleContextImpl::dispatchEvent@251 (line 998)
  0x0000013c2bcdcd20: 5c1a 1107 

  0x0000013c2bcdcd24: ;   {other}
  0x0000013c2bcdcd24: 0f1f 8400 | 143a 002f | 488b 9424 | 8000 0000 | 8b72 1048 | 8b84 2428 

  0x0000013c2bcdcd3c: ;   {metadata(method data for {method} {0x0000013c03676d80} 'dispatchEvent' '(Ljava/lang/Object;Ljava/lang/Object;ILjava/lang/Object;)V' in 'org/eclipse/osgi/internal/framework/BundleContextImpl')}
  0x0000013c2bcdcd3c: 0100 0048 | bf00 c07a | 033c 0100 | 0048 8387 | e807 0000 

  0x0000013c2bcdcd50: ;   {metadata(method data for {method} {0x0000013c3f461820} 'append' '(Ljava/lang/Object;)Ljava/lang/StringBuilder;' in 'java/lang/StringBuilder')}
  0x0000013c2bcdcd50: 0148 bfc8 | 8609 033c | 0100 008b | 9fcc 0000 | 0083 c302 | 899f cc00 | 0000 81e3 | feff 1f00 
  0x0000013c2bcdcd70: 85db 0f84 | 6223 0000 

  0x0000013c2bcdcd78: ;   {metadata(method data for {method} {0x0000013c3f461820} 'append' '(Ljava/lang/Object;)Ljava/lang/StringBuilder;' in 'java/lang/StringBuilder')}
  0x0000013c2bcdcd78: 48bf c886 | 0903 3c01 | 0000 4883 | 8710 0100 

  0x0000013c2bcdcd88: ;   {metadata(method data for {method} {0x0000013c3f454f60} 'valueOf' '(Ljava/lang/Object;)Ljava/lang/String;' in 'java/lang/String')}
  0x0000013c2bcdcd88: 0001 48bf | 6888 0903 | 3c01 0000 | 8b9f cc00 | 0000 83c3 | 0289 9fcc | 0000 0081 | e3fe ff1f 
  0x0000013c2bcdcda8: 0085 db0f | 844a 2300 | 0048 85f6 

  0x0000013c2bcdcdb4: ;   {metadata(method data for {method} {0x0000013c3f454f60} 'valueOf' '(Ljava/lang/Object;)Ljava/lang/String;' in 'java/lang/String')}
  0x0000013c2bcdcdb4: 48bf 6888 | 0903 3c01 | 0000 48c7 | c310 0100 | 0075 0748 | c7c3 2001 | 0000 488b | 041f 488d 
  0x0000013c2bcdcdd4: 4001 4889 | 041f 0f85 | 1f00 0000 

  0x0000013c2bcdcde0: ;   {metadata(method data for {method} {0x0000013c3f454f60} 'valueOf' '(Ljava/lang/Object;)Ljava/lang/String;' in 'java/lang/String')}
  0x0000013c2bcdcde0: 48be 6888 | 0903 3c01 | 0000 ff86 | 3001 0000 

  0x0000013c2bcdcdf0: ;   {oop("null"{0x0000000080000c40})}
  0x0000013c2bcdcdf0: 48be 400c | 0080 0000 | 0000 e9b0 | 0000 0048 | 3b06 488b 

  0x0000013c2bcdce04: ;   {metadata(method data for {method} {0x0000013c3f454f60} 'valueOf' '(Ljava/lang/Object;)Ljava/lang/String;' in 'java/lang/String')}
  0x0000013c2bcdce04: fe48 bb68 | 8809 033c | 0100 008b | 7f08 49ba | 0000 003f | 3c01 0000 | 4903 fa48 | 3bbb 5801 
  0x0000013c2bcdce24: 0000 750d | 4883 8360 | 0100 0001 | e960 0000 | 0048 3bbb | 6801 0000 | 750d 4883 | 8370 0100 
  0x0000013c2bcdce44: 0001 e94a | 0000 0048 | 83bb 5801 | 0000 0075 | 1748 89bb | 5801 0000 | 48c7 8360 | 0100 0001 
  0x0000013c2bcdce64: 0000 00e9 | 2900 0000 | 4883 bb68 | 0100 0000 | 7517 4889 | bb68 0100 | 0048 c783 | 7001 0000 
  0x0000013c2bcdce84: 0100 0000 | e908 0000 | 0048 8383 | 4801 0000 | 0148 8bd6 | 0f1f 8000 

  0x0000013c2bcdce9c: ;   {optimized virtual_call}
  0x0000013c2bcdce9c: 0000 00e8 

  0x0000013c2bcdcea0: ; ImmutableOopMap {[128]=Oop [152]=Oop [176]=Oop [272]=Oop [280]=Oop [288]=Oop [296]=Oop [304]=Oop }
                      ;*invokevirtual toString {reexecute=0 rethrow=0 return_oop=0}
                      ; - java.lang.String::valueOf@11
                      ; - java.lang.StringBuilder::append@2
                      ; - org.eclipse.osgi.internal.framework.BundleContextImpl::dispatchEvent@258 (line 998)
  0x0000013c2bcdcea0: dc18 1107 

  0x0000013c2bcdcea4: ;   {other}
  0x0000013c2bcdcea4: 0f1f 8400 | 943b 0030 | 488b f048 | 8b84 2428 

  0x0000013c2bcdceb4: ;   {metadata(method data for {method} {0x0000013c3f461820} 'append' '(Ljava/lang/Object;)Ljava/lang/StringBuilder;' in 'java/lang/StringBuilder')}
  0x0000013c2bcdceb4: 0100 0049 | b8c8 8609 | 033c 0100 | 0049 8380 | 2001 0000 

  0x0000013c2bcdcec8: ;   {metadata(method data for {method} {0x0000013c3f4617c8} 'append' '(Ljava/lang/String;)Ljava/lang/StringBuilder;' in 'java/lang/StringBuilder')}
  0x0000013c2bcdcec8: 0149 b8b0 | b300 033c | 0100 0041 | 8b90 cc00 | 0000 83c2 | 0241 8990 | cc00 0000 | 81e2 feff 
  0x0000013c2bcdcee8: 1f00 85d2 | 0f84 2f22 | 0000 488b | 8424 2801 

  0x0000013c2bcdcef8: ;   {metadata(method data for {method} {0x0000013c3f4617c8} 'append' '(Ljava/lang/String;)Ljava/lang/StringBuilder;' in 'java/lang/StringBuilder')}
  0x0000013c2bcdcef8: 0000 49b8 | b0b3 0003 | 3c01 0000 | 4983 8010 | 0100 0001 | 4c8b c648 | 8b94 2428 

  0x0000013c2bcdcf14: ;   {optimized virtual_call}
  0x0000013c2bcdcf14: 0100 00e8 

  0x0000013c2bcdcf18: ; ImmutableOopMap {[128]=Oop [152]=Oop [176]=Oop [272]=Oop [280]=Oop [288]=Oop [296]=Oop [304]=Oop }
                      ;*invokespecial append {reexecute=0 rethrow=0 return_oop=0}
                      ; - java.lang.StringBuilder::append@2
                      ; - java.lang.StringBuilder::append@5
                      ; - org.eclipse.osgi.internal.framework.BundleContextImpl::dispatchEvent@258 (line 998)
  0x0000013c2bcdcf18: 6418 1107 

  0x0000013c2bcdcf1c: ;   {other}
  0x0000013c2bcdcf1c: 0f1f 8400 | 0c3c 0031 | 488b 8424 | 2801 0000 

  0x0000013c2bcdcf2c: ;   {metadata(method data for {method} {0x0000013c03676d80} 'dispatchEvent' '(Ljava/lang/Object;Ljava/lang/Object;ILjava/lang/Object;)V' in 'org/eclipse/osgi/internal/framework/BundleContextImpl')}
  0x0000013c2bcdcf2c: 4c8b c048 | ba00 c07a | 033c 0100 | 0048 8382 | 2008 0000 

  0x0000013c2bcdcf40: ;   {metadata(method data for {method} {0x0000013c3f4617c8} 'append' '(Ljava/lang/String;)Ljava/lang/StringBuilder;' in 'java/lang/StringBuilder')}
  0x0000013c2bcdcf40: 0149 b8b0 | b300 033c | 0100 0041 | 8b90 cc00 | 0000 83c2 | 0241 8990 | cc00 0000 | 81e2 feff 
  0x0000013c2bcdcf60: 1f00 85d2 | 0f84 d821 | 0000 4c8b 

  0x0000013c2bcdcf6c: ;   {metadata(method data for {method} {0x0000013c3f4617c8} 'append' '(Ljava/lang/String;)Ljava/lang/StringBuilder;' in 'java/lang/StringBuilder')}
  0x0000013c2bcdcf6c: c048 bab0 | b300 033c | 0100 0048 | 8382 1001 

  0x0000013c2bcdcf7c: ;   {oop("]("{0x00000000d59755b8})}
  0x0000013c2bcdcf7c: 0000 0149 | b8b8 5597 | d500 0000 | 0048 8bd0 

  0x0000013c2bcdcf8c: ;   {optimized virtual_call}
  0x0000013c2bcdcf8c: 6666 90e8 

  0x0000013c2bcdcf90: ; ImmutableOopMap {[128]=Oop [152]=Oop [176]=Oop [272]=Oop [280]=Oop [288]=Oop [296]=Oop [304]=Oop }
                      ;*invokespecial append {reexecute=0 rethrow=0 return_oop=0}
                      ; - java.lang.StringBuilder::append@2
                      ; - org.eclipse.osgi.internal.framework.BundleContextImpl::dispatchEvent@264 (line 998)
  0x0000013c2bcdcf90: ec17 1107 

  0x0000013c2bcdcf94: ;   {other}
  0x0000013c2bcdcf94: 0f1f 8400 | 843c 0032 | 488b 8424 | 2801 0000 

  0x0000013c2bcdcfa4: ;   {metadata(method data for {method} {0x0000013c03676d80} 'dispatchEvent' '(Ljava/lang/Object;Ljava/lang/Object;ILjava/lang/Object;)V' in 'org/eclipse/osgi/internal/framework/BundleContextImpl')}
  0x0000013c2bcdcfa4: 49b8 00c0 | 7a03 3c01 | 0000 4983 | 8058 0800 

  0x0000013c2bcdcfb4: ;   {metadata(method data for {method} {0x0000013c3f4617c8} 'append' '(Ljava/lang/String;)Ljava/lang/StringBuilder;' in 'java/lang/StringBuilder')}
  0x0000013c2bcdcfb4: 0001 49b8 | b0b3 0003 | 3c01 0000 | 418b 90cc | 0000 0083 | c202 4189 | 90cc 0000 | 0081 e2fe 
  0x0000013c2bcdcfd4: ff1f 0085 | d20f 8484 | 2100 0048 | 8b84 2428 

  0x0000013c2bcdcfe4: ;   {metadata(method data for {method} {0x0000013c3f4617c8} 'append' '(Ljava/lang/String;)Ljava/lang/StringBuilder;' in 'java/lang/StringBuilder')}
  0x0000013c2bcdcfe4: 0100 0049 | b8b0 b300 | 033c 0100 | 0049 8380 | 1001 0000 | 014c 8b84 | 2420 0100 | 0048 8b94 
  0x0000013c2bcdd004: 2428 0100 | 0066 0f1f 

  0x0000013c2bcdd00c: ;   {optimized virtual_call}
  0x0000013c2bcdd00c: 4400 00e8 

  0x0000013c2bcdd010: ; ImmutableOopMap {[128]=Oop [152]=Oop [176]=Oop [272]=Oop [280]=Oop [296]=Oop [304]=Oop }
                      ;*invokespecial append {reexecute=0 rethrow=0 return_oop=0}
                      ; - java.lang.StringBuilder::append@2
                      ; - org.eclipse.osgi.internal.framework.BundleContextImpl::dispatchEvent@269 (line 998)
  0x0000013c2bcdd010: 6c17 1107 

  0x0000013c2bcdd014: ;   {other}
  0x0000013c2bcdd014: 0f1f 8400 | 043d 0033 | 488b 8424 | 2801 0000 

  0x0000013c2bcdd024: ;   {metadata(method data for {method} {0x0000013c03676d80} 'dispatchEvent' '(Ljava/lang/Object;Ljava/lang/Object;ILjava/lang/Object;)V' in 'org/eclipse/osgi/internal/framework/BundleContextImpl')}
  0x0000013c2bcdd024: 49b8 00c0 | 7a03 3c01 | 0000 4983 | 8090 0800 

  0x0000013c2bcdd034: ;   {metadata(method data for {method} {0x0000013c3f4617c8} 'append' '(Ljava/lang/String;)Ljava/lang/StringBuilder;' in 'java/lang/StringBuilder')}
  0x0000013c2bcdd034: 0001 49b8 | b0b3 0003 | 3c01 0000 | 418b 90cc | 0000 0083 | c202 4189 | 90cc 0000 | 0081 e2fe 
  0x0000013c2bcdd054: ff1f 0085 | d20f 8425 | 2100 0048 | 8b84 2428 

  0x0000013c2bcdd064: ;   {metadata(method data for {method} {0x0000013c3f4617c8} 'append' '(Ljava/lang/String;)Ljava/lang/StringBuilder;' in 'java/lang/StringBuilder')}
  0x0000013c2bcdd064: 0100 0049 | b8b0 b300 | 033c 0100 | 0049 8380 | 1001 0000 

  0x0000013c2bcdd078: ;   {oop(")"{0x0000000080000898})}
  0x0000013c2bcdd078: 0149 b898 | 0800 8000 | 0000 0048 | 8b94 2428 | 0100 000f 

  0x0000013c2bcdd08c: ;   {optimized virtual_call}
  0x0000013c2bcdd08c: 1f40 00e8 

  0x0000013c2bcdd090: ; ImmutableOopMap {[128]=Oop [152]=Oop [176]=Oop [272]=Oop [280]=Oop [296]=Oop [304]=Oop }
                      ;*invokespecial append {reexecute=0 rethrow=0 return_oop=0}
                      ; - java.lang.StringBuilder::append@2
                      ; - org.eclipse.osgi.internal.framework.BundleContextImpl::dispatchEvent@275 (line 998)
  0x0000013c2bcdd090: ec16 1107 

  0x0000013c2bcdd094: ;   {other}
  0x0000013c2bcdd094: 0f1f 8400 | 843d 0034 | 488b 8424 | 2801 0000 

  0x0000013c2bcdd0a4: ;   {metadata(method data for {method} {0x0000013c03676d80} 'dispatchEvent' '(Ljava/lang/Object;Ljava/lang/Object;ILjava/lang/Object;)V' in 'org/eclipse/osgi/internal/framework/BundleContextImpl')}
  0x0000013c2bcdd0a4: 48ba 00c0 | 7a03 3c01 | 0000 4883 | 82c8 0800 

  0x0000013c2bcdd0b4: ;   {metadata(method data for {method} {0x0000013c3f008958} 'toString' '()Ljava/lang/String;' in 'java/lang/StringBuilder')}
  0x0000013c2bcdd0b4: 0001 48ba | d8ba 0003 | 3c01 0000 | 8bb2 cc00 | 0000 83c6 | 0289 b2cc | 0000 0081 | e6fe ff1f 
  0x0000013c2bcdd0d4: 0085 f60f | 84c8 2000 

  0x0000013c2bcdd0dc: ;   {metadata('java/lang/String')}
  0x0000013c2bcdd0dc: 0048 ba78 | e800 3f3c | 0100 0049 | 8b87 b801 | 0000 488d | 7818 493b | bfc8 0100 | 000f 87c7 
  0x0000013c2bcdd0fc: 2000 0049 | 89bf b801 | 0000 48c7 | 0001 0000 | 0048 8bca | 49ba 0000 | 003f 3c01 | 0000 492b 
  0x0000013c2bcdd11c: ca89 4808 | 4833 c989 | 480c 4833 | c948 8948 | 104c 8bc0 

  0x0000013c2bcdd130: ;   {metadata(method data for {method} {0x0000013c3f008958} 'toString' '()Ljava/lang/String;' in 'java/lang/StringBuilder')}
  0x0000013c2bcdd130: 49b9 d8ba | 0003 3c01 | 0000 4983 | 8110 0100 

  0x0000013c2bcdd140: ;   {metadata(method data for {method} {0x0000013c3f455ab8} '<init>' '(Ljava/lang/StringBuilder;)V' in 'java/lang/String')}
  0x0000013c2bcdd140: 0001 49b8 | 20bc 0003 | 3c01 0000 | 458b 88cc | 0000 0041 | 83c1 0245 | 8988 cc00 | 0000 4181 
  0x0000013c2bcdd160: e1fe ff1f | 0045 85c9 | 0f84 6520 | 0000 4c8b 

  0x0000013c2bcdd170: ;   {metadata(method data for {method} {0x0000013c3f455ab8} '<init>' '(Ljava/lang/StringBuilder;)V' in 'java/lang/String')}
  0x0000013c2bcdd170: c049 b920 | bc00 033c | 0100 0049 | 8381 1001 | 0000 014c | 8b84 2428 

  0x0000013c2bcdd188: ;   {oop(nullptr)}
  0x0000013c2bcdd188: 0100 0049 | b900 0000 | 0000 0000 | 0048 8bd0 | 4889 8424 | 3801 0000 | 0f1f 8000 

  0x0000013c2bcdd1a4: ;   {optimized virtual_call}
  0x0000013c2bcdd1a4: 0000 00e8 

  0x0000013c2bcdd1a8: ; ImmutableOopMap {[128]=Oop [152]=Oop [176]=Oop [272]=Oop [280]=Oop [304]=Oop [312]=Oop }
                      ;*invokespecial <init> {reexecute=0 rethrow=0 return_oop=0}
                      ; - java.lang.String::<init>@3
                      ; - java.lang.StringBuilder::toString@5
                      ; - org.eclipse.osgi.internal.framework.BundleContextImpl::dispatchEvent@278 (line 998)
  0x0000013c2bcdd1a8: d415 1107 

  0x0000013c2bcdd1ac: ;   {other}
  0x0000013c2bcdd1ac: 0f1f 8400 | 9c3e 0035 | 488b 9c24 | 3001 0000 

  0x0000013c2bcdd1bc: ; implicit exception: dispatches to 0x0000013c2bcdf1f4
  0x0000013c2bcdd1bc: 483b 034c 

  0x0000013c2bcdd1c0: ;   {metadata(method data for {method} {0x0000013c03676d80} 'dispatchEvent' '(Ljava/lang/Object;Ljava/lang/Object;ILjava/lang/Object;)V' in 'org/eclipse/osgi/internal/framework/BundleContextImpl')}
  0x0000013c2bcdd1c0: 8bc3 49b9 | 00c0 7a03 | 3c01 0000 

  0x0000013c2bcdd1cc: ;   {metadata('org/eclipse/osgi/internal/debug/Debug')}
  0x0000013c2bcdd1cc: 49ba 8009 | 0940 3c01 | 0000 4d89 | 9110 0900 | 0049 8381 | 1809 0000 

  0x0000013c2bcdd1e4: ;   {metadata(method data for {method} {0x0000013c034e53d0} 'trace' '(Ljava/lang/String;Ljava/lang/String;)V' in 'org/eclipse/osgi/internal/debug/Debug')}
  0x0000013c2bcdd1e4: 0149 b890 | 6777 033c | 0100 0045 | 8b88 cc00 | 0000 4183 | c102 4589 | 88cc 0000 | 0041 81e1 
  0x0000013c2bcdd204: feff 1f00 | 4585 c90f | 84e8 1f00 | 008b 5324 

  0x0000013c2bcdd214: ;   {metadata(method data for {method} {0x0000013c034e53d0} 'trace' '(Ljava/lang/String;Ljava/lang/String;)V' in 'org/eclipse/osgi/internal/debug/Debug')}
  0x0000013c2bcdd214: 4885 d249 | b890 6777 | 033c 0100 | 0049 c7c1 | 1001 0000 | 7407 49c7 | c120 0100 | 004b 8b34 
  0x0000013c2bcdd234: 0848 8d76 | 014b 8934 | 080f 84ff | 0200 0048 | 85d2 0f84 | 2900 0000 

  0x0000013c2bcdd24c: ;   {metadata('org/eclipse/osgi/internal/log/ExtendedLogServiceImpl')}
  0x0000013c2bcdd24c: 48bf 4056 | 0940 3c01 | 0000 8b72 | 0849 ba00 | 0000 3f3c | 0100 0049 | 03f2 483b | 7e38 0f85 
  0x0000013c2bcdd26c: aa1f 0000 | e900 0000 | 004c 8bc2 

  0x0000013c2bcdd278: ; implicit exception: dispatches to 0x0000013c2bcdf21f
  0x0000013c2bcdd278: 483b 024c 

  0x0000013c2bcdd27c: ;   {metadata(method data for {method} {0x0000013c034e53d0} 'trace' '(Ljava/lang/String;Ljava/lang/String;)V' in 'org/eclipse/osgi/internal/debug/Debug')}
  0x0000013c2bcdd27c: 8bc2 49b9 | 9067 7703 | 3c01 0000 

  0x0000013c2bcdd288: ;   {metadata('org/eclipse/osgi/internal/log/ExtendedLogServiceImpl')}
  0x0000013c2bcdd288: 49ba 4056 | 0940 3c01 | 0000 4d89 | 9140 0100 | 0049 8381 | 4801 0000 

  0x0000013c2bcdd2a0: ;   {metadata(method data for {method} {0x0000013c0350ca80} 'getLogger' '(Ljava/lang/String;)Lorg/osgi/service/log/Logger;' in 'org/eclipse/osgi/internal/log/ExtendedLogServiceImpl')}
  0x0000013c2bcdd2a0: 0149 b8d0 | 6977 033c | 0100 0045 | 8b88 cc00 | 0000 4183 | c102 4589 | 88cc 0000 | 0041 81e1 
  0x0000013c2bcdd2c0: feff 1f00 | 4585 c90f | 8457 1f00 | 004c 8bc2 

  0x0000013c2bcdd2d0: ;   {metadata(method data for {method} {0x0000013c0350ca80} 'getLogger' '(Ljava/lang/String;)Lorg/osgi/service/log/Logger;' in 'org/eclipse/osgi/internal/log/ExtendedLogServiceImpl')}
  0x0000013c2bcdd2d0: 49b9 d069 | 7703 3c01 

  0x0000013c2bcdd2d8: ;   {metadata('org/eclipse/osgi/internal/log/ExtendedLogServiceImpl')}
  0x0000013c2bcdd2d8: 0000 49ba | 4056 0940 | 3c01 0000 | 4d89 9120 | 0100 0049 | 8381 2801 

  0x0000013c2bcdd2f0: ;   {metadata(method data for {method} {0x0000013c0350a308} 'getLogger' '(Ljava/lang/String;)Lorg/eclipse/equinox/log/Logger;' in 'org/eclipse/osgi/internal/log/ExtendedLogServiceImpl')}
  0x0000013c2bcdd2f0: 0000 0149 | b860 6b77 | 033c 0100 | 0045 8b88 | cc00 0000 | 4183 c102 | 4589 88cc | 0000 0041 
  0x0000013c2bcdd310: 81e1 feff | 1f00 4585 | c90f 8426 | 1f00 004c 

  0x0000013c2bcdd320: ;   {metadata(method data for {method} {0x0000013c0350a308} 'getLogger' '(Ljava/lang/String;)Lorg/eclipse/equinox/log/Logger;' in 'org/eclipse/osgi/internal/log/ExtendedLogServiceImpl')}
  0x0000013c2bcdd320: 8bc2 49b9 | 606b 7703 | 3c01 0000 

  0x0000013c2bcdd32c: ;   {metadata('org/eclipse/osgi/internal/log/ExtendedLogServiceImpl')}
  0x0000013c2bcdd32c: 49ba 4056 | 0940 3c01 | 0000 4d89 | 9120 0100 | 0049 8381 | 2801 0000 

  0x0000013c2bcdd344: ;   {oop("org.eclipse.osgi/debug/events"{0x00000000d75afa70})}
  0x0000013c2bcdd344: 0149 b870 | fa5a d700 

  0x0000013c2bcdd34c: ;   {oop(a 'java/lang/Class'{0x00000000d72a62c0} = 'org/osgi/service/log/Logger')}
  0x0000013c2bcdd34c: 0000 0049 | b9c0 622a | d700 0000 | 0066 0f1f 

  0x0000013c2bcdd35c: ;   {optimized virtual_call}
  0x0000013c2bcdd35c: 4400 00e8 

  0x0000013c2bcdd360: ; ImmutableOopMap {[128]=Oop [152]=Oop [176]=Oop [272]=Oop [280]=Oop [312]=Oop }
                      ;*invokevirtual getLogger {reexecute=0 rethrow=0 return_oop=0}
                      ; - org.eclipse.osgi.internal.log.ExtendedLogServiceImpl::getLogger@4 (line 73)
                      ; - org.eclipse.osgi.internal.log.ExtendedLogServiceImpl::getLogger@2 (line 1)
                      ; - org.eclipse.osgi.internal.debug.Debug::trace@11 (line 265)
                      ; - org.eclipse.osgi.internal.framework.BundleContextImpl::dispatchEvent@281 (line 998)
  0x0000013c2bcdd360: 1c14 1107 

  0x0000013c2bcdd364: ;   {other}
  0x0000013c2bcdd364: 0f1f 8400 | 5440 0036 | 4885 c075 

  0x0000013c2bcdd370: ;   {metadata(method data for {method} {0x0000013c0350a308} 'getLogger' '(Ljava/lang/String;)Lorg/eclipse/equinox/log/Logger;' in 'org/eclipse/osgi/internal/log/ExtendedLogServiceImpl')}
  0x0000013c2bcdd370: 1648 be60 | 6b77 033c | 0100 0080 | 8e41 0100 | 0001 e9e7 

  0x0000013c2bcdd384: ;   {metadata('org/eclipse/equinox/log/Logger')}
  0x0000013c2bcdd384: 0000 0048 | bff8 2909 | 403c 0100 | 008b 7008 | 49ba 0000 | 003f 3c01 | 0000 4903 | f248 3b7e 
  0x0000013c2bcdd3a4: 200f 841a | 0000 0048 | 3bf7 0f84 | 1100 0000 

  0x0000013c2bcdd3b4: ;   {runtime_call slow_subtype_check Runtime1 stub}
  0x0000013c2bcdd3b4: 5657 e845 | 281c 075e | 5e85 f60f | 848d 0000 

  0x0000013c2bcdd3c4: ;   {metadata(method data for {method} {0x0000013c0350a308} 'getLogger' '(Ljava/lang/String;)Lorg/eclipse/equinox/log/Logger;' in 'org/eclipse/osgi/internal/log/ExtendedLogServiceImpl')}
  0x0000013c2bcdd3c4: 0048 be60 | 6b77 033c | 0100 008b | 7808 49ba | 0000 003f | 3c01 0000 | 4903 fa48 | 3bbe 5801 
  0x0000013c2bcdd3e4: 0000 750d | 4883 8660 | 0100 0001 | e979 0000 | 0048 3bbe | 6801 0000 | 750d 4883 | 8670 0100 
  0x0000013c2bcdd404: 0001 e963 | 0000 0048 | 83be 5801 | 0000 0075 | 1748 89be | 5801 0000 | 48c7 8660 | 0100 0001 
  0x0000013c2bcdd424: 0000 00e9 | 4200 0000 | 4883 be68 | 0100 0000 | 7517 4889 | be68 0100 | 0048 c786 | 7001 0000 
  0x0000013c2bcdd444: 0100 0000 | e921 0000 | 00e9 1c00 

  0x0000013c2bcdd450: ;   {metadata(method data for {method} {0x0000013c0350a308} 'getLogger' '(Ljava/lang/String;)Lorg/eclipse/equinox/log/Logger;' in 'org/eclipse/osgi/internal/log/ExtendedLogServiceImpl')}
  0x0000013c2bcdd450: 0000 48be | 606b 7703 | 3c01 0000 | 4883 ae48 | 0100 0001 | e9fd 1d00 | 00e9 0000 | 0000 488b 
  0x0000013c2bcdd470: d048 3b02 

  0x0000013c2bcdd474: ;   {metadata(method data for {method} {0x0000013c034e53d0} 'trace' '(Ljava/lang/String;Ljava/lang/String;)V' in 'org/eclipse/osgi/internal/debug/Debug')}
  0x0000013c2bcdd474: 4c8b c248 | be90 6777 | 033c 0100 | 0045 8b40 | 0849 ba00 | 0000 3f3c | 0100 004d | 03c2 4c3b 
  0x0000013c2bcdd494: 8678 0100 | 0075 0d48 | 8386 8001 | 0000 01e9 | 6000 0000 | 4c3b 8688 | 0100 0075 | 0d48 8386 
  0x0000013c2bcdd4b4: 9001 0000 | 01e9 4a00 | 0000 4883 | be78 0100 | 0000 7517 | 4c89 8678 | 0100 0048 | c786 8001 
  0x0000013c2bcdd4d4: 0000 0100 | 0000 e929 | 0000 0048 | 83be 8801 | 0000 0075 | 174c 8986 | 8801 0000 | 48c7 8690 
  0x0000013c2bcdd4f4: 0100 0001 | 0000 00e9 | 0800 0000 | 4883 8668 | 0100 0001 | 4c8b 8424 | 3801 0000 | 0f1f 4400 
  0x0000013c2bcdd514: 0048 b8ff | ffff ffff 

  0x0000013c2bcdd51c: ;   {virtual_call}
  0x0000013c2bcdd51c: ffff ffe8 

  0x0000013c2bcdd520: ; ImmutableOopMap {[128]=Oop [152]=Oop [176]=Oop [272]=Oop [280]=Oop }
                      ;*invokeinterface debug {reexecute=0 rethrow=0 return_oop=0}
                      ; - org.eclipse.osgi.internal.debug.Debug::trace@17 (line 265)
                      ; - org.eclipse.osgi.internal.framework.BundleContextImpl::dispatchEvent@281 (line 998)
  0x0000013c2bcdd520: 5c15 1107 

  0x0000013c2bcdd524: ;   {other}
  0x0000013c2bcdd524: 0f1f 8400 | 1442 0037 

  0x0000013c2bcdd52c: ;   {metadata(method data for {method} {0x0000013c034e53d0} 'trace' '(Ljava/lang/String;Ljava/lang/String;)V' in 'org/eclipse/osgi/internal/debug/Debug')}
  0x0000013c2bcdd52c: 49b8 9067 | 7703 3c01 | 0000 41ff | 80a0 0100 | 00e9 5200 | 0000 488b | 8424 3801 

  0x0000013c2bcdd548: ;   {oop(a 'java/lang/Class'{0x00000000d72a5990} = 'org/eclipse/osgi/internal/debug/Debug')}
  0x0000013c2bcdd548: 0000 49b8 | 9059 2ad7 | 0000 0000 | 418b 90d0 | 0000 0048 | 3b02 4c8b 

  0x0000013c2bcdd560: ;   {metadata(method data for {method} {0x0000013c034e53d0} 'trace' '(Ljava/lang/String;Ljava/lang/String;)V' in 'org/eclipse/osgi/internal/debug/Debug')}
  0x0000013c2bcdd560: c248 be90 | 6777 033c 

  0x0000013c2bcdd568: ;   {metadata('java/io/PrintStream')}
  0x0000013c2bcdd568: 0100 0049 | bac8 a300 | 3f3c 0100 | 004c 8996 | c801 0000 | 4883 86d0 | 0100 0001 

  0x0000013c2bcdd584: ;   {optimized virtual_call}
  0x0000013c2bcdd584: 4c8b c0e8 

  0x0000013c2bcdd588: ; ImmutableOopMap {[128]=Oop [152]=Oop [176]=Oop [272]=Oop [280]=Oop }
                      ;*invokevirtual println {reexecute=0 rethrow=0 return_oop=0}
                      ; - org.eclipse.osgi.internal.debug.Debug::trace@29 (line 267)
                      ; - org.eclipse.osgi.internal.framework.BundleContextImpl::dispatchEvent@281 (line 998)
  0x0000013c2bcdd588: f411 1107 

  0x0000013c2bcdd58c: ;   {other}
  0x0000013c2bcdd58c: 0f1f 8400 | 7c42 0038 | 488b 9424 | 1001 0000 | 488b 9c24 | 1801 0000 

  0x0000013c2bcdd5a4: ; implicit exception: dispatches to 0x0000013c2bcdf279
  0x0000013c2bcdd5a4: 483b 024c 

  0x0000013c2bcdd5a8: ;   {metadata(method data for {method} {0x0000013c03676d80} 'dispatchEvent' '(Ljava/lang/Object;Ljava/lang/Object;ILjava/lang/Object;)V' in 'org/eclipse/osgi/internal/framework/BundleContextImpl')}
  0x0000013c2bcdd5a8: 8bc2 48be | 00c0 7a03 | 3c01 0000 | 458b 4008 | 49ba 0000 | 003f 3c01 | 0000 4d03 | c24c 3b86 
  0x0000013c2bcdd5c8: 4809 0000 | 750d 4883 | 8650 0900 | 0001 e960 | 0000 004c | 3b86 5809 | 0000 750d | 4883 8660 
  0x0000013c2bcdd5e8: 0900 0001 | e94a 0000 | 0048 83be | 4809 0000 | 0075 174c | 8986 4809 | 0000 48c7 | 8650 0900 
  0x0000013c2bcdd608: 0001 0000 | 00e9 2900 | 0000 4883 | be58 0900 | 0000 7517 | 4c89 8658 | 0900 0048 | c786 6009 
  0x0000013c2bcdd628: 0000 0100 | 0000 e908 | 0000 0048 | 8386 3809 | 0000 014c | 8bc3 0f1f | 8000 0000 | 0048 b8ff 
  0x0000013c2bcdd648: ffff ffff 

  0x0000013c2bcdd64c: ;   {virtual_call}
  0x0000013c2bcdd64c: ffff ffe8 

  0x0000013c2bcdd650: ; ImmutableOopMap {[128]=Oop [152]=Oop [176]=Oop }
                      ;*invokeinterface serviceChanged {reexecute=0 rethrow=0 return_oop=0}
                      ; - org.eclipse.osgi.internal.framework.BundleContextImpl::dispatchEvent@288 (line 1000)
  0x0000013c2bcdd650: 2c14 1107 

  0x0000013c2bcdd654: ;   {other}
  0x0000013c2bcdd654: 0f1f 8400 | 4443 0039 

  0x0000013c2bcdd65c: ;   {metadata(method data for {method} {0x0000013c03676d80} 'dispatchEvent' '(Ljava/lang/Object;Ljava/lang/Object;ILjava/lang/Object;)V' in 'org/eclipse/osgi/internal/framework/BundleContextImpl')}
  0x0000013c2bcdd65c: 49b8 00c0 | 7a03 3c01 | 0000 41ff | 8070 0900 | 0048 8b84 | 24b0 0000 

  0x0000013c2bcdd674: ;   {oop(a 'java/lang/Boolean'{0x00000000800047f8} = false)}
  0x0000013c2bcdd674: 0049 baf8 | 4700 8000 | 0000 0049 

  0x0000013c2bcdd680: ;   {metadata(method data for {method} {0x0000013c03676d80} 'dispatchEvent' '(Ljava/lang/Object;Ljava/lang/Object;ILjava/lang/Object;)V' in 'org/eclipse/osgi/internal/framework/BundleContextImpl')}
  0x0000013c2bcdd680: 3bc2 49b8 | 00c0 7a03 | 3c01 0000 | 48c7 c2f0 | 1000 0074 | 0748 c7c2 | 0011 0000 | 498b 3410 
  0x0000013c2bcdd6a0: 488d 7601 | 4989 3410 | 0f84 e60e 

  0x0000013c2bcdd6ac: ;   {metadata(method data for {method} {0x0000013c03676d80} 'dispatchEvent' '(Ljava/lang/Object;Ljava/lang/Object;ILjava/lang/Object;)V' in 'org/eclipse/osgi/internal/framework/BundleContextImpl')}
  0x0000013c2bcdd6ac: 0000 49b8 | 00c0 7a03 | 3c01 0000 | 4983 8010 | 1100 0001 | 4885 c075 

  0x0000013c2bcdd6c4: ;   {metadata(method data for {method} {0x0000013c03676d80} 'dispatchEvent' '(Ljava/lang/Object;Ljava/lang/Object;ILjava/lang/Object;)V' in 'org/eclipse/osgi/internal/framework/BundleContextImpl')}
  0x0000013c2bcdd6c4: 1648 be00 | c07a 033c | 0100 0080 | 8e19 1100 | 0001 e9cd 

  0x0000013c2bcdd6d8: ;   {metadata('java/lang/ClassLoader')}
  0x0000013c2bcdd6d8: 0000 0048 | bf40 4001 | 3f3c 0100 | 008b 7008 | 49ba 0000 | 003f 3c01 | 0000 4903 | f248 3b7e 
  0x0000013c2bcdd6f8: 380f 858d 

  0x0000013c2bcdd6fc: ;   {metadata(method data for {method} {0x0000013c03676d80} 'dispatchEvent' '(Ljava/lang/Object;Ljava/lang/Object;ILjava/lang/Object;)V' in 'org/eclipse/osgi/internal/framework/BundleContextImpl')}
  0x0000013c2bcdd6fc: 0000 0048 | be00 c07a | 033c 0100 | 008b 7808 | 49ba 0000 | 003f 3c01 | 0000 4903 | fa48 3bbe 
  0x0000013c2bcdd71c: 3011 0000 | 750d 4883 | 8638 1100 | 0001 e979 | 0000 0048 | 3bbe 4011 | 0000 750d | 4883 8648 
  0x0000013c2bcdd73c: 1100 0001 | e963 0000 | 0048 83be | 3011 0000 | 0075 1748 | 89be 3011 | 0000 48c7 | 8638 1100 
  0x0000013c2bcdd75c: 0001 0000 | 00e9 4200 | 0000 4883 | be40 1100 | 0000 7517 | 4889 be40 | 1100 0048 | c786 4811 
  0x0000013c2bcdd77c: 0000 0100 | 0000 e921 | 0000 00e9 | 1c00 0000 

  0x0000013c2bcdd78c: ;   {metadata(method data for {method} {0x0000013c03676d80} 'dispatchEvent' '(Ljava/lang/Object;Ljava/lang/Object;ILjava/lang/Object;)V' in 'org/eclipse/osgi/internal/framework/BundleContextImpl')}
  0x0000013c2bcdd78c: 48be 00c0 | 7a03 3c01 | 0000 4883 | ae20 1100 | 0001 e9db | 1a00 00e9 | 0000 0000 | 4c8b c049 
  0x0000013c2bcdd7ac: 8b97 8803 | 0000 488b | 1248 3b02 

  0x0000013c2bcdd7b8: ;   {metadata(method data for {method} {0x0000013c03676d80} 'dispatchEvent' '(Ljava/lang/Object;Ljava/lang/Object;ILjava/lang/Object;)V' in 'org/eclipse/osgi/internal/framework/BundleContextImpl')}
  0x0000013c2bcdd7b8: 488b f248 | bf00 c07a | 033c 0100 | 008b 7608 | 49ba 0000 | 003f 3c01 | 0000 4903 | f248 3bb7 
  0x0000013c2bcdd7d8: 6811 0000 | 750d 4883 | 8770 1100 | 0001 e960 | 0000 0048 | 3bb7 7811 | 0000 750d | 4883 8780 
  0x0000013c2bcdd7f8: 1100 0001 | e94a 0000 | 0048 83bf | 6811 0000 | 0075 1748 | 89b7 6811 | 0000 48c7 | 8770 1100 
  0x0000013c2bcdd818: 0001 0000 | 00e9 2900 | 0000 4883 | bf78 1100 | 0000 7517 | 4889 b778 | 1100 0048 | c787 8011 
  0x0000013c2bcdd838: 0000 0100 | 0000 e908 | 0000 0048 | 8387 5811 | 0000 0166 | 9048 b8ff | ffff ffff 

  0x0000013c2bcdd854: ;   {virtual_call}
  0x0000013c2bcdd854: ffff ffe8 

  0x0000013c2bcdd858: ; ImmutableOopMap {}
                      ;*invokevirtual setContextClassLoader {reexecute=0 rethrow=0 return_oop=0}
                      ; - org.eclipse.osgi.internal.framework.BundleContextImpl::dispatchEvent@573 (line 1039)
  0x0000013c2bcdd858: 2412 1107 

  0x0000013c2bcdd85c: ;   {other}
  0x0000013c2bcdd85c: 0f1f 8400 | 4c45 003a | 4881 c490 | 0100 005d 

  0x0000013c2bcdd86c: ;   {poll_return}
  0x0000013c2bcdd86c: 493b a750 | 0400 000f | 8713 1a00 | 00c3 660f | 1f44 0000 

  0x0000013c2bcdd880: ;   {no_reloc}
  0x0000013c2bcdd880: e92c 1a00 | 0000 0000 | 0000 498b | 87b8 0100 | 0048 8d78 | 2849 3bbf | c801 0000 | 0f87 191a 
  0x0000013c2bcdd8a0: 0000 4989 | bfb8 0100 | 0048 c700 | 0100 0000 | 488b ca49 | ba00 0000 | 3f3c 0100 | 0049 2bca 
  0x0000013c2bcdd8c0: 8948 0848 | 33c9 8948 | 0c48 33c9 | 4889 4810 | 4889 4818 | 4889 4820 

  0x0000013c2bcdd8d8: ;   {metadata(method data for {method} {0x0000013c03676d80} 'dispatchEvent' '(Ljava/lang/Object;Ljava/lang/Object;ILjava/lang/Object;)V' in 'org/eclipse/osgi/internal/framework/BundleContextImpl')}
  0x0000013c2bcdd8d8: 488b d048 | be00 c07a | 033c 0100 | 0048 8386 | 200d 0000 | 0148 8bd0 | 4889 8424 | 4001 0000 
  0x0000013c2bcdd8f8: 0f1f 8000 

  0x0000013c2bcdd8fc: ;   {optimized virtual_call}
  0x0000013c2bcdd8fc: 0000 00e8 

  0x0000013c2bcdd900: ; ImmutableOopMap {[128]=Oop [152]=Oop [176]=Oop [320]=Oop }
                      ;*invokespecial <init> {reexecute=0 rethrow=0 return_oop=0}
                      ; - org.eclipse.osgi.internal.framework.BundleContextImpl::dispatchEvent@418 (line 1018)
  0x0000013c2bcdd900: 7c0e 1107 

  0x0000013c2bcdd904: ;   {other}
  0x0000013c2bcdd904: 0f1f 8400 | f445 003b | 488b 8424 

  0x0000013c2bcdd910: ; ImmutableOopMap {rax=Oop [128]=Oop [152]=Oop [176]=Oop }
                      ;*athrow {reexecute=1 rethrow=0 return_oop=0}
                      ; - (reexecute) org.eclipse.osgi.internal.framework.BundleContextImpl::dispatchEvent@421 (line 1018)
  0x0000013c2bcdd910: 4001 0000 

  0x0000013c2bcdd914: ;   {section_word}
  0x0000013c2bcdd914: 48ba 14d9 | cd2b 3c01 

  0x0000013c2bcdd91c: ;   {runtime_call handle_exception_nofpu Runtime1 stub}
  0x0000013c2bcdd91c: 0000 e8dd | 101c 0790 | 488b 9424 | 8000 0000 | 498b 8700 | 0500 004d | 33d2 4d89 | 9700 0500 
  0x0000013c2bcdd93c: 004d 33d2 | 4d89 9708 | 0500 008b | 5a18 0fbe | 7313 85f6 

  0x0000013c2bcdd950: ;   {metadata(method data for {method} {0x0000013c03676d80} 'dispatchEvent' '(Ljava/lang/Object;Ljava/lang/Object;ILjava/lang/Object;)V' in 'org/eclipse/osgi/internal/framework/BundleContextImpl')}
  0x0000013c2bcdd950: 48be 00c0 | 7a03 3c01 | 0000 48c7 | c740 0d00 | 0075 0748 | c7c7 300d | 0000 488b | 0c3e 488d 
  0x0000013c2bcdd970: 4901 4889 | 0c3e 0f85 | 0d00 0000 | 4889 8424 | 4801 0000 | e963 0700 | 0048 899c | 2458 0100 
  0x0000013c2bcdd990: 0048 8984 | 2448 0100 | 000f 1f80 | 0000 0000 

  0x0000013c2bcdd9a0: ;   {no_reloc}
  0x0000013c2bcdd9a0: e937 1900 | 0000 0000 | 0000 498b | 87b8 0100 | 0048 8d78 | 1849 3bbf | c801 0000 | 0f87 2419 
  0x0000013c2bcdd9c0: 0000 4989 | bfb8 0100 | 0048 c700 | 0100 0000 | 488b ca49 | ba00 0000 | 3f3c 0100 | 0049 2bca 
  0x0000013c2bcdd9e0: 8948 0848 | 33c9 8948 | 0c48 33c9 | 4889 4810 

  0x0000013c2bcdd9f0: ;   {metadata(method data for {method} {0x0000013c03676d80} 'dispatchEvent' '(Ljava/lang/Object;Ljava/lang/Object;ILjava/lang/Object;)V' in 'org/eclipse/osgi/internal/framework/BundleContextImpl')}
  0x0000013c2bcdd9f0: 4c8b c048 | ba00 c07a | 033c 0100 | 0048 8382 | 500d 0000 

  0x0000013c2bcdda04: ;   {metadata(method data for {method} {0x0000013c3f461a88} '<init>' '(Ljava/lang/String;)V' in 'java/lang/StringBuilder')}
  0x0000013c2bcdda04: 0149 b800 | e131 033c | 0100 0041 | 8b90 cc00 | 0000 83c2 | 0241 8990 | cc00 0000 | 81e2 feff 
  0x0000013c2bcdda24: 1f00 85d2 | 0f84 c518 | 0000 4c8b 

  0x0000013c2bcdda30: ;   {metadata(method data for {method} {0x0000013c3f461a88} '<init>' '(Ljava/lang/String;)V' in 'java/lang/StringBuilder')}
  0x0000013c2bcdda30: c048 ba00 | e131 033c | 0100 0048 | 8382 1001 

  0x0000013c2bcdda40: ;   {oop("Exception in bottom level event dispatcher: "{0x00000000d5975668})}
  0x0000013c2bcdda40: 0000 0149 | b868 5697 | d500 0000 | 0048 8bd0 | 4889 8424 | 5001 0000 | 0f1f 8000 

  0x0000013c2bcdda5c: ;   {optimized virtual_call}
  0x0000013c2bcdda5c: 0000 00e8 

  0x0000013c2bcdda60: ; ImmutableOopMap {[128]=Oop [152]=Oop [176]=Oop [328]=Oop [336]=Oop [344]=Oop }
                      ;*invokespecial <init> {reexecute=0 rethrow=0 return_oop=0}
                      ; - java.lang.StringBuilder::<init>@2
                      ; - org.eclipse.osgi.internal.framework.BundleContextImpl::dispatchEvent@448 (line 1024)
  0x0000013c2bcdda60: 1c0d 1107 

  0x0000013c2bcdda64: ;   {other}
  0x0000013c2bcdda64: 0f1f 8400 | 5447 003d | 488b 8424 | 4801 0000 

  0x0000013c2bcdda74: ;   {metadata(method data for {method} {0x0000013c03676d80} 'dispatchEvent' '(Ljava/lang/Object;Ljava/lang/Object;ILjava/lang/Object;)V' in 'org/eclipse/osgi/internal/framework/BundleContextImpl')}
  0x0000013c2bcdda74: 48ba 00c0 | 7a03 3c01 | 0000 8b40 | 0849 ba00 | 0000 3f3c | 0100 0049 | 03c2 483b | 8270 0d00 
  0x0000013c2bcdda94: 0075 0d48 | 8382 780d | 0000 01e9 | 6000 0000 | 483b 8280 | 0d00 0075 | 0d48 8382 | 880d 0000 
  0x0000013c2bcddab4: 01e9 4a00 | 0000 4883 | ba70 0d00 | 0000 7517 | 4889 8270 | 0d00 0048 | c782 780d | 0000 0100 
  0x0000013c2bcddad4: 0000 e929 | 0000 0048 | 83ba 800d | 0000 0075 | 1748 8982 | 800d 0000 | 48c7 8288 | 0d00 0001 
  0x0000013c2bcddaf4: 0000 00e9 | 0800 0000 | 4883 8260 | 0d00 0001 | 488b 9424 | 4801 0000 | 9048 b8ff | ffff ffff 
  0x0000013c2bcddb14: ;   {virtual_call}
  0x0000013c2bcddb14: ffff ffe8 

  0x0000013c2bcddb18: ; ImmutableOopMap {[128]=Oop [152]=Oop [176]=Oop [328]=Oop [336]=Oop [344]=Oop }
                      ;*invokevirtual getMessage {reexecute=0 rethrow=0 return_oop=0}
                      ; - org.eclipse.osgi.internal.framework.BundleContextImpl::dispatchEvent@453 (line 1024)
  0x0000013c2bcddb18: 640f 1107 

  0x0000013c2bcddb1c: ;   {other}
  0x0000013c2bcddb1c: 0f1f 8400 | 0c48 003e | 4c8b 8424 | 5001 0000 

  0x0000013c2bcddb2c: ;   {metadata(method data for {method} {0x0000013c03676d80} 'dispatchEvent' '(Ljava/lang/Object;Ljava/lang/Object;ILjava/lang/Object;)V' in 'org/eclipse/osgi/internal/framework/BundleContextImpl')}
  0x0000013c2bcddb2c: 48ba 00c0 | 7a03 3c01 | 0000 4883 | 8298 0d00 

  0x0000013c2bcddb3c: ;   {metadata(method data for {method} {0x0000013c3f4617c8} 'append' '(Ljava/lang/String;)Ljava/lang/StringBuilder;' in 'java/lang/StringBuilder')}
  0x0000013c2bcddb3c: 0001 49b8 | b0b3 0003 | 3c01 0000 | 418b 90cc | 0000 0083 | c202 4189 | 90cc 0000 | 0081 e2fe 
  0x0000013c2bcddb5c: ff1f 0085 | d20f 84ad | 1700 004c | 8b84 2450 

  0x0000013c2bcddb6c: ;   {metadata(method data for {method} {0x0000013c3f4617c8} 'append' '(Ljava/lang/String;)Ljava/lang/StringBuilder;' in 'java/lang/StringBuilder')}
  0x0000013c2bcddb6c: 0100 0048 | bab0 b300 | 033c 0100 | 0048 8382 | 1001 0000 | 014c 8bc0 | 488b 9424 | 5001 0000 
  0x0000013c2bcddb8c: ;   {optimized virtual_call}
  0x0000013c2bcddb8c: 6666 90e8 

  0x0000013c2bcddb90: ; ImmutableOopMap {[128]=Oop [152]=Oop [176]=Oop [328]=Oop [336]=Oop [344]=Oop }
                      ;*invokespecial append {reexecute=0 rethrow=0 return_oop=0}
                      ; - java.lang.StringBuilder::append@2
                      ; - org.eclipse.osgi.internal.framework.BundleContextImpl::dispatchEvent@456 (line 1024)
  0x0000013c2bcddb90: ec0b 1107 

  0x0000013c2bcddb94: ;   {other}
  0x0000013c2bcddb94: 0f1f 8400 | 8448 003f | 488b 8424 | 5001 0000 

  0x0000013c2bcddba4: ;   {metadata(method data for {method} {0x0000013c03676d80} 'dispatchEvent' '(Ljava/lang/Object;Ljava/lang/Object;ILjava/lang/Object;)V' in 'org/eclipse/osgi/internal/framework/BundleContextImpl')}
  0x0000013c2bcddba4: 48ba 00c0 | 7a03 3c01 | 0000 4883 | 82d0 0d00 

  0x0000013c2bcddbb4: ;   {metadata(method data for {method} {0x0000013c3f008958} 'toString' '()Ljava/lang/String;' in 'java/lang/StringBuilder')}
  0x0000013c2bcddbb4: 0001 48ba | d8ba 0003 | 3c01 0000 | 8bb2 cc00 | 0000 83c6 | 0289 b2cc | 0000 0081 | e6fe ff1f 
  0x0000013c2bcddbd4: 0085 f60f | 8458 1700 

  0x0000013c2bcddbdc: ;   {metadata('java/lang/String')}
  0x0000013c2bcddbdc: 0048 ba78 | e800 3f3c | 0100 0049 | 8b87 b801 | 0000 488d | 7818 493b | bfc8 0100 | 000f 8757 
  0x0000013c2bcddbfc: 1700 0049 | 89bf b801 | 0000 48c7 | 0001 0000 | 0048 8bca | 49ba 0000 | 003f 3c01 | 0000 492b 
  0x0000013c2bcddc1c: ca89 4808 | 4833 c989 | 480c 4833 | c948 8948 | 104c 8bc0 

  0x0000013c2bcddc30: ;   {metadata(method data for {method} {0x0000013c3f008958} 'toString' '()Ljava/lang/String;' in 'java/lang/StringBuilder')}
  0x0000013c2bcddc30: 49b9 d8ba | 0003 3c01 | 0000 4983 | 8110 0100 

  0x0000013c2bcddc40: ;   {metadata(method data for {method} {0x0000013c3f455ab8} '<init>' '(Ljava/lang/StringBuilder;)V' in 'java/lang/String')}
  0x0000013c2bcddc40: 0001 49b8 | 20bc 0003 | 3c01 0000 | 458b 88cc | 0000 0041 | 83c1 0245 | 8988 cc00 | 0000 4181 
  0x0000013c2bcddc60: e1fe ff1f | 0045 85c9 | 0f84 f516 | 0000 4c8b 

  0x0000013c2bcddc70: ;   {metadata(method data for {method} {0x0000013c3f455ab8} '<init>' '(Ljava/lang/StringBuilder;)V' in 'java/lang/String')}
  0x0000013c2bcddc70: c049 b920 | bc00 033c | 0100 0049 | 8381 1001 | 0000 014c | 8b84 2450 

  0x0000013c2bcddc88: ;   {oop(nullptr)}
  0x0000013c2bcddc88: 0100 0049 | b900 0000 | 0000 0000 | 0048 8bd0 | 4889 8424 | 6001 0000 | 0f1f 8000 

  0x0000013c2bcddca4: ;   {optimized virtual_call}
  0x0000013c2bcddca4: 0000 00e8 

  0x0000013c2bcddca8: ; ImmutableOopMap {[128]=Oop [152]=Oop [176]=Oop [328]=Oop [344]=Oop [352]=Oop }
                      ;*invokespecial <init> {reexecute=0 rethrow=0 return_oop=0}
                      ; - java.lang.String::<init>@3
                      ; - java.lang.StringBuilder::toString@5
                      ; - org.eclipse.osgi.internal.framework.BundleContextImpl::dispatchEvent@459 (line 1024)
  0x0000013c2bcddca8: d40a 1107 

  0x0000013c2bcddcac: ;   {other}
  0x0000013c2bcddcac: 0f1f 8400 | 9c49 0040 | 488b 9c24 | 5801 0000 

  0x0000013c2bcddcbc: ;   {metadata(method data for {method} {0x0000013c03676d80} 'dispatchEvent' '(Ljava/lang/Object;Ljava/lang/Object;ILjava/lang/Object;)V' in 'org/eclipse/osgi/internal/framework/BundleContextImpl')}
  0x0000013c2bcddcbc: 49b8 00c0 | 7a03 3c01 

  0x0000013c2bcddcc4: ;   {metadata('org/eclipse/osgi/internal/debug/Debug')}
  0x0000013c2bcddcc4: 0000 49ba | 8009 0940 | 3c01 0000 | 4d89 9018 | 0e00 0049 | 8380 200e 

  0x0000013c2bcddcdc: ;   {metadata(method data for {method} {0x0000013c034e53d0} 'trace' '(Ljava/lang/String;Ljava/lang/String;)V' in 'org/eclipse/osgi/internal/debug/Debug')}
  0x0000013c2bcddcdc: 0000 0149 | b890 6777 | 033c 0100 | 0045 8b88 | cc00 0000 | 4183 c102 | 4589 88cc | 0000 0041 
  0x0000013c2bcddcfc: 81e1 feff | 1f00 4585 | c90f 8479 | 1600 0048 | 8b9c 2458 | 0100 008b | 5324 4885 

  0x0000013c2bcddd18: ;   {metadata(method data for {method} {0x0000013c034e53d0} 'trace' '(Ljava/lang/String;Ljava/lang/String;)V' in 'org/eclipse/osgi/internal/debug/Debug')}
  0x0000013c2bcddd18: d249 b890 | 6777 033c | 0100 0049 | c7c1 1001 | 0000 7407 | 49c7 c120 | 0100 004b | 8b34 0848 
  0x0000013c2bcddd38: 8d76 014b | 8934 080f | 84fd 0200 | 0048 85d2 | 0f84 2900 

  0x0000013c2bcddd4c: ;   {metadata('org/eclipse/osgi/internal/log/ExtendedLogServiceImpl')}
  0x0000013c2bcddd4c: 0000 48bf | 4056 0940 | 3c01 0000 | 8b72 0849 | ba00 0000 | 3f3c 0100 | 0049 03f2 | 483b 7e38 
  0x0000013c2bcddd6c: 0f85 3316 | 0000 e900 | 0000 004c | 8bc2 483b | 024c 8bc2 

  0x0000013c2bcddd80: ;   {metadata(method data for {method} {0x0000013c034e53d0} 'trace' '(Ljava/lang/String;Ljava/lang/String;)V' in 'org/eclipse/osgi/internal/debug/Debug')}
  0x0000013c2bcddd80: 49b9 9067 | 7703 3c01 

  0x0000013c2bcddd88: ;   {metadata('org/eclipse/osgi/internal/log/ExtendedLogServiceImpl')}
  0x0000013c2bcddd88: 0000 49ba | 4056 0940 | 3c01 0000 | 4d89 9140 | 0100 0049 | 8381 4801 

  0x0000013c2bcddda0: ;   {metadata(method data for {method} {0x0000013c0350ca80} 'getLogger' '(Ljava/lang/String;)Lorg/osgi/service/log/Logger;' in 'org/eclipse/osgi/internal/log/ExtendedLogServiceImpl')}
  0x0000013c2bcddda0: 0000 0149 | b8d0 6977 | 033c 0100 | 0045 8b88 | cc00 0000 | 4183 c102 | 4589 88cc | 0000 0041 
  0x0000013c2bcdddc0: 81e1 feff | 1f00 4585 | c90f 84e0 | 1500 004c 

  0x0000013c2bcdddd0: ;   {metadata(method data for {method} {0x0000013c0350ca80} 'getLogger' '(Ljava/lang/String;)Lorg/osgi/service/log/Logger;' in 'org/eclipse/osgi/internal/log/ExtendedLogServiceImpl')}
  0x0000013c2bcdddd0: 8bc2 49b9 | d069 7703 | 3c01 0000 

  0x0000013c2bcddddc: ;   {metadata('org/eclipse/osgi/internal/log/ExtendedLogServiceImpl')}
  0x0000013c2bcddddc: 49ba 4056 | 0940 3c01 | 0000 4d89 | 9120 0100 | 0049 8381 | 2801 0000 

  0x0000013c2bcdddf4: ;   {metadata(method data for {method} {0x0000013c0350a308} 'getLogger' '(Ljava/lang/String;)Lorg/eclipse/equinox/log/Logger;' in 'org/eclipse/osgi/internal/log/ExtendedLogServiceImpl')}
  0x0000013c2bcdddf4: 0149 b860 | 6b77 033c | 0100 0045 | 8b88 cc00 | 0000 4183 | c102 4589 | 88cc 0000 | 0041 81e1 
  0x0000013c2bcdde14: feff 1f00 | 4585 c90f | 84af 1500 | 004c 8bc2 

  0x0000013c2bcdde24: ;   {metadata(method data for {method} {0x0000013c0350a308} 'getLogger' '(Ljava/lang/String;)Lorg/eclipse/equinox/log/Logger;' in 'org/eclipse/osgi/internal/log/ExtendedLogServiceImpl')}
  0x0000013c2bcdde24: 49b9 606b | 7703 3c01 

  0x0000013c2bcdde2c: ;   {metadata('org/eclipse/osgi/internal/log/ExtendedLogServiceImpl')}
  0x0000013c2bcdde2c: 0000 49ba | 4056 0940 | 3c01 0000 | 4d89 9120 | 0100 0049 | 8381 2801 

  0x0000013c2bcdde44: ;   {oop("org.eclipse.osgi/debug/events"{0x00000000d75afa70})}
  0x0000013c2bcdde44: 0000 0149 | b870 fa5a | d700 0000 

  0x0000013c2bcdde50: ;   {oop(a 'java/lang/Class'{0x00000000d72a62c0} = 'org/osgi/service/log/Logger')}
  0x0000013c2bcdde50: 0049 b9c0 | 622a d700 | 0000 000f 

  0x0000013c2bcdde5c: ;   {optimized virtual_call}
  0x0000013c2bcdde5c: 1f40 00e8 

  0x0000013c2bcdde60: ; ImmutableOopMap {[128]=Oop [152]=Oop [176]=Oop [328]=Oop [352]=Oop }
                      ;*invokevirtual getLogger {reexecute=0 rethrow=0 return_oop=0}
                      ; - org.eclipse.osgi.internal.log.ExtendedLogServiceImpl::getLogger@4 (line 73)
                      ; - org.eclipse.osgi.internal.log.ExtendedLogServiceImpl::getLogger@2 (line 1)
                      ; - org.eclipse.osgi.internal.debug.Debug::trace@11 (line 265)
                      ; - org.eclipse.osgi.internal.framework.BundleContextImpl::dispatchEvent@462 (line 1024)
  0x0000013c2bcdde60: 1c09 1107 

  0x0000013c2bcdde64: ;   {other}
  0x0000013c2bcdde64: 0f1f 8400 | 544b 0041 | 4885 c075 

  0x0000013c2bcdde70: ;   {metadata(method data for {method} {0x0000013c0350a308} 'getLogger' '(Ljava/lang/String;)Lorg/eclipse/equinox/log/Logger;' in 'org/eclipse/osgi/internal/log/ExtendedLogServiceImpl')}
  0x0000013c2bcdde70: 1648 be60 | 6b77 033c | 0100 0080 | 8e41 0100 | 0001 e9e7 

  0x0000013c2bcdde84: ;   {metadata('org/eclipse/equinox/log/Logger')}
  0x0000013c2bcdde84: 0000 0048 | bff8 2909 | 403c 0100 | 008b 7008 | 49ba 0000 | 003f 3c01 | 0000 4903 | f248 3b7e 
  0x0000013c2bcddea4: 200f 841a | 0000 0048 | 3bf7 0f84 | 1100 0000 

  0x0000013c2bcddeb4: ;   {runtime_call slow_subtype_check Runtime1 stub}
  0x0000013c2bcddeb4: 5657 e845 | 1d1c 075e | 5e85 f60f | 848d 0000 

  0x0000013c2bcddec4: ;   {metadata(method data for {method} {0x0000013c0350a308} 'getLogger' '(Ljava/lang/String;)Lorg/eclipse/equinox/log/Logger;' in 'org/eclipse/osgi/internal/log/ExtendedLogServiceImpl')}
  0x0000013c2bcddec4: 0048 be60 | 6b77 033c | 0100 008b | 7808 49ba | 0000 003f | 3c01 0000 | 4903 fa48 | 3bbe 5801 
  0x0000013c2bcddee4: 0000 750d | 4883 8660 | 0100 0001 | e979 0000 | 0048 3bbe | 6801 0000 | 750d 4883 | 8670 0100 
  0x0000013c2bcddf04: 0001 e963 | 0000 0048 | 83be 5801 | 0000 0075 | 1748 89be | 5801 0000 | 48c7 8660 | 0100 0001 
  0x0000013c2bcddf24: 0000 00e9 | 4200 0000 | 4883 be68 | 0100 0000 | 7517 4889 | be68 0100 | 0048 c786 | 7001 0000 
  0x0000013c2bcddf44: 0100 0000 | e921 0000 | 00e9 1c00 

  0x0000013c2bcddf50: ;   {metadata(method data for {method} {0x0000013c0350a308} 'getLogger' '(Ljava/lang/String;)Lorg/eclipse/equinox/log/Logger;' in 'org/eclipse/osgi/internal/log/ExtendedLogServiceImpl')}
  0x0000013c2bcddf50: 0000 48be | 606b 7703 | 3c01 0000 | 4883 ae48 | 0100 0001 | e988 1400 | 00e9 0000 | 0000 488b 
  0x0000013c2bcddf70: d048 3b02 

  0x0000013c2bcddf74: ;   {metadata(method data for {method} {0x0000013c034e53d0} 'trace' '(Ljava/lang/String;Ljava/lang/String;)V' in 'org/eclipse/osgi/internal/debug/Debug')}
  0x0000013c2bcddf74: 4c8b c248 | be90 6777 | 033c 0100 | 0045 8b40 | 0849 ba00 | 0000 3f3c | 0100 004d | 03c2 4c3b 
  0x0000013c2bcddf94: 8678 0100 | 0075 0d48 | 8386 8001 | 0000 01e9 | 6000 0000 | 4c3b 8688 | 0100 0075 | 0d48 8386 
  0x0000013c2bcddfb4: 9001 0000 | 01e9 4a00 | 0000 4883 | be78 0100 | 0000 7517 | 4c89 8678 | 0100 0048 | c786 8001 
  0x0000013c2bcddfd4: 0000 0100 | 0000 e929 | 0000 0048 | 83be 8801 | 0000 0075 | 174c 8986 | 8801 0000 | 48c7 8690 
  0x0000013c2bcddff4: 0100 0001 | 0000 00e9 | 0800 0000 | 4883 8668 | 0100 0001 | 4c8b 8424 | 6001 0000 | 0f1f 4400 
  0x0000013c2bcde014: 0048 b8ff | ffff ffff 

  0x0000013c2bcde01c: ;   {virtual_call}
  0x0000013c2bcde01c: ffff ffe8 

  0x0000013c2bcde020: ; ImmutableOopMap {[128]=Oop [152]=Oop [176]=Oop [328]=Oop }
                      ;*invokeinterface debug {reexecute=0 rethrow=0 return_oop=0}
                      ; - org.eclipse.osgi.internal.debug.Debug::trace@17 (line 265)
                      ; - org.eclipse.osgi.internal.framework.BundleContextImpl::dispatchEvent@462 (line 1024)
  0x0000013c2bcde020: 5c0a 1107 

  0x0000013c2bcde024: ;   {other}
  0x0000013c2bcde024: 0f1f 8400 | 144d 0042 

  0x0000013c2bcde02c: ;   {metadata(method data for {method} {0x0000013c034e53d0} 'trace' '(Ljava/lang/String;Ljava/lang/String;)V' in 'org/eclipse/osgi/internal/debug/Debug')}
  0x0000013c2bcde02c: 49b8 9067 | 7703 3c01 | 0000 41ff | 80a0 0100 | 00e9 5200 | 0000 488b | 8424 6001 

  0x0000013c2bcde048: ;   {oop(a 'java/lang/Class'{0x00000000d72a5990} = 'org/eclipse/osgi/internal/debug/Debug')}
  0x0000013c2bcde048: 0000 49b8 | 9059 2ad7 | 0000 0000 | 418b 90d0 | 0000 0048 | 3b02 4c8b 

  0x0000013c2bcde060: ;   {metadata(method data for {method} {0x0000013c034e53d0} 'trace' '(Ljava/lang/String;Ljava/lang/String;)V' in 'org/eclipse/osgi/internal/debug/Debug')}
  0x0000013c2bcde060: c248 be90 | 6777 033c 

  0x0000013c2bcde068: ;   {metadata('java/io/PrintStream')}
  0x0000013c2bcde068: 0100 0049 | bac8 a300 | 3f3c 0100 | 004c 8996 | c801 0000 | 4883 86d0 | 0100 0001 

  0x0000013c2bcde084: ;   {optimized virtual_call}
  0x0000013c2bcde084: 4c8b c0e8 

  0x0000013c2bcde088: ; ImmutableOopMap {[128]=Oop [152]=Oop [176]=Oop [328]=Oop }
                      ;*invokevirtual println {reexecute=0 rethrow=0 return_oop=0}
                      ; - org.eclipse.osgi.internal.debug.Debug::trace@29 (line 267)
                      ; - org.eclipse.osgi.internal.framework.BundleContextImpl::dispatchEvent@462 (line 1024)
  0x0000013c2bcde088: f406 1107 

  0x0000013c2bcde08c: ;   {other}
  0x0000013c2bcde08c: 0f1f 8400 | 7c4d 0043 | 488b 9424 | 8000 0000 | 8b72 1848 | 3b06 4c8b 

  0x0000013c2bcde0a4: ;   {metadata(method data for {method} {0x0000013c03676d80} 'dispatchEvent' '(Ljava/lang/Object;Ljava/lang/Object;ILjava/lang/Object;)V' in 'org/eclipse/osgi/internal/framework/BundleContextImpl')}
  0x0000013c2bcde0a4: c649 b900 | c07a 033c 

  0x0000013c2bcde0ac: ;   {metadata('org/eclipse/osgi/internal/debug/Debug')}
  0x0000013c2bcde0ac: 0100 0049 | ba80 0909 | 403c 0100 | 004d 8991 | 500e 0000 | 4983 8158 | 0e00 0001 

  0x0000013c2bcde0c8: ;   {oop("org.eclipse.osgi/debug/events"{0x00000000d75afa70})}
  0x0000013c2bcde0c8: 49b8 70fa | 5ad7 0000 | 0000 4c8b | 8c24 4801 | 0000 488b 

  0x0000013c2bcde0dc: ;   {optimized virtual_call}
  0x0000013c2bcde0dc: d666 90e8 

  0x0000013c2bcde0e0: ; ImmutableOopMap {[128]=Oop [152]=Oop [176]=Oop [328]=Oop }
                      ;*invokevirtual traceThrowable {reexecute=0 rethrow=0 return_oop=0}
                      ; - org.eclipse.osgi.internal.framework.BundleContextImpl::dispatchEvent@474 (line 1028)
  0x0000013c2bcde0e0: 9c06 1107 

  0x0000013c2bcde0e4: ;   {other}
  0x0000013c2bcde0e4: 0f1f 8400 | d44d 0044 | 8bbc 2488 | 0000 0083 

  0x0000013c2bcde0f4: ;   {metadata(method data for {method} {0x0000013c03676d80} 'dispatchEvent' '(Ljava/lang/Object;Ljava/lang/Object;ILjava/lang/Object;)V' in 'org/eclipse/osgi/internal/framework/BundleContextImpl')}
  0x0000013c2bcde0f4: ff04 48b8 | 00c0 7a03 | 3c01 0000 | 49c7 c078 | 0e00 0075 | 0749 c7c0 | 880e 0000 | 4e8b 0c00 
  0x0000013c2bcde114: 4d8d 4901 | 4e89 0c00 | 0f85 4f01 | 0000 488b | b424 9800 | 0000 4885 

  0x0000013c2bcde12c: ;   {metadata(method data for {method} {0x0000013c03676d80} 'dispatchEvent' '(Ljava/lang/Object;Ljava/lang/Object;ILjava/lang/Object;)V' in 'org/eclipse/osgi/internal/framework/BundleContextImpl')}
  0x0000013c2bcde12c: f675 1749 | b900 c07a | 033c 0100 | 0041 8089 | 910e 0000 | 01e9 cd00 

  0x0000013c2bcde144: ;   {metadata('org/osgi/framework/FrameworkEvent')}
  0x0000013c2bcde144: 0000 48bf | 186a 1140 | 3c01 0000 | 448b 4608 | 49ba 0000 | 003f 3c01 | 0000 4d03 | c249 3bf8 
  0x0000013c2bcde164: 0f85 8d00 

  0x0000013c2bcde168: ;   {metadata(method data for {method} {0x0000013c03676d80} 'dispatchEvent' '(Ljava/lang/Object;Ljava/lang/Object;ILjava/lang/Object;)V' in 'org/eclipse/osgi/internal/framework/BundleContextImpl')}
  0x0000013c2bcde168: 0000 49b9 | 00c0 7a03 | 3c01 0000 | 8b7e 0849 | ba00 0000 | 3f3c 0100 | 0049 03fa | 493b b9a8 
  0x0000013c2bcde188: 0e00 0075 | 0d49 8381 | b00e 0000 | 01e9 7900 | 0000 493b | b9b8 0e00 | 0075 0d49 | 8381 c00e 
  0x0000013c2bcde1a8: 0000 01e9 | 6300 0000 | 4983 b9a8 | 0e00 0000 | 7517 4989 | b9a8 0e00 | 0049 c781 | b00e 0000 
  0x0000013c2bcde1c8: 0100 0000 | e942 0000 | 0049 83b9 | b80e 0000 | 0075 1749 | 89b9 b80e | 0000 49c7 | 81c0 0e00 
  0x0000013c2bcde1e8: 0001 0000 | 00e9 2100 | 0000 e91c 

  0x0000013c2bcde1f4: ;   {metadata(method data for {method} {0x0000013c03676d80} 'dispatchEvent' '(Ljava/lang/Object;Ljava/lang/Object;ILjava/lang/Object;)V' in 'org/eclipse/osgi/internal/framework/BundleContextImpl')}
  0x0000013c2bcde1f4: 0000 0049 | b900 c07a | 033c 0100 | 0049 83a9 | 980e 0000 | 01e9 fb11 | 0000 e900 | 0000 0048 
  0x0000013c2bcde214: 8bc6 483b | 004c 8bc0 

  0x0000013c2bcde21c: ;   {metadata(method data for {method} {0x0000013c03676d80} 'dispatchEvent' '(Ljava/lang/Object;Ljava/lang/Object;ILjava/lang/Object;)V' in 'org/eclipse/osgi/internal/framework/BundleContextImpl')}
  0x0000013c2bcde21c: 49b9 00c0 | 7a03 3c01 

  0x0000013c2bcde224: ;   {metadata('org/osgi/framework/FrameworkEvent')}
  0x0000013c2bcde224: 0000 49ba | 186a 1140 | 3c01 0000 | 4d89 91e0 | 0e00 0049 | 8381 e80e | 0000 018b | 4010 83f8 
  0x0000013c2bcde244: ;   {metadata(method data for {method} {0x0000013c03676d80} 'dispatchEvent' '(Ljava/lang/Object;Ljava/lang/Object;ILjava/lang/Object;)V' in 'org/eclipse/osgi/internal/framework/BundleContextImpl')}
  0x0000013c2bcde244: 0248 b800 | c07a 033c | 0100 0049 | c7c0 080f | 0000 7407 | 49c7 c018 | 0f00 004e | 8b0c 004d 
  0x0000013c2bcde264: 8d49 014e | 890c 000f | 841b 0100 | 0048 8bb4 | 2480 0000 | 0044 8b46 | 1449 3b00 

  0x0000013c2bcde280: ;   {metadata(method data for {method} {0x0000013c03676d80} 'dispatchEvent' '(Ljava/lang/Object;Ljava/lang/Object;ILjava/lang/Object;)V' in 'org/eclipse/osgi/internal/framework/BundleContextImpl')}
  0x0000013c2bcde280: 498b c049 | b900 c07a | 033c 0100 

  0x0000013c2bcde28c: ;   {metadata('org/eclipse/osgi/internal/framework/EquinoxContainer')}
  0x0000013c2bcde28c: 0049 ba00 | b008 403c | 0100 004d | 8991 380f | 0000 4983 | 8140 0f00 

  0x0000013c2bcde2a4: ;   {metadata(method data for {method} {0x0000013c034a2328} 'getEventPublisher' '()Lorg/eclipse/osgi/internal/framework/EquinoxEventPublisher;' in 'org/eclipse/osgi/internal/framework/EquinoxContainer')}
  0x0000013c2bcde2a4: 0001 48b8 | f0da 7a03 | 3c01 0000 | 448b 88cc | 0000 0041 | 83c1 0244 | 8988 cc00 | 0000 4181 
  0x0000013c2bcde2c4: e1fe ff1f | 0045 85c9 | 0f84 4a11 | 0000 458b | 482c 488d | bc24 7001 | 0000 4c89 | 4f08 498b 
  0x0000013c2bcde2e4: 0148 83c8 | 0148 8907 | f049 0fb1 | 390f 8412 | 0000 0048 | 2bc4 4825 | 07f0 ffff | 4889 070f 
  0x0000013c2bcde304: 8539 1100 | 0049 ff87 | 5005 0000 | 418b 5028 | 488d 8424 | 7001 0000 | 4c8b 004d | 85c0 0f84 
  0x0000013c2bcde324: 0f00 0000 | 4c8b 4808 | f04d 0fb1 | 010f 851e | 1100 0049 | ff8f 5005 | 0000 448b | 4e10 483b 
  0x0000013c2bcde344: 024c 8bc2 

  0x0000013c2bcde348: ;   {metadata(method data for {method} {0x0000013c03676d80} 'dispatchEvent' '(Ljava/lang/Object;Ljava/lang/Object;ILjava/lang/Object;)V' in 'org/eclipse/osgi/internal/framework/BundleContextImpl')}
  0x0000013c2bcde348: 48bf 00c0 | 7a03 3c01 

  0x0000013c2bcde350: ;   {metadata('org/eclipse/osgi/internal/framework/EquinoxEventPublisher')}
  0x0000013c2bcde350: 0000 49ba | 8036 0b40 | 3c01 0000 | 4c89 9770 | 0f00 0048 | 8387 780f | 0000 0141 | b802 0000 
  0x0000013c2bcde370: 0048 8bbc | 2448 0100 | 0066 0f1f 

  0x0000013c2bcde37c: ;   {optimized virtual_call}
  0x0000013c2bcde37c: 4400 00e8 

  0x0000013c2bcde380: ; ImmutableOopMap {[176]=Oop }
                      ;*invokevirtual publishFrameworkEvent {reexecute=0 rethrow=0 return_oop=0}
                      ; - org.eclipse.osgi.internal.framework.BundleContextImpl::dispatchEvent@508 (line 1035)
  0x0000013c2bcde380: fc03 1107 

  0x0000013c2bcde384: ;   {other}
  0x0000013c2bcde384: 0f1f 8400 | 7450 0045 | 488b bc24 | b000 0000 

  0x0000013c2bcde394: ;   {oop(a 'java/lang/Boolean'{0x00000000800047f8} = false)}
  0x0000013c2bcde394: 49ba f847 | 0080 0000 | 0000 493b 

  0x0000013c2bcde3a0: ;   {metadata(method data for {method} {0x0000013c03676d80} 'dispatchEvent' '(Ljava/lang/Object;Ljava/lang/Object;ILjava/lang/Object;)V' in 'org/eclipse/osgi/internal/framework/BundleContextImpl')}
  0x0000013c2bcde3a0: fa49 b800 | c07a 033c | 0100 0048 | c7c2 980f | 0000 7407 | 48c7 c2a8 | 0f00 0049 | 8b34 1048 
  0x0000013c2bcde3c0: 8d76 0149 | 8934 100f | 84c7 0100 

  0x0000013c2bcde3cc: ;   {metadata(method data for {method} {0x0000013c03676d80} 'dispatchEvent' '(Ljava/lang/Object;Ljava/lang/Object;ILjava/lang/Object;)V' in 'org/eclipse/osgi/internal/framework/BundleContextImpl')}
  0x0000013c2bcde3cc: 0049 b800 | c07a 033c | 0100 0049 | 8380 b80f | 0000 0148 | 85ff 7516 

  0x0000013c2bcde3e4: ;   {metadata(method data for {method} {0x0000013c03676d80} 'dispatchEvent' '(Ljava/lang/Object;Ljava/lang/Object;ILjava/lang/Object;)V' in 'org/eclipse/osgi/internal/framework/BundleContextImpl')}
  0x0000013c2bcde3e4: 48be 00c0 | 7a03 3c01 | 0000 808e | c10f 0000 | 01e9 ce00 

  0x0000013c2bcde3f8: ;   {metadata('java/lang/ClassLoader')}
  0x0000013c2bcde3f8: 0000 49b8 | 4040 013f | 3c01 0000 | 8b77 0849 | ba00 0000 | 3f3c 0100 | 0049 03f2 | 4c3b 4638 
  0x0000013c2bcde418: 0f85 8e00 

  0x0000013c2bcde41c: ;   {metadata(method data for {method} {0x0000013c03676d80} 'dispatchEvent' '(Ljava/lang/Object;Ljava/lang/Object;ILjava/lang/Object;)V' in 'org/eclipse/osgi/internal/framework/BundleContextImpl')}
  0x0000013c2bcde41c: 0000 48be | 00c0 7a03 | 3c01 0000 | 448b 4708 | 49ba 0000 | 003f 3c01 | 0000 4d03 | c24c 3b86 
  0x0000013c2bcde43c: d80f 0000 | 750d 4883 | 86e0 0f00 | 0001 e979 | 0000 004c | 3b86 e80f | 0000 750d | 4883 86f0 
  0x0000013c2bcde45c: 0f00 0001 | e963 0000 | 0048 83be | d80f 0000 | 0075 174c | 8986 d80f | 0000 48c7 | 86e0 0f00 
  0x0000013c2bcde47c: 0001 0000 | 00e9 4200 | 0000 4883 | bee8 0f00 | 0000 7517 | 4c89 86e8 | 0f00 0048 | c786 f00f 
  0x0000013c2bcde49c: 0000 0100 | 0000 e921 | 0000 00e9 | 1c00 0000 

  0x0000013c2bcde4ac: ;   {metadata(method data for {method} {0x0000013c03676d80} 'dispatchEvent' '(Ljava/lang/Object;Ljava/lang/Object;ILjava/lang/Object;)V' in 'org/eclipse/osgi/internal/framework/BundleContextImpl')}
  0x0000013c2bcde4ac: 48be 00c0 | 7a03 3c01 | 0000 4883 | aec8 0f00 | 0001 e9ad | 0f00 00e9 | 0000 0000 | 4c8b c749 
  0x0000013c2bcde4cc: 8b97 8803 | 0000 488b | 1248 3b02 

  0x0000013c2bcde4d8: ;   {metadata(method data for {method} {0x0000013c03676d80} 'dispatchEvent' '(Ljava/lang/Object;Ljava/lang/Object;ILjava/lang/Object;)V' in 'org/eclipse/osgi/internal/framework/BundleContextImpl')}
  0x0000013c2bcde4d8: 488b f248 | bf00 c07a | 033c 0100 | 008b 7608 | 49ba 0000 | 003f 3c01 | 0000 4903 | f248 3bb7 
  0x0000013c2bcde4f8: 1010 0000 | 750d 4883 | 8718 1000 | 0001 e960 | 0000 0048 | 3bb7 2010 | 0000 750d | 4883 8728 
  0x0000013c2bcde518: 1000 0001 | e94a 0000 | 0048 83bf | 1010 0000 | 0075 1748 | 89b7 1010 | 0000 48c7 | 8718 1000 
  0x0000013c2bcde538: 0001 0000 | 00e9 2900 | 0000 4883 | bf20 1000 | 0000 7517 | 4889 b720 | 1000 0048 | c787 2810 
  0x0000013c2bcde558: 0000 0100 | 0000 e908 | 0000 0048 | 8387 0010 | 0000 0166 | 9048 b8ff | ffff ffff 

  0x0000013c2bcde574: ;   {virtual_call}
  0x0000013c2bcde574: ffff ffe8 

  0x0000013c2bcde578: ; ImmutableOopMap {}
                      ;*invokevirtual setContextClassLoader {reexecute=0 rethrow=0 return_oop=0}
                      ; - org.eclipse.osgi.internal.framework.BundleContextImpl::dispatchEvent@527 (line 1039)
  0x0000013c2bcde578: 0405 1107 

  0x0000013c2bcde57c: ;   {other}
  0x0000013c2bcde57c: 0f1f 8400 | 6c52 0046 

  0x0000013c2bcde584: ;   {metadata(method data for {method} {0x0000013c03676d80} 'dispatchEvent' '(Ljava/lang/Object;Ljava/lang/Object;ILjava/lang/Object;)V' in 'org/eclipse/osgi/internal/framework/BundleContextImpl')}
  0x0000013c2bcde584: 48b8 00c0 | 7a03 3c01 | 0000 ff80 | 3810 0000 | 4881 c490 | 0100 005d 

  0x0000013c2bcde59c: ;   {poll_return}
  0x0000013c2bcde59c: 493b a750 | 0400 000f | 87d5 0e00 | 00c3 488b | bc24 b000 | 0000 488b | b424 8000 | 0000 498b 
  0x0000013c2bcde5bc: 8700 0500 | 004d 33d2 | 4d89 9700 | 0500 004d | 33d2 4d89 | 9708 0500 | 0048 8bd0 | 488d 8424 
  0x0000013c2bcde5dc: 7001 0000 | 4c8b 004d | 85c0 0f84 | 0f00 0000 | 488b 5808 | f04c 0fb1 | 030f 8599 | 0e00 0049 
  0x0000013c2bcde5fc: ff8f 5005 | 0000 4c8b | 8424 4801 | 0000 488b 

  0x0000013c2bcde60c: ; ImmutableOopMap {rdi=Oop rsi=Oop r8=Oop rax=Oop [128]=Oop [176]=Oop }
                      ;*athrow {reexecute=1 rethrow=0 return_oop=0}
                      ; - (reexecute) org.eclipse.osgi.internal.framework.EquinoxContainer::getEventPublisher@16 (line 275)
                      ; - org.eclipse.osgi.internal.framework.BundleContextImpl::dispatchEvent@498 (line 1035)
                      ;   {section_word}
  0x0000013c2bcde60c: c248 ba0d | e6cd 2b3c 

  0x0000013c2bcde614: ;   {runtime_call handle_exception_nofpu Runtime1 stub}
  0x0000013c2bcde614: 0100 00e8 | e403 1c07 | 9048 8bbc | 24b0 0000 | 0049 8b87 | 0005 0000 | 4d33 d24d | 8997 0005 
  0x0000013c2bcde634: 0000 4d33 | d24d 8997 | 0805 0000 

  0x0000013c2bcde640: ;   {oop(a 'java/lang/Boolean'{0x00000000800047f8} = false)}
  0x0000013c2bcde640: 49ba f847 | 0080 0000 | 0000 493b 

  0x0000013c2bcde64c: ;   {metadata(method data for {method} {0x0000013c03676d80} 'dispatchEvent' '(Ljava/lang/Object;Ljava/lang/Object;ILjava/lang/Object;)V' in 'org/eclipse/osgi/internal/framework/BundleContextImpl')}
  0x0000013c2bcde64c: fa49 b800 | c07a 033c | 0100 0048 | c7c2 5010 | 0000 7407 | 48c7 c260 | 1000 0049 | 8b34 1048 
  0x0000013c2bcde66c: 8d76 0149 | 8934 100f | 84cb 0100 | 0048 8984 | 2468 0100 

  0x0000013c2bcde680: ;   {metadata(method data for {method} {0x0000013c03676d80} 'dispatchEvent' '(Ljava/lang/Object;Ljava/lang/Object;ILjava/lang/Object;)V' in 'org/eclipse/osgi/internal/framework/BundleContextImpl')}
  0x0000013c2bcde680: 0049 b800 | c07a 033c | 0100 0049 | 8380 7010 | 0000 0148 | 85ff 7516 

  0x0000013c2bcde698: ;   {metadata(method data for {method} {0x0000013c03676d80} 'dispatchEvent' '(Ljava/lang/Object;Ljava/lang/Object;ILjava/lang/Object;)V' in 'org/eclipse/osgi/internal/framework/BundleContextImpl')}
  0x0000013c2bcde698: 48be 00c0 | 7a03 3c01 | 0000 808e | 7910 0000 | 01e9 ce00 

  0x0000013c2bcde6ac: ;   {metadata('java/lang/ClassLoader')}
  0x0000013c2bcde6ac: 0000 49b8 | 4040 013f | 3c01 0000 | 8b77 0849 | ba00 0000 | 3f3c 0100 | 0049 03f2 | 4c3b 4638 
  0x0000013c2bcde6cc: 0f85 8e00 

  0x0000013c2bcde6d0: ;   {metadata(method data for {method} {0x0000013c03676d80} 'dispatchEvent' '(Ljava/lang/Object;Ljava/lang/Object;ILjava/lang/Object;)V' in 'org/eclipse/osgi/internal/framework/BundleContextImpl')}
  0x0000013c2bcde6d0: 0000 48be | 00c0 7a03 | 3c01 0000 | 448b 4708 | 49ba 0000 | 003f 3c01 | 0000 4d03 | c24c 3b86 
  0x0000013c2bcde6f0: 9010 0000 | 750d 4883 | 8698 1000 | 0001 e979 | 0000 004c | 3b86 a010 | 0000 750d | 4883 86a8 
  0x0000013c2bcde710: 1000 0001 | e963 0000 | 0048 83be | 9010 0000 | 0075 174c | 8986 9010 | 0000 48c7 | 8698 1000 
  0x0000013c2bcde730: 0001 0000 | 00e9 4200 | 0000 4883 | bea0 1000 | 0000 7517 | 4c89 86a0 | 1000 0048 | c786 a810 
  0x0000013c2bcde750: 0000 0100 | 0000 e921 | 0000 00e9 | 1c00 0000 

  0x0000013c2bcde760: ;   {metadata(method data for {method} {0x0000013c03676d80} 'dispatchEvent' '(Ljava/lang/Object;Ljava/lang/Object;ILjava/lang/Object;)V' in 'org/eclipse/osgi/internal/framework/BundleContextImpl')}
  0x0000013c2bcde760: 48be 00c0 | 7a03 3c01 | 0000 4883 | ae80 1000 | 0001 e933 | 0d00 00e9 | 0000 0000 | 4c8b c749 
  0x0000013c2bcde780: 8b97 8803 | 0000 488b | 1248 3b02 

  0x0000013c2bcde78c: ;   {metadata(method data for {method} {0x0000013c03676d80} 'dispatchEvent' '(Ljava/lang/Object;Ljava/lang/Object;ILjava/lang/Object;)V' in 'org/eclipse/osgi/internal/framework/BundleContextImpl')}
  0x0000013c2bcde78c: 488b f248 | bf00 c07a | 033c 0100 | 008b 7608 | 49ba 0000 | 003f 3c01 | 0000 4903 | f248 3bb7 
  0x0000013c2bcde7ac: c810 0000 | 750d 4883 | 87d0 1000 | 0001 e960 | 0000 0048 | 3bb7 d810 | 0000 750d | 4883 87e0 
  0x0000013c2bcde7cc: 1000 0001 | e94a 0000 | 0048 83bf | c810 0000 | 0075 1748 | 89b7 c810 | 0000 48c7 | 87d0 1000 
  0x0000013c2bcde7ec: 0001 0000 | 00e9 2900 | 0000 4883 | bfd8 1000 | 0000 7517 | 4889 b7d8 | 1000 0048 | c787 e010 
  0x0000013c2bcde80c: 0000 0100 | 0000 e908 | 0000 0048 | 8387 b810 | 0000 0166 | 0f1f 4400 | 0048 b8ff | ffff ffff 
  0x0000013c2bcde82c: ;   {virtual_call}
  0x0000013c2bcde82c: ffff ffe8 

  0x0000013c2bcde830: ; ImmutableOopMap {[360]=Oop }
                      ;*invokevirtual setContextClassLoader {reexecute=0 rethrow=0 return_oop=0}
                      ; - org.eclipse.osgi.internal.framework.BundleContextImpl::dispatchEvent@551 (line 1039)
  0x0000013c2bcde830: 4c02 1107 

  0x0000013c2bcde834: ;   {other}
  0x0000013c2bcde834: 0f1f 8400 | 2455 0048 | 488b 8424 | 6801 0000 | e98c 0c00 

  0x0000013c2bcde848: ;   {metadata({method} {0x0000013c03676d80} 'dispatchEvent' '(Ljava/lang/Object;Ljava/lang/Object;ILjava/lang/Object;)V' in 'org/eclipse/osgi/internal/framework/BundleContextImpl')}
  0x0000013c2bcde848: 0049 ba78 | 6d67 033c | 0100 004c | 8954 2408 | 48c7 0424 | ffff ffff 

  0x0000013c2bcde860: ;   {runtime_call counter_overflow Runtime1 stub}
  0x0000013c2bcde860: e89b 3f1c 

  0x0000013c2bcde864: ; ImmutableOopMap {rdx=Oop r8=Oop r9=Oop rsi=Oop [128]=Oop [152]=Oop }
                      ;*synchronization entry
                      ; - org.eclipse.osgi.internal.framework.BundleContextImpl::dispatchEvent@-1 (line 972)
  0x0000013c2bcde864: 07e9 92b5 

  0x0000013c2bcde868: ;   {runtime_call throw_null_pointer_exception Runtime1 stub}
  0x0000013c2bcde868: ffff e891 

  0x0000013c2bcde86c: ; ImmutableOopMap {rax=Oop rdx=Oop rsi=Oop [128]=Oop [144]=Oop [152]=Oop [176]=Oop }
                      ;*invokevirtual getBundleId {reexecute=0 rethrow=0 return_oop=0}
                      ; - org.eclipse.osgi.internal.framework.BundleContextImpl::dispatchEvent@17 (line 975)
                      ;   {metadata({method} {0x0000013c035dae20} 'getBundleId' '()J' in 'org/eclipse/osgi/internal/framework/EquinoxBundle')}
  0x0000013c2bcde86c: e91b 0749 | ba18 ae5d | 033c 0100 | 004c 8954 | 2408 48c7 | 0424 ffff 

  0x0000013c2bcde884: ;   {runtime_call counter_overflow Runtime1 stub}
  0x0000013c2bcde884: ffff e875 

  0x0000013c2bcde888: ; ImmutableOopMap {rax=Oop rdx=Oop rsi=Oop [128]=Oop [144]=Oop [152]=Oop [176]=Oop }
                      ;*synchronization entry
                      ; - org.eclipse.osgi.internal.framework.EquinoxBundle::getBundleId@-1 (line 553)
                      ; - org.eclipse.osgi.internal.framework.BundleContextImpl::dispatchEvent@17 (line 975)
  0x0000013c2bcde888: 3f1c 07e9 | dfb6 ffff 

  0x0000013c2bcde890: ;   {runtime_call throw_null_pointer_exception Runtime1 stub}
  0x0000013c2bcde890: e86b e91b 

  0x0000013c2bcde894: ; ImmutableOopMap {rax=Oop rdx=Oop rsi=Oop [128]=Oop [144]=Oop [152]=Oop [176]=Oop }
                      ;*invokevirtual getId {reexecute=0 rethrow=0 return_oop=0}
                      ; - org.eclipse.osgi.internal.framework.EquinoxBundle::getBundleId@4 (line 553)
                      ; - org.eclipse.osgi.internal.framework.BundleContextImpl::dispatchEvent@17 (line 975)
                      ;   {runtime_call throw_null_pointer_exception Runtime1 stub}
  0x0000013c2bcde894: 07e8 66e9 

  0x0000013c2bcde898: ; ImmutableOopMap {rax=Oop rdx=Oop rsi=Oop [128]=Oop [144]=Oop [152]=Oop [176]=Oop }
                      ;*invokevirtual longValue {reexecute=0 rethrow=0 return_oop=0}
                      ; - org.eclipse.osgi.internal.framework.EquinoxBundle::getBundleId@7 (line 553)
                      ; - org.eclipse.osgi.internal.framework.BundleContextImpl::dispatchEvent@17 (line 975)
  0x0000013c2bcde898: 1b07 4c89 

  0x0000013c2bcde89c: ;   {runtime_call throw_class_cast_exception Runtime1 stub}
  0x0000013c2bcde89c: 0c24 e85d 

  0x0000013c2bcde8a0: ; ImmutableOopMap {rax=Oop rdx=Oop [128]=Oop [152]=Oop [176]=Oop }
                      ;*checkcast {reexecute=0 rethrow=0 return_oop=0}
                      ; - org.eclipse.osgi.internal.framework.BundleContextImpl::dispatchEvent@57 (line 979)
                      ;   {runtime_call throw_null_pointer_exception Runtime1 stub}
  0x0000013c2bcde8a0: 0d1c 07e8 

  0x0000013c2bcde8a4: ; ImmutableOopMap {rax=Oop rdx=Oop rbx=Oop [128]=Oop [152]=Oop [176]=Oop }
                      ;*getfield DEBUG_EVENTS {reexecute=1 rethrow=0 return_oop=0}
                      ; - (reexecute) org.eclipse.osgi.internal.framework.BundleContextImpl::dispatchEvent@66 (line 981)
  0x0000013c2bcde8a4: 58e9 1b07 

  0x0000013c2bcde8a8: ;   {metadata(nullptr)}
  0x0000013c2bcde8a8: 48ba 0000 | 0000 0000 | 0000 b800 

  0x0000013c2bcde8b4: ;   {runtime_call load_klass_patching Runtime1 stub}
  0x0000013c2bcde8b4: 0f05 0ae8 

  0x0000013c2bcde8b8: ; ImmutableOopMap {rbx=Oop [128]=Oop [152]=Oop [176]=Oop }
                      ;*new {reexecute=1 rethrow=0 return_oop=0}
                      ; - (reexecute) org.eclipse.osgi.internal.framework.BundleContextImpl::dispatchEvent@72 (line 982)
  0x0000013c2bcde8b8: c429 1c07 | e9f7 b8ff | ff48 8bd2 

  0x0000013c2bcde8c4: ;   {runtime_call fast_new_instance Runtime1 stub}
  0x0000013c2bcde8c4: e837 f21b 

  0x0000013c2bcde8c8: ; ImmutableOopMap {rbx=Oop [128]=Oop [152]=Oop [176]=Oop }
                      ;*new {reexecute=0 rethrow=0 return_oop=0}
                      ; - org.eclipse.osgi.internal.framework.BundleContextImpl::dispatchEvent@72 (line 982)
  0x0000013c2bcde8c8: 07e9 3ab9 

  0x0000013c2bcde8cc: ;   {runtime_call throw_null_pointer_exception Runtime1 stub}
  0x0000013c2bcde8cc: ffff e82d 

  0x0000013c2bcde8d0: ; ImmutableOopMap {rbx=Oop rax=Oop [128]=Oop [152]=Oop [160]=Oop [176]=Oop }
                      ;*invokevirtual getClass {reexecute=0 rethrow=0 return_oop=0}
                      ; - org.eclipse.osgi.internal.framework.BundleContextImpl::dispatchEvent@78 (line 982)
                      ;   {runtime_call throw_null_pointer_exception Runtime1 stub}
  0x0000013c2bcde8d0: e91b 07e8 

  0x0000013c2bcde8d4: ; ImmutableOopMap {rbx=Oop rax=Oop rdx=Oop [128]=Oop [152]=Oop [160]=Oop [176]=Oop }
                      ;*invokevirtual getName {reexecute=0 rethrow=0 return_oop=0}
                      ; - org.eclipse.osgi.internal.framework.BundleContextImpl::dispatchEvent@81 (line 982)
  0x0000013c2bcde8d4: 28e9 1b07 

  0x0000013c2bcde8d8: ;   {metadata({method} {0x0000013c3f4697c0} 'getName' '()Ljava/lang/String;' in 'java/lang/Class')}
  0x0000013c2bcde8d8: 49ba b897 | 463f 3c01 | 0000 4c89 | 5424 0848 | c704 24ff 

  0x0000013c2bcde8ec: ;   {runtime_call counter_overflow Runtime1 stub}
  0x0000013c2bcde8ec: ffff ffe8 

  0x0000013c2bcde8f0: ; ImmutableOopMap {rbx=Oop rax=Oop rdx=Oop [128]=Oop [152]=Oop [160]=Oop [176]=Oop }
                      ;*synchronization entry
                      ; - java.lang.Class::getName@-1
                      ; - org.eclipse.osgi.internal.framework.BundleContextImpl::dispatchEvent@81 (line 982)
  0x0000013c2bcde8f0: 0c3f 1c07 | e985 b9ff 

  0x0000013c2bcde8f8: ;   {metadata({method} {0x0000013c3f454f60} 'valueOf' '(Ljava/lang/Object;)Ljava/lang/String;' in 'java/lang/String')}
  0x0000013c2bcde8f8: ff49 ba58 | 4f45 3f3c | 0100 004c | 8954 2408 | 48c7 0424 | ffff ffff 

  0x0000013c2bcde910: ;   {runtime_call counter_overflow Runtime1 stub}
  0x0000013c2bcde910: e8eb 3e1c 

  0x0000013c2bcde914: ; ImmutableOopMap {rsi=Oop [128]=Oop [152]=Oop [160]=Oop [168]=Oop [176]=Oop }
                      ;*synchronization entry
                      ; - java.lang.String::valueOf@-1
                      ; - org.eclipse.osgi.internal.framework.BundleContextImpl::dispatchEvent@84 (line 982)
  0x0000013c2bcde914: 07e9 1eba 

  0x0000013c2bcde918: ;   {runtime_call throw_null_pointer_exception Runtime1 stub}
  0x0000013c2bcde918: ffff e8e1 

  0x0000013c2bcde91c: ; ImmutableOopMap {rsi=Oop [128]=Oop [152]=Oop [160]=Oop [168]=Oop [176]=Oop }
                      ;*invokevirtual toString {reexecute=0 rethrow=0 return_oop=0}
                      ; - java.lang.String::valueOf@11
                      ; - org.eclipse.osgi.internal.framework.BundleContextImpl::dispatchEvent@84 (line 982)
                      ;   {metadata({method} {0x0000013c3f461a88} '<init>' '(Ljava/lang/String;)V' in 'java/lang/StringBuilder')}
  0x0000013c2bcde91c: e81b 0749 | ba80 1a46 | 3f3c 0100 | 004c 8954 | 2408 48c7 | 0424 ffff 

  0x0000013c2bcde934: ;   {runtime_call counter_overflow Runtime1 stub}
  0x0000013c2bcde934: ffff e8c5 

  0x0000013c2bcde938: ; ImmutableOopMap {rsi=Oop rax=Oop [128]=Oop [152]=Oop [160]=Oop [168]=Oop [176]=Oop }
                      ;*synchronization entry
                      ; - java.lang.StringBuilder::<init>@-1
                      ; - org.eclipse.osgi.internal.framework.BundleContextImpl::dispatchEvent@87 (line 982)
  0x0000013c2bcde938: 3e1c 07e9 | 45bb ffff 

  0x0000013c2bcde940: ;   {metadata({method} {0x0000013c3f4617c8} 'append' '(Ljava/lang/String;)Ljava/lang/StringBuilder;' in 'java/lang/StringBuilder')}
  0x0000013c2bcde940: 49ba c017 | 463f 3c01 | 0000 4c89 | 5424 0848 | c704 24ff 

  0x0000013c2bcde954: ;   {runtime_call counter_overflow Runtime1 stub}
  0x0000013c2bcde954: ffff ffe8 

  0x0000013c2bcde958: ; ImmutableOopMap {[128]=Oop [152]=Oop [160]=Oop [168]=Oop [176]=Oop }
                      ;*synchronization entry
                      ; - java.lang.StringBuilder::append@-1
                      ; - org.eclipse.osgi.internal.framework.BundleContextImpl::dispatchEvent@93 (line 982)
  0x0000013c2bcde958: a43e 1c07 | e996 bbff 

  0x0000013c2bcde960: ;   {metadata({method} {0x0000013c3f416300} 'toHexString' '(I)Ljava/lang/String;' in 'java/lang/Integer')}
  0x0000013c2bcde960: ff49 baf8 | 6241 3f3c | 0100 004c | 8954 2408 | 48c7 0424 | ffff ffff 

  0x0000013c2bcde978: ;   {runtime_call counter_overflow Runtime1 stub}
  0x0000013c2bcde978: e883 3e1c 

  0x0000013c2bcde97c: ; ImmutableOopMap {[128]=Oop [152]=Oop [160]=Oop [168]=Oop [176]=Oop }
                      ;*synchronization entry
                      ; - java.lang.Integer::toHexString@-1
                      ; - org.eclipse.osgi.internal.framework.BundleContextImpl::dispatchEvent@101 (line 983)
  0x0000013c2bcde97c: 07e9 18bc 

  0x0000013c2bcde980: ;   {metadata({method} {0x0000013c3f4617c8} 'append' '(Ljava/lang/String;)Ljava/lang/StringBuilder;' in 'java/lang/StringBuilder')}
  0x0000013c2bcde980: ffff 49ba | c017 463f | 3c01 0000 | 4c89 5424 | 0848 c704 | 24ff ffff 

  0x0000013c2bcde998: ;   {runtime_call counter_overflow Runtime1 stub}
  0x0000013c2bcde998: ffe8 623e 

  0x0000013c2bcde99c: ; ImmutableOopMap {rax=Oop [128]=Oop [152]=Oop [160]=Oop [168]=Oop [176]=Oop }
                      ;*synchronization entry
                      ; - java.lang.StringBuilder::append@-1
                      ; - org.eclipse.osgi.internal.framework.BundleContextImpl::dispatchEvent@104 (line 983)
  0x0000013c2bcde99c: 1c07 e964 

  0x0000013c2bcde9a0: ;   {metadata({method} {0x0000013c3f008958} 'toString' '()Ljava/lang/String;' in 'java/lang/StringBuilder')}
  0x0000013c2bcde9a0: bcff ff49 | ba50 8900 | 3f3c 0100 | 004c 8954 | 2408 48c7 | 0424 ffff 

  0x0000013c2bcde9b8: ;   {runtime_call counter_overflow Runtime1 stub}
  0x0000013c2bcde9b8: ffff e841 

  0x0000013c2bcde9bc: ; ImmutableOopMap {[128]=Oop [152]=Oop [160]=Oop [168]=Oop [176]=Oop }
                      ;*synchronization entry
                      ; - java.lang.StringBuilder::toString@-1
                      ; - org.eclipse.osgi.internal.framework.BundleContextImpl::dispatchEvent@107 (line 982)
  0x0000013c2bcde9bc: 3e1c 07e9 | b9bc ffff 

  0x0000013c2bcde9c4: ;   {runtime_call fast_new_instance Runtime1 stub}
  0x0000013c2bcde9c4: 488b d2e8 

  0x0000013c2bcde9c8: ; ImmutableOopMap {[128]=Oop [152]=Oop [160]=Oop [168]=Oop [176]=Oop }
                      ;*new {reexecute=0 rethrow=0 return_oop=0}
                      ; - java.lang.StringBuilder::toString@0
                      ; - org.eclipse.osgi.internal.framework.BundleContextImpl::dispatchEvent@107 (line 982)
  0x0000013c2bcde9c8: 34f1 1b07 | e9fc bcff 

  0x0000013c2bcde9d0: ;   {metadata({method} {0x0000013c3f455ab8} '<init>' '(Ljava/lang/StringBuilder;)V' in 'java/lang/String')}
  0x0000013c2bcde9d0: ff49 bab0 | 5a45 3f3c | 0100 004c | 8954 2408 | 48c7 0424 | ffff ffff 

  0x0000013c2bcde9e8: ;   {runtime_call counter_overflow Runtime1 stub}
  0x0000013c2bcde9e8: e813 3e1c 

  0x0000013c2bcde9ec: ; ImmutableOopMap {rax=Oop [128]=Oop [152]=Oop [160]=Oop [168]=Oop [176]=Oop [184]=Oop }
                      ;*synchronization entry
                      ; - java.lang.String::<init>@-1
                      ; - java.lang.StringBuilder::toString@5
                      ; - org.eclipse.osgi.internal.framework.BundleContextImpl::dispatchEvent@107 (line 982)
  0x0000013c2bcde9ec: 07e9 24bd 

  0x0000013c2bcde9f0: ;   {metadata(nullptr)}
  0x0000013c2bcde9f0: ffff 48ba | 0000 0000 | 0000 0000 | b800 0f05 

  0x0000013c2bcdea00: ;   {runtime_call load_klass_patching Runtime1 stub}
  0x0000013c2bcdea00: 0ae8 7a28 

  0x0000013c2bcdea04: ; ImmutableOopMap {rbx=Oop [128]=Oop [152]=Oop [168]=Oop [176]=Oop [184]=Oop [200]=Oop }
                      ;*new {reexecute=1 rethrow=0 return_oop=0}
                      ; - (reexecute) org.eclipse.osgi.internal.framework.BundleContextImpl::dispatchEvent@119 (line 984)
  0x0000013c2bcdea04: 1c07 e95d | bdff ff48 

  0x0000013c2bcdea0c: ;   {runtime_call fast_new_instance Runtime1 stub}
  0x0000013c2bcdea0c: 8bd2 e8ed 

  0x0000013c2bcdea10: ; ImmutableOopMap {rbx=Oop [128]=Oop [152]=Oop [168]=Oop [176]=Oop [184]=Oop [200]=Oop }
                      ;*new {reexecute=0 rethrow=0 return_oop=0}
                      ; - org.eclipse.osgi.internal.framework.BundleContextImpl::dispatchEvent@119 (line 984)
  0x0000013c2bcdea10: f01b 07e9 | a0bd ffff 

  0x0000013c2bcdea18: ;   {metadata({method} {0x0000013c3f461a88} '<init>' '(Ljava/lang/String;)V' in 'java/lang/StringBuilder')}
  0x0000013c2bcdea18: 49ba 801a | 463f 3c01 | 0000 4c89 | 5424 0848 | c704 24ff 

  0x0000013c2bcdea2c: ;   {runtime_call counter_overflow Runtime1 stub}
  0x0000013c2bcdea2c: ffff ffe8 

  0x0000013c2bcdea30: ; ImmutableOopMap {rbx=Oop rax=Oop [128]=Oop [152]=Oop [168]=Oop [176]=Oop [184]=Oop [192]=Oop [200]=Oop }
                      ;*synchronization entry
                      ; - java.lang.StringBuilder::<init>@-1
                      ; - org.eclipse.osgi.internal.framework.BundleContextImpl::dispatchEvent@126 (line 984)
  0x0000013c2bcdea30: cc3d 1c07 | e9c5 bdff 

  0x0000013c2bcdea38: ;   {metadata({method} {0x0000013c3f461820} 'append' '(Ljava/lang/Object;)Ljava/lang/StringBuilder;' in 'java/lang/StringBuilder')}
  0x0000013c2bcdea38: ff49 ba18 | 1846 3f3c | 0100 004c | 8954 2408 | 48c7 0424 | ffff ffff 

  0x0000013c2bcdea50: ;   {runtime_call counter_overflow Runtime1 stub}
  0x0000013c2bcdea50: e8ab 3d1c 

  0x0000013c2bcdea54: ; ImmutableOopMap {rdx=Oop rsi=Oop [128]=Oop [152]=Oop [168]=Oop [176]=Oop [184]=Oop [192]=Oop [200]=Oop }
                      ;*synchronization entry
                      ; - java.lang.StringBuilder::append@-1
                      ; - org.eclipse.osgi.internal.framework.BundleContextImpl::dispatchEvent@133 (line 984)
  0x0000013c2bcdea54: 07e9 26be 

  0x0000013c2bcdea58: ;   {metadata({method} {0x0000013c3f454f60} 'valueOf' '(Ljava/lang/Object;)Ljava/lang/String;' in 'java/lang/String')}
  0x0000013c2bcdea58: ffff 49ba | 584f 453f | 3c01 0000 | 4c89 5424 | 0848 c704 | 24ff ffff 

  0x0000013c2bcdea70: ;   {runtime_call counter_overflow Runtime1 stub}
  0x0000013c2bcdea70: ffe8 8a3d 

  0x0000013c2bcdea74: ; ImmutableOopMap {rdx=Oop rsi=Oop [128]=Oop [152]=Oop [168]=Oop [176]=Oop [184]=Oop [192]=Oop [200]=Oop }
                      ;*synchronization entry
                      ; - java.lang.String::valueOf@-1
                      ; - java.lang.StringBuilder::append@2
                      ; - org.eclipse.osgi.internal.framework.BundleContextImpl::dispatchEvent@133 (line 984)
  0x0000013c2bcdea74: 1c07 e93e 

  0x0000013c2bcdea78: ;   {runtime_call throw_null_pointer_exception Runtime1 stub}
  0x0000013c2bcdea78: beff ffe8 

  0x0000013c2bcdea7c: ; ImmutableOopMap {rsi=Oop [128]=Oop [152]=Oop [168]=Oop [176]=Oop [184]=Oop [192]=Oop [200]=Oop }
                      ;*invokevirtual toString {reexecute=0 rethrow=0 return_oop=0}
                      ; - java.lang.String::valueOf@11
                      ; - java.lang.StringBuilder::append@2
                      ; - org.eclipse.osgi.internal.framework.BundleContextImpl::dispatchEvent@133 (line 984)
  0x0000013c2bcdea7c: 80e7 1b07 

  0x0000013c2bcdea80: ;   {metadata({method} {0x0000013c3f4617c8} 'append' '(Ljava/lang/String;)Ljava/lang/StringBuilder;' in 'java/lang/StringBuilder')}
  0x0000013c2bcdea80: 49ba c017 | 463f 3c01 | 0000 4c89 | 5424 0848 | c704 24ff 

  0x0000013c2bcdea94: ;   {runtime_call counter_overflow Runtime1 stub}
  0x0000013c2bcdea94: ffff ffe8 

  0x0000013c2bcdea98: ; ImmutableOopMap {rsi=Oop [128]=Oop [152]=Oop [168]=Oop [176]=Oop [184]=Oop [192]=Oop [200]=Oop }
                      ;*synchronization entry
                      ; - java.lang.StringBuilder::append@-1
                      ; - java.lang.StringBuilder::append@5
                      ; - org.eclipse.osgi.internal.framework.BundleContextImpl::dispatchEvent@133 (line 984)
  0x0000013c2bcdea98: 643d 1c07 | e959 bfff 

  0x0000013c2bcdeaa0: ;   {metadata({method} {0x0000013c3f4617c8} 'append' '(Ljava/lang/String;)Ljava/lang/StringBuilder;' in 'java/lang/StringBuilder')}
  0x0000013c2bcdeaa0: ff49 bac0 | 1746 3f3c | 0100 004c | 8954 2408 | 48c7 0424 | ffff ffff 

  0x0000013c2bcdeab8: ;   {runtime_call counter_overflow Runtime1 stub}
  0x0000013c2bcdeab8: e843 3d1c 

  0x0000013c2bcdeabc: ; ImmutableOopMap {rax=Oop [128]=Oop [152]=Oop [168]=Oop [176]=Oop [184]=Oop [192]=Oop [200]=Oop }
                      ;*synchronization entry
                      ; - java.lang.StringBuilder::append@-1
                      ; - org.eclipse.osgi.internal.framework.BundleContextImpl::dispatchEvent@139 (line 984)
  0x0000013c2bcdeabc: 07e9 b0bf 

  0x0000013c2bcdeac0: ;   {metadata({method} {0x0000013c3f4617c8} 'append' '(Ljava/lang/String;)Ljava/lang/StringBuilder;' in 'java/lang/StringBuilder')}
  0x0000013c2bcdeac0: ffff 49ba | c017 463f | 3c01 0000 | 4c89 5424 | 0848 c704 | 24ff ffff 

  0x0000013c2bcdead8: ;   {runtime_call counter_overflow Runtime1 stub}
  0x0000013c2bcdead8: ffe8 223d 

  0x0000013c2bcdeadc: ; ImmutableOopMap {[128]=Oop [152]=Oop [168]=Oop [176]=Oop [184]=Oop [192]=Oop [200]=Oop }
                      ;*synchronization entry
                      ; - java.lang.StringBuilder::append@-1
                      ; - org.eclipse.osgi.internal.framework.BundleContextImpl::dispatchEvent@144 (line 984)
  0x0000013c2bcdeadc: 1c07 e904 

  0x0000013c2bcdeae0: ;   {metadata({method} {0x0000013c3f4617c8} 'append' '(Ljava/lang/String;)Ljava/lang/StringBuilder;' in 'java/lang/StringBuilder')}
  0x0000013c2bcdeae0: c0ff ff49 | bac0 1746 | 3f3c 0100 | 004c 8954 | 2408 48c7 | 0424 ffff 

  0x0000013c2bcdeaf8: ;   {runtime_call counter_overflow Runtime1 stub}
  0x0000013c2bcdeaf8: ffff e801 

  0x0000013c2bcdeafc: ; ImmutableOopMap {[128]=Oop [152]=Oop [168]=Oop [176]=Oop [192]=Oop [200]=Oop }
                      ;*synchronization entry
                      ; - java.lang.StringBuilder::append@-1
                      ; - org.eclipse.osgi.internal.framework.BundleContextImpl::dispatchEvent@150 (line 984)
  0x0000013c2bcdeafc: 3d1c 07e9 | 63c0 ffff 

  0x0000013c2bcdeb04: ;   {metadata({method} {0x0000013c3f008958} 'toString' '()Ljava/lang/String;' in 'java/lang/StringBuilder')}
  0x0000013c2bcdeb04: 49ba 5089 | 003f 3c01 | 0000 4c89 | 5424 0848 | c704 24ff 

  0x0000013c2bcdeb18: ;   {runtime_call counter_overflow Runtime1 stub}
  0x0000013c2bcdeb18: ffff ffe8 

  0x0000013c2bcdeb1c: ; ImmutableOopMap {[128]=Oop [152]=Oop [168]=Oop [176]=Oop [192]=Oop [200]=Oop }
                      ;*synchronization entry
                      ; - java.lang.StringBuilder::toString@-1
                      ; - org.eclipse.osgi.internal.framework.BundleContextImpl::dispatchEvent@153 (line 984)
  0x0000013c2bcdeb1c: e03c 1c07 | e9c0 c0ff | ff48 8bd2 

  0x0000013c2bcdeb28: ;   {runtime_call fast_new_instance Runtime1 stub}
  0x0000013c2bcdeb28: e8d3 ef1b 

  0x0000013c2bcdeb2c: ; ImmutableOopMap {[128]=Oop [152]=Oop [168]=Oop [176]=Oop [192]=Oop [200]=Oop }
                      ;*new {reexecute=0 rethrow=0 return_oop=0}
                      ; - java.lang.StringBuilder::toString@0
                      ; - org.eclipse.osgi.internal.framework.BundleContextImpl::dispatchEvent@153 (line 984)
  0x0000013c2bcdeb2c: 07e9 03c1 

  0x0000013c2bcdeb30: ;   {metadata({method} {0x0000013c3f455ab8} '<init>' '(Ljava/lang/StringBuilder;)V' in 'java/lang/String')}
  0x0000013c2bcdeb30: ffff 49ba | b05a 453f | 3c01 0000 | 4c89 5424 | 0848 c704 | 24ff ffff 

  0x0000013c2bcdeb48: ;   {runtime_call counter_overflow Runtime1 stub}
  0x0000013c2bcdeb48: ffe8 b23c 

  0x0000013c2bcdeb4c: ; ImmutableOopMap {rax=Oop [128]=Oop [152]=Oop [168]=Oop [176]=Oop [192]=Oop [200]=Oop }
                      ;*synchronization entry
                      ; - java.lang.String::<init>@-1
                      ; - java.lang.StringBuilder::toString@5
                      ; - org.eclipse.osgi.internal.framework.BundleContextImpl::dispatchEvent@153 (line 984)
  0x0000013c2bcdeb4c: 1c07 e923 

  0x0000013c2bcdeb50: ;   {runtime_call throw_null_pointer_exception Runtime1 stub}
  0x0000013c2bcdeb50: c1ff ffe8 

  0x0000013c2bcdeb54: ; ImmutableOopMap {rbx=Oop [128]=Oop [152]=Oop [168]=Oop [176]=Oop [200]=Oop [208]=Oop }
                      ;*invokevirtual trace {reexecute=0 rethrow=0 return_oop=0}
                      ; - org.eclipse.osgi.internal.framework.BundleContextImpl::dispatchEvent@156 (line 984)
  0x0000013c2bcdeb54: a8e6 1b07 

  0x0000013c2bcdeb58: ;   {metadata({method} {0x0000013c034e53d0} 'trace' '(Ljava/lang/String;Ljava/lang/String;)V' in 'org/eclipse/osgi/internal/debug/Debug')}
  0x0000013c2bcdeb58: 49ba c853 | 4e03 3c01 | 0000 4c89 | 5424 0848 | c704 24ff 

  0x0000013c2bcdeb6c: ;   {runtime_call counter_overflow Runtime1 stub}
  0x0000013c2bcdeb6c: ffff ffe8 

  0x0000013c2bcdeb70: ; ImmutableOopMap {rbx=Oop [128]=Oop [152]=Oop [168]=Oop [176]=Oop [200]=Oop [208]=Oop }
                      ;*synchronization entry
                      ; - org.eclipse.osgi.internal.debug.Debug::trace@-1 (line 256)
                      ; - org.eclipse.osgi.internal.framework.BundleContextImpl::dispatchEvent@156 (line 984)
  0x0000013c2bcdeb70: 8c3c 1c07 | e9a0 c1ff 

  0x0000013c2bcdeb78: ;   {runtime_call throw_incompatible_class_change_error Runtime1 stub}
  0x0000013c2bcdeb78: ffe8 820d 

  0x0000013c2bcdeb7c: ; ImmutableOopMap {rdx=Oop [128]=Oop [152]=Oop [168]=Oop [176]=Oop [208]=Oop }
                      ;*invokeinterface getLogger {reexecute=0 rethrow=0 return_oop=0}
                      ; - org.eclipse.osgi.internal.debug.Debug::trace@11 (line 265)
                      ; - org.eclipse.osgi.internal.framework.BundleContextImpl::dispatchEvent@156 (line 984)
                      ;   {runtime_call throw_null_pointer_exception Runtime1 stub}
  0x0000013c2bcdeb7c: 1c07 e87d 

  0x0000013c2bcdeb80: ; ImmutableOopMap {rdx=Oop [128]=Oop [152]=Oop [168]=Oop [176]=Oop [208]=Oop }
                      ;*invokeinterface getLogger {reexecute=0 rethrow=0 return_oop=0}
                      ; - org.eclipse.osgi.internal.debug.Debug::trace@11 (line 265)
                      ; - org.eclipse.osgi.internal.framework.BundleContextImpl::dispatchEvent@156 (line 984)
                      ;   {metadata({method} {0x0000013c0350ca80} 'getLogger' '(Ljava/lang/String;)Lorg/osgi/service/log/Logger;' in 'org/eclipse/osgi/internal/log/ExtendedLogServiceImpl')}
  0x0000013c2bcdeb80: e61b 0749 | ba78 ca50 | 033c 0100 | 004c 8954 | 2408 48c7 | 0424 ffff 

  0x0000013c2bcdeb98: ;   {runtime_call counter_overflow Runtime1 stub}
  0x0000013c2bcdeb98: ffff e861 

  0x0000013c2bcdeb9c: ; ImmutableOopMap {rdx=Oop [128]=Oop [152]=Oop [168]=Oop [176]=Oop [208]=Oop }
                      ;*synchronization entry
                      ; - org.eclipse.osgi.internal.log.ExtendedLogServiceImpl::getLogger@-1 (line 1)
                      ; - org.eclipse.osgi.internal.debug.Debug::trace@11 (line 265)
                      ; - org.eclipse.osgi.internal.framework.BundleContextImpl::dispatchEvent@156 (line 984)
  0x0000013c2bcdeb9c: 3c1c 07e9 | 31c2 ffff 

  0x0000013c2bcdeba4: ;   {metadata({method} {0x0000013c0350a308} 'getLogger' '(Ljava/lang/String;)Lorg/eclipse/equinox/log/Logger;' in 'org/eclipse/osgi/internal/log/ExtendedLogServiceImpl')}
  0x0000013c2bcdeba4: 49ba 00a3 | 5003 3c01 | 0000 4c89 | 5424 0848 | c704 24ff 

  0x0000013c2bcdebb8: ;   {runtime_call counter_overflow Runtime1 stub}
  0x0000013c2bcdebb8: ffff ffe8 

  0x0000013c2bcdebbc: ; ImmutableOopMap {rdx=Oop [128]=Oop [152]=Oop [168]=Oop [176]=Oop [208]=Oop }
                      ;*synchronization entry
                      ; - org.eclipse.osgi.internal.log.ExtendedLogServiceImpl::getLogger@-1 (line 73)
                      ; - org.eclipse.osgi.internal.log.ExtendedLogServiceImpl::getLogger@2 (line 1)
                      ; - org.eclipse.osgi.internal.debug.Debug::trace@11 (line 265)
                      ; - org.eclipse.osgi.internal.framework.BundleContextImpl::dispatchEvent@156 (line 984)
  0x0000013c2bcdebbc: 403c 1c07 | e962 c2ff | ff48 8904 

  0x0000013c2bcdebc8: ;   {runtime_call throw_class_cast_exception Runtime1 stub}
  0x0000013c2bcdebc8: 24e8 320a 

  0x0000013c2bcdebcc: ; ImmutableOopMap {[128]=Oop [152]=Oop [168]=Oop [176]=Oop [208]=Oop }
                      ;*checkcast {reexecute=0 rethrow=0 return_oop=0}
                      ; - org.eclipse.osgi.internal.log.ExtendedLogServiceImpl::getLogger@7 (line 73)
                      ; - org.eclipse.osgi.internal.log.ExtendedLogServiceImpl::getLogger@2 (line 1)
                      ; - org.eclipse.osgi.internal.debug.Debug::trace@11 (line 265)
                      ; - org.eclipse.osgi.internal.framework.BundleContextImpl::dispatchEvent@156 (line 984)
                      ;   {runtime_call throw_null_pointer_exception Runtime1 stub}
  0x0000013c2bcdebcc: 1c07 e82d 

  0x0000013c2bcdebd0: ; ImmutableOopMap {rdx=Oop [128]=Oop [152]=Oop [168]=Oop [176]=Oop [208]=Oop }
                      ;*invokeinterface debug {reexecute=0 rethrow=0 return_oop=0}
                      ; - org.eclipse.osgi.internal.debug.Debug::trace@17 (line 265)
                      ; - org.eclipse.osgi.internal.framework.BundleContextImpl::dispatchEvent@156 (line 984)
                      ;   {runtime_call throw_null_pointer_exception Runtime1 stub}
  0x0000013c2bcdebd0: e61b 07e8 

  0x0000013c2bcdebd4: ; ImmutableOopMap {rax=Oop rdx=Oop [128]=Oop [152]=Oop [168]=Oop [176]=Oop }
                      ;*invokevirtual println {reexecute=0 rethrow=0 return_oop=0}
                      ; - org.eclipse.osgi.internal.debug.Debug::trace@29 (line 267)
                      ; - org.eclipse.osgi.internal.framework.BundleContextImpl::dispatchEvent@156 (line 984)
  0x0000013c2bcdebd4: 28e6 1b07 | 4889 3424 

  0x0000013c2bcdebdc: ;   {runtime_call throw_class_cast_exception Runtime1 stub}
  0x0000013c2bcdebdc: e81f 0a1c 

  0x0000013c2bcdebe0: ; ImmutableOopMap {rsi=Oop rbx=Oop [128]=Oop [152]=Oop [176]=Oop }
                      ;*checkcast {reexecute=0 rethrow=0 return_oop=0}
                      ; - org.eclipse.osgi.internal.framework.BundleContextImpl::dispatchEvent@163 (line 987)
                      ;   {runtime_call throw_null_pointer_exception Runtime1 stub}
  0x0000013c2bcdebe0: 07e8 1ae6 

  0x0000013c2bcdebe4: ; ImmutableOopMap {rsi=Oop rbx=Oop r8=Oop [128]=Oop [152]=Oop [176]=Oop }
                      ;*invokeinterface bundleChanged {reexecute=0 rethrow=0 return_oop=0}
                      ; - org.eclipse.osgi.internal.framework.BundleContextImpl::dispatchEvent@166 (line 987)
  0x0000013c2bcdebe4: 1b07 4c89 

  0x0000013c2bcdebe8: ;   {runtime_call throw_class_cast_exception Runtime1 stub}
  0x0000013c2bcdebe8: 0c24 e811 

  0x0000013c2bcdebec: ; ImmutableOopMap {rdx=Oop [128]=Oop [152]=Oop [176]=Oop }
                      ;*checkcast {reexecute=0 rethrow=0 return_oop=0}
                      ; - org.eclipse.osgi.internal.framework.BundleContextImpl::dispatchEvent@297 (line 1005)
                      ;   {runtime_call throw_null_pointer_exception Runtime1 stub}
  0x0000013c2bcdebec: 0a1c 07e8 

  0x0000013c2bcdebf0: ; ImmutableOopMap {rdx=Oop rbx=Oop [128]=Oop [152]=Oop [176]=Oop }
                      ;*getfield DEBUG_EVENTS {reexecute=1 rethrow=0 return_oop=0}
                      ; - (reexecute) org.eclipse.osgi.internal.framework.BundleContextImpl::dispatchEvent@306 (line 1007)
  0x0000013c2bcdebf0: 0ce6 1b07 

  0x0000013c2bcdebf4: ;   {metadata(nullptr)}
  0x0000013c2bcdebf4: 48ba 0000 | 0000 0000 | 0000 b800 

  0x0000013c2bcdec00: ;   {runtime_call load_klass_patching Runtime1 stub}
  0x0000013c2bcdec00: 0f05 0ae8 

  0x0000013c2bcdec04: ; ImmutableOopMap {rbx=Oop [128]=Oop [152]=Oop [176]=Oop }
                      ;*new {reexecute=1 rethrow=0 return_oop=0}
                      ; - (reexecute) org.eclipse.osgi.internal.framework.BundleContextImpl::dispatchEvent@312 (line 1008)
  0x0000013c2bcdec04: 7826 1c07 | e9a3 c7ff | ff48 8bd2 

  0x0000013c2bcdec10: ;   {runtime_call fast_new_instance Runtime1 stub}
  0x0000013c2bcdec10: e8eb ee1b 

  0x0000013c2bcdec14: ; ImmutableOopMap {rbx=Oop [128]=Oop [152]=Oop [176]=Oop }
                      ;*new {reexecute=0 rethrow=0 return_oop=0}
                      ; - org.eclipse.osgi.internal.framework.BundleContextImpl::dispatchEvent@312 (line 1008)
  0x0000013c2bcdec14: 07e9 e6c7 

  0x0000013c2bcdec18: ;   {runtime_call throw_null_pointer_exception Runtime1 stub}
  0x0000013c2bcdec18: ffff e8e1 

  0x0000013c2bcdec1c: ; ImmutableOopMap {rbx=Oop rax=Oop [128]=Oop [152]=Oop [176]=Oop [216]=Oop }
                      ;*invokevirtual getClass {reexecute=0 rethrow=0 return_oop=0}
                      ; - org.eclipse.osgi.internal.framework.BundleContextImpl::dispatchEvent@318 (line 1008)
                      ;   {runtime_call throw_null_pointer_exception Runtime1 stub}
  0x0000013c2bcdec1c: e51b 07e8 

  0x0000013c2bcdec20: ; ImmutableOopMap {rbx=Oop rax=Oop rdx=Oop [128]=Oop [152]=Oop [176]=Oop [216]=Oop }
                      ;*invokevirtual getName {reexecute=0 rethrow=0 return_oop=0}
                      ; - org.eclipse.osgi.internal.framework.BundleContextImpl::dispatchEvent@321 (line 1008)
  0x0000013c2bcdec20: dce5 1b07 

  0x0000013c2bcdec24: ;   {metadata({method} {0x0000013c3f4697c0} 'getName' '()Ljava/lang/String;' in 'java/lang/Class')}
  0x0000013c2bcdec24: 49ba b897 | 463f 3c01 | 0000 4c89 | 5424 0848 | c704 24ff 

  0x0000013c2bcdec38: ;   {runtime_call counter_overflow Runtime1 stub}
  0x0000013c2bcdec38: ffff ffe8 

  0x0000013c2bcdec3c: ; ImmutableOopMap {rbx=Oop rax=Oop rdx=Oop [128]=Oop [152]=Oop [176]=Oop [216]=Oop }
                      ;*synchronization entry
                      ; - java.lang.Class::getName@-1
                      ; - org.eclipse.osgi.internal.framework.BundleContextImpl::dispatchEvent@321 (line 1008)
  0x0000013c2bcdec3c: c03b 1c07 | e931 c8ff 

  0x0000013c2bcdec44: ;   {metadata({method} {0x0000013c3f454f60} 'valueOf' '(Ljava/lang/Object;)Ljava/lang/String;' in 'java/lang/String')}
  0x0000013c2bcdec44: ff49 ba58 | 4f45 3f3c | 0100 004c | 8954 2408 | 48c7 0424 | ffff ffff 

  0x0000013c2bcdec5c: ;   {runtime_call counter_overflow Runtime1 stub}
  0x0000013c2bcdec5c: e89f 3b1c 

  0x0000013c2bcdec60: ; ImmutableOopMap {rsi=Oop [128]=Oop [152]=Oop [176]=Oop [216]=Oop [224]=Oop }
                      ;*synchronization entry
                      ; - java.lang.String::valueOf@-1
                      ; - org.eclipse.osgi.internal.framework.BundleContextImpl::dispatchEvent@324 (line 1008)
  0x0000013c2bcdec60: 07e9 cac8 

  0x0000013c2bcdec64: ;   {runtime_call throw_null_pointer_exception Runtime1 stub}
  0x0000013c2bcdec64: ffff e895 

  0x0000013c2bcdec68: ; ImmutableOopMap {rsi=Oop [128]=Oop [152]=Oop [176]=Oop [216]=Oop [224]=Oop }
                      ;*invokevirtual toString {reexecute=0 rethrow=0 return_oop=0}
                      ; - java.lang.String::valueOf@11
                      ; - org.eclipse.osgi.internal.framework.BundleContextImpl::dispatchEvent@324 (line 1008)
                      ;   {metadata({method} {0x0000013c3f461a88} '<init>' '(Ljava/lang/String;)V' in 'java/lang/StringBuilder')}
  0x0000013c2bcdec68: e51b 0749 | ba80 1a46 | 3f3c 0100 | 004c 8954 | 2408 48c7 | 0424 ffff 

  0x0000013c2bcdec80: ;   {runtime_call counter_overflow Runtime1 stub}
  0x0000013c2bcdec80: ffff e879 

  0x0000013c2bcdec84: ; ImmutableOopMap {rsi=Oop rax=Oop [128]=Oop [152]=Oop [176]=Oop [216]=Oop [224]=Oop }
                      ;*synchronization entry
                      ; - java.lang.StringBuilder::<init>@-1
                      ; - org.eclipse.osgi.internal.framework.BundleContextImpl::dispatchEvent@327 (line 1008)
  0x0000013c2bcdec84: 3b1c 07e9 | f1c9 ffff 

  0x0000013c2bcdec8c: ;   {metadata({method} {0x0000013c3f4617c8} 'append' '(Ljava/lang/String;)Ljava/lang/StringBuilder;' in 'java/lang/StringBuilder')}
  0x0000013c2bcdec8c: 49ba c017 | 463f 3c01 | 0000 4c89 | 5424 0848 | c704 24ff 

  0x0000013c2bcdeca0: ;   {runtime_call counter_overflow Runtime1 stub}
  0x0000013c2bcdeca0: ffff ffe8 

  0x0000013c2bcdeca4: ; ImmutableOopMap {[128]=Oop [152]=Oop [176]=Oop [216]=Oop [224]=Oop }
                      ;*synchronization entry
                      ; - java.lang.StringBuilder::append@-1
                      ; - org.eclipse.osgi.internal.framework.BundleContextImpl::dispatchEvent@333 (line 1008)
  0x0000013c2bcdeca4: 583b 1c07 | e942 caff 

  0x0000013c2bcdecac: ;   {metadata({method} {0x0000013c3f416300} 'toHexString' '(I)Ljava/lang/String;' in 'java/lang/Integer')}
  0x0000013c2bcdecac: ff49 baf8 | 6241 3f3c | 0100 004c | 8954 2408 | 48c7 0424 | ffff ffff 

  0x0000013c2bcdecc4: ;   {runtime_call counter_overflow Runtime1 stub}
  0x0000013c2bcdecc4: e837 3b1c 

  0x0000013c2bcdecc8: ; ImmutableOopMap {[128]=Oop [152]=Oop [176]=Oop [216]=Oop [224]=Oop }
                      ;*synchronization entry
                      ; - java.lang.Integer::toHexString@-1
                      ; - org.eclipse.osgi.internal.framework.BundleContextImpl::dispatchEvent@341 (line 1009)
  0x0000013c2bcdecc8: 07e9 c4ca 

  0x0000013c2bcdeccc: ;   {metadata({method} {0x0000013c3f4617c8} 'append' '(Ljava/lang/String;)Ljava/lang/StringBuilder;' in 'java/lang/StringBuilder')}
  0x0000013c2bcdeccc: ffff 49ba | c017 463f | 3c01 0000 | 4c89 5424 | 0848 c704 | 24ff ffff 

  0x0000013c2bcdece4: ;   {runtime_call counter_overflow Runtime1 stub}
  0x0000013c2bcdece4: ffe8 163b 

  0x0000013c2bcdece8: ; ImmutableOopMap {rax=Oop [128]=Oop [152]=Oop [176]=Oop [216]=Oop [224]=Oop }
                      ;*synchronization entry
                      ; - java.lang.StringBuilder::append@-1
                      ; - org.eclipse.osgi.internal.framework.BundleContextImpl::dispatchEvent@344 (line 1009)
  0x0000013c2bcdece8: 1c07 e910 

  0x0000013c2bcdecec: ;   {metadata({method} {0x0000013c3f008958} 'toString' '()Ljava/lang/String;' in 'java/lang/StringBuilder')}
  0x0000013c2bcdecec: cbff ff49 | ba50 8900 | 3f3c 0100 | 004c 8954 | 2408 48c7 | 0424 ffff 

  0x0000013c2bcded04: ;   {runtime_call counter_overflow Runtime1 stub}
  0x0000013c2bcded04: ffff e8f5 

  0x0000013c2bcded08: ; ImmutableOopMap {[128]=Oop [152]=Oop [176]=Oop [216]=Oop [224]=Oop }
                      ;*synchronization entry
                      ; - java.lang.StringBuilder::toString@-1
                      ; - org.eclipse.osgi.internal.framework.BundleContextImpl::dispatchEvent@347 (line 1008)
  0x0000013c2bcded08: 3a1c 07e9 | 65cb ffff 

  0x0000013c2bcded10: ;   {runtime_call fast_new_instance Runtime1 stub}
  0x0000013c2bcded10: 488b d2e8 

  0x0000013c2bcded14: ; ImmutableOopMap {[128]=Oop [152]=Oop [176]=Oop [216]=Oop [224]=Oop }
                      ;*new {reexecute=0 rethrow=0 return_oop=0}
                      ; - java.lang.StringBuilder::toString@0
                      ; - org.eclipse.osgi.internal.framework.BundleContextImpl::dispatchEvent@347 (line 1008)
  0x0000013c2bcded14: e8ed 1b07 | e9a8 cbff 

  0x0000013c2bcded1c: ;   {metadata({method} {0x0000013c3f455ab8} '<init>' '(Ljava/lang/StringBuilder;)V' in 'java/lang/String')}
  0x0000013c2bcded1c: ff49 bab0 | 5a45 3f3c | 0100 004c | 8954 2408 | 48c7 0424 | ffff ffff 

  0x0000013c2bcded34: ;   {runtime_call counter_overflow Runtime1 stub}
  0x0000013c2bcded34: e8c7 3a1c 

  0x0000013c2bcded38: ; ImmutableOopMap {rax=Oop [128]=Oop [152]=Oop [176]=Oop [216]=Oop [224]=Oop [232]=Oop }
                      ;*synchronization entry
                      ; - java.lang.String::<init>@-1
                      ; - java.lang.StringBuilder::toString@5
                      ; - org.eclipse.osgi.internal.framework.BundleContextImpl::dispatchEvent@347 (line 1008)
  0x0000013c2bcded38: 07e9 d0cb 

  0x0000013c2bcded3c: ;   {metadata(nullptr)}
  0x0000013c2bcded3c: ffff 48ba | 0000 0000 | 0000 0000 | b800 0f05 

  0x0000013c2bcded4c: ;   {runtime_call load_klass_patching Runtime1 stub}
  0x0000013c2bcded4c: 0ae8 2e25 

  0x0000013c2bcded50: ; ImmutableOopMap {rbx=Oop [128]=Oop [152]=Oop [176]=Oop [224]=Oop [232]=Oop [248]=Oop }
                      ;*new {reexecute=1 rethrow=0 return_oop=0}
                      ; - (reexecute) org.eclipse.osgi.internal.framework.BundleContextImpl::dispatchEvent@359 (line 1011)
  0x0000013c2bcded50: 1c07 e909 | ccff ff48 

  0x0000013c2bcded58: ;   {runtime_call fast_new_instance Runtime1 stub}
  0x0000013c2bcded58: 8bd2 e8a1 

  0x0000013c2bcded5c: ; ImmutableOopMap {rbx=Oop [128]=Oop [152]=Oop [176]=Oop [224]=Oop [232]=Oop [248]=Oop }
                      ;*new {reexecute=0 rethrow=0 return_oop=0}
                      ; - org.eclipse.osgi.internal.framework.BundleContextImpl::dispatchEvent@359 (line 1011)
  0x0000013c2bcded5c: ed1b 07e9 | 4ccc ffff 

  0x0000013c2bcded64: ;   {metadata({method} {0x0000013c3f461a88} '<init>' '(Ljava/lang/String;)V' in 'java/lang/StringBuilder')}
  0x0000013c2bcded64: 49ba 801a | 463f 3c01 | 0000 4c89 | 5424 0848 | c704 24ff 

  0x0000013c2bcded78: ;   {runtime_call counter_overflow Runtime1 stub}
  0x0000013c2bcded78: ffff ffe8 

  0x0000013c2bcded7c: ; ImmutableOopMap {rbx=Oop rax=Oop [128]=Oop [152]=Oop [176]=Oop [224]=Oop [232]=Oop [240]=Oop [248]=Oop }
                      ;*synchronization entry
                      ; - java.lang.StringBuilder::<init>@-1
                      ; - org.eclipse.osgi.internal.framework.BundleContextImpl::dispatchEvent@366 (line 1011)
  0x0000013c2bcded7c: 803a 1c07 | e971 ccff 

  0x0000013c2bcded84: ;   {metadata({method} {0x0000013c3f461820} 'append' '(Ljava/lang/Object;)Ljava/lang/StringBuilder;' in 'java/lang/StringBuilder')}
  0x0000013c2bcded84: ff49 ba18 | 1846 3f3c | 0100 004c | 8954 2408 | 48c7 0424 | ffff ffff 

  0x0000013c2bcded9c: ;   {runtime_call counter_overflow Runtime1 stub}
  0x0000013c2bcded9c: e85f 3a1c 

  0x0000013c2bcdeda0: ; ImmutableOopMap {rdx=Oop rsi=Oop [128]=Oop [152]=Oop [176]=Oop [224]=Oop [232]=Oop [240]=Oop [248]=Oop }
                      ;*synchronization entry
                      ; - java.lang.StringBuilder::append@-1
                      ; - org.eclipse.osgi.internal.framework.BundleContextImpl::dispatchEvent@373 (line 1011)
  0x0000013c2bcdeda0: 07e9 d2cc 

  0x0000013c2bcdeda4: ;   {metadata({method} {0x0000013c3f454f60} 'valueOf' '(Ljava/lang/Object;)Ljava/lang/String;' in 'java/lang/String')}
  0x0000013c2bcdeda4: ffff 49ba | 584f 453f | 3c01 0000 | 4c89 5424 | 0848 c704 | 24ff ffff 

  0x0000013c2bcdedbc: ;   {runtime_call counter_overflow Runtime1 stub}
  0x0000013c2bcdedbc: ffe8 3e3a 

  0x0000013c2bcdedc0: ; ImmutableOopMap {rdx=Oop rsi=Oop [128]=Oop [152]=Oop [176]=Oop [224]=Oop [232]=Oop [240]=Oop [248]=Oop }
                      ;*synchronization entry
                      ; - java.lang.String::valueOf@-1
                      ; - java.lang.StringBuilder::append@2
                      ; - org.eclipse.osgi.internal.framework.BundleContextImpl::dispatchEvent@373 (line 1011)
  0x0000013c2bcdedc0: 1c07 e9ea 

  0x0000013c2bcdedc4: ;   {runtime_call throw_null_pointer_exception Runtime1 stub}
  0x0000013c2bcdedc4: ccff ffe8 

  0x0000013c2bcdedc8: ; ImmutableOopMap {rsi=Oop [128]=Oop [152]=Oop [176]=Oop [224]=Oop [232]=Oop [240]=Oop [248]=Oop }
                      ;*invokevirtual toString {reexecute=0 rethrow=0 return_oop=0}
                      ; - java.lang.String::valueOf@11
                      ; - java.lang.StringBuilder::append@2
                      ; - org.eclipse.osgi.internal.framework.BundleContextImpl::dispatchEvent@373 (line 1011)
  0x0000013c2bcdedc8: 34e4 1b07 

  0x0000013c2bcdedcc: ;   {metadata({method} {0x0000013c3f4617c8} 'append' '(Ljava/lang/String;)Ljava/lang/StringBuilder;' in 'java/lang/StringBuilder')}
  0x0000013c2bcdedcc: 49ba c017 | 463f 3c01 | 0000 4c89 | 5424 0848 | c704 24ff 

  0x0000013c2bcdede0: ;   {runtime_call counter_overflow Runtime1 stub}
  0x0000013c2bcdede0: ffff ffe8 

  0x0000013c2bcdede4: ; ImmutableOopMap {rsi=Oop [128]=Oop [152]=Oop [176]=Oop [224]=Oop [232]=Oop [240]=Oop [248]=Oop }
                      ;*synchronization entry
                      ; - java.lang.StringBuilder::append@-1
                      ; - java.lang.StringBuilder::append@5
                      ; - org.eclipse.osgi.internal.framework.BundleContextImpl::dispatchEvent@373 (line 1011)
  0x0000013c2bcdede4: 183a 1c07 | e905 ceff 

  0x0000013c2bcdedec: ;   {metadata({method} {0x0000013c3f4617c8} 'append' '(Ljava/lang/String;)Ljava/lang/StringBuilder;' in 'java/lang/StringBuilder')}
  0x0000013c2bcdedec: ff49 bac0 | 1746 3f3c | 0100 004c | 8954 2408 | 48c7 0424 | ffff ffff 

  0x0000013c2bcdee04: ;   {runtime_call counter_overflow Runtime1 stub}
  0x0000013c2bcdee04: e8f7 391c 

  0x0000013c2bcdee08: ; ImmutableOopMap {rax=Oop [128]=Oop [152]=Oop [176]=Oop [224]=Oop [232]=Oop [240]=Oop [248]=Oop }
                      ;*synchronization entry
                      ; - java.lang.StringBuilder::append@-1
                      ; - org.eclipse.osgi.internal.framework.BundleContextImpl::dispatchEvent@379 (line 1011)
  0x0000013c2bcdee08: 07e9 5cce 

  0x0000013c2bcdee0c: ;   {metadata({method} {0x0000013c3f4617c8} 'append' '(Ljava/lang/String;)Ljava/lang/StringBuilder;' in 'java/lang/StringBuilder')}
  0x0000013c2bcdee0c: ffff 49ba | c017 463f | 3c01 0000 | 4c89 5424 | 0848 c704 | 24ff ffff 

  0x0000013c2bcdee24: ;   {runtime_call counter_overflow Runtime1 stub}
  0x0000013c2bcdee24: ffe8 d639 

  0x0000013c2bcdee28: ; ImmutableOopMap {[128]=Oop [152]=Oop [176]=Oop [224]=Oop [232]=Oop [240]=Oop [248]=Oop }
                      ;*synchronization entry
                      ; - java.lang.StringBuilder::append@-1
                      ; - org.eclipse.osgi.internal.framework.BundleContextImpl::dispatchEvent@384 (line 1011)
  0x0000013c2bcdee28: 1c07 e9b0 

  0x0000013c2bcdee2c: ;   {metadata({method} {0x0000013c3f4617c8} 'append' '(Ljava/lang/String;)Ljava/lang/StringBuilder;' in 'java/lang/StringBuilder')}
  0x0000013c2bcdee2c: ceff ff49 | bac0 1746 | 3f3c 0100 | 004c 8954 | 2408 48c7 | 0424 ffff 

  0x0000013c2bcdee44: ;   {runtime_call counter_overflow Runtime1 stub}
  0x0000013c2bcdee44: ffff e8b5 

  0x0000013c2bcdee48: ; ImmutableOopMap {[128]=Oop [152]=Oop [176]=Oop [224]=Oop [240]=Oop [248]=Oop }
                      ;*synchronization entry
                      ; - java.lang.StringBuilder::append@-1
                      ; - org.eclipse.osgi.internal.framework.BundleContextImpl::dispatchEvent@390 (line 1011)
  0x0000013c2bcdee48: 391c 07e9 | 0fcf ffff 

  0x0000013c2bcdee50: ;   {metadata({method} {0x0000013c3f008958} 'toString' '()Ljava/lang/String;' in 'java/lang/StringBuilder')}
  0x0000013c2bcdee50: 49ba 5089 | 003f 3c01 | 0000 4c89 | 5424 0848 | c704 24ff 

  0x0000013c2bcdee64: ;   {runtime_call counter_overflow Runtime1 stub}
  0x0000013c2bcdee64: ffff ffe8 

  0x0000013c2bcdee68: ; ImmutableOopMap {[128]=Oop [152]=Oop [176]=Oop [224]=Oop [240]=Oop [248]=Oop }
                      ;*synchronization entry
                      ; - java.lang.StringBuilder::toString@-1
                      ; - org.eclipse.osgi.internal.framework.BundleContextImpl::dispatchEvent@393 (line 1011)
  0x0000013c2bcdee68: 9439 1c07 | e96c cfff | ff48 8bd2 

  0x0000013c2bcdee74: ;   {runtime_call fast_new_instance Runtime1 stub}
  0x0000013c2bcdee74: e887 ec1b 

  0x0000013c2bcdee78: ; ImmutableOopMap {[128]=Oop [152]=Oop [176]=Oop [224]=Oop [240]=Oop [248]=Oop }
                      ;*new {reexecute=0 rethrow=0 return_oop=0}
                      ; - java.lang.StringBuilder::toString@0
                      ; - org.eclipse.osgi.internal.framework.BundleContextImpl::dispatchEvent@393 (line 1011)
  0x0000013c2bcdee78: 07e9 afcf 

  0x0000013c2bcdee7c: ;   {metadata({method} {0x0000013c3f455ab8} '<init>' '(Ljava/lang/StringBuilder;)V' in 'java/lang/String')}
  0x0000013c2bcdee7c: ffff 49ba | b05a 453f | 3c01 0000 | 4c89 5424 | 0848 c704 | 24ff ffff 

  0x0000013c2bcdee94: ;   {runtime_call counter_overflow Runtime1 stub}
  0x0000013c2bcdee94: ffe8 6639 

  0x0000013c2bcdee98: ; ImmutableOopMap {rax=Oop [128]=Oop [152]=Oop [176]=Oop [224]=Oop [240]=Oop [248]=Oop }
                      ;*synchronization entry
                      ; - java.lang.String::<init>@-1
                      ; - java.lang.StringBuilder::toString@5
                      ; - org.eclipse.osgi.internal.framework.BundleContextImpl::dispatchEvent@393 (line 1011)
  0x0000013c2bcdee98: 1c07 e9cf 

  0x0000013c2bcdee9c: ;   {runtime_call throw_null_pointer_exception Runtime1 stub}
  0x0000013c2bcdee9c: cfff ffe8 

  0x0000013c2bcdeea0: ; ImmutableOopMap {rbx=Oop [128]=Oop [152]=Oop [176]=Oop [224]=Oop [248]=Oop [256]=Oop }
                      ;*invokevirtual trace {reexecute=0 rethrow=0 return_oop=0}
                      ; - org.eclipse.osgi.internal.framework.BundleContextImpl::dispatchEvent@396 (line 1010)
  0x0000013c2bcdeea0: 5ce3 1b07 

  0x0000013c2bcdeea4: ;   {metadata({method} {0x0000013c034e53d0} 'trace' '(Ljava/lang/String;Ljava/lang/String;)V' in 'org/eclipse/osgi/internal/debug/Debug')}
  0x0000013c2bcdeea4: 49ba c853 | 4e03 3c01 | 0000 4c89 | 5424 0848 | c704 24ff 

  0x0000013c2bcdeeb8: ;   {runtime_call counter_overflow Runtime1 stub}
  0x0000013c2bcdeeb8: ffff ffe8 

  0x0000013c2bcdeebc: ; ImmutableOopMap {rbx=Oop [128]=Oop [152]=Oop [176]=Oop [224]=Oop [248]=Oop [256]=Oop }
                      ;*synchronization entry
                      ; - org.eclipse.osgi.internal.debug.Debug::trace@-1 (line 256)
                      ; - org.eclipse.osgi.internal.framework.BundleContextImpl::dispatchEvent@396 (line 1010)
  0x0000013c2bcdeebc: 4039 1c07 | e94c d0ff 

  0x0000013c2bcdeec4: ;   {runtime_call throw_incompatible_class_change_error Runtime1 stub}
  0x0000013c2bcdeec4: ffe8 360a 

  0x0000013c2bcdeec8: ; ImmutableOopMap {rdx=Oop [128]=Oop [152]=Oop [176]=Oop [224]=Oop [256]=Oop }
                      ;*invokeinterface getLogger {reexecute=0 rethrow=0 return_oop=0}
                      ; - org.eclipse.osgi.internal.debug.Debug::trace@11 (line 265)
                      ; - org.eclipse.osgi.internal.framework.BundleContextImpl::dispatchEvent@396 (line 1010)
                      ;   {runtime_call throw_null_pointer_exception Runtime1 stub}
  0x0000013c2bcdeec8: 1c07 e831 

  0x0000013c2bcdeecc: ; ImmutableOopMap {rdx=Oop [128]=Oop [152]=Oop [176]=Oop [224]=Oop [256]=Oop }
                      ;*invokeinterface getLogger {reexecute=0 rethrow=0 return_oop=0}
                      ; - org.eclipse.osgi.internal.debug.Debug::trace@11 (line 265)
                      ; - org.eclipse.osgi.internal.framework.BundleContextImpl::dispatchEvent@396 (line 1010)
                      ;   {metadata({method} {0x0000013c0350ca80} 'getLogger' '(Ljava/lang/String;)Lorg/osgi/service/log/Logger;' in 'org/eclipse/osgi/internal/log/ExtendedLogServiceImpl')}
  0x0000013c2bcdeecc: e31b 0749 | ba78 ca50 | 033c 0100 | 004c 8954 | 2408 48c7 | 0424 ffff 

  0x0000013c2bcdeee4: ;   {runtime_call counter_overflow Runtime1 stub}
  0x0000013c2bcdeee4: ffff e815 

  0x0000013c2bcdeee8: ; ImmutableOopMap {rdx=Oop [128]=Oop [152]=Oop [176]=Oop [224]=Oop [256]=Oop }
                      ;*synchronization entry
                      ; - org.eclipse.osgi.internal.log.ExtendedLogServiceImpl::getLogger@-1 (line 1)
                      ; - org.eclipse.osgi.internal.debug.Debug::trace@11 (line 265)
                      ; - org.eclipse.osgi.internal.framework.BundleContextImpl::dispatchEvent@396 (line 1010)
  0x0000013c2bcdeee8: 391c 07e9 | ddd0 ffff 

  0x0000013c2bcdeef0: ;   {metadata({method} {0x0000013c0350a308} 'getLogger' '(Ljava/lang/String;)Lorg/eclipse/equinox/log/Logger;' in 'org/eclipse/osgi/internal/log/ExtendedLogServiceImpl')}
  0x0000013c2bcdeef0: 49ba 00a3 | 5003 3c01 | 0000 4c89 | 5424 0848 | c704 24ff 

  0x0000013c2bcdef04: ;   {runtime_call counter_overflow Runtime1 stub}
  0x0000013c2bcdef04: ffff ffe8 

  0x0000013c2bcdef08: ; ImmutableOopMap {rdx=Oop [128]=Oop [152]=Oop [176]=Oop [224]=Oop [256]=Oop }
                      ;*synchronization entry
                      ; - org.eclipse.osgi.internal.log.ExtendedLogServiceImpl::getLogger@-1 (line 73)
                      ; - org.eclipse.osgi.internal.log.ExtendedLogServiceImpl::getLogger@2 (line 1)
                      ; - org.eclipse.osgi.internal.debug.Debug::trace@11 (line 265)
                      ; - org.eclipse.osgi.internal.framework.BundleContextImpl::dispatchEvent@396 (line 1010)
  0x0000013c2bcdef08: f438 1c07 | e90e d1ff | ff48 8904 

  0x0000013c2bcdef14: ;   {runtime_call throw_class_cast_exception Runtime1 stub}
  0x0000013c2bcdef14: 24e8 e606 

  0x0000013c2bcdef18: ; ImmutableOopMap {[128]=Oop [152]=Oop [176]=Oop [224]=Oop [256]=Oop }
                      ;*checkcast {reexecute=0 rethrow=0 return_oop=0}
                      ; - org.eclipse.osgi.internal.log.ExtendedLogServiceImpl::getLogger@7 (line 73)
                      ; - org.eclipse.osgi.internal.log.ExtendedLogServiceImpl::getLogger@2 (line 1)
                      ; - org.eclipse.osgi.internal.debug.Debug::trace@11 (line 265)
                      ; - org.eclipse.osgi.internal.framework.BundleContextImpl::dispatchEvent@396 (line 1010)
                      ;   {runtime_call throw_null_pointer_exception Runtime1 stub}
  0x0000013c2bcdef18: 1c07 e8e1 

  0x0000013c2bcdef1c: ; ImmutableOopMap {rdx=Oop [128]=Oop [152]=Oop [176]=Oop [224]=Oop [256]=Oop }
                      ;*invokeinterface debug {reexecute=0 rethrow=0 return_oop=0}
                      ; - org.eclipse.osgi.internal.debug.Debug::trace@17 (line 265)
                      ; - org.eclipse.osgi.internal.framework.BundleContextImpl::dispatchEvent@396 (line 1010)
                      ;   {runtime_call throw_null_pointer_exception Runtime1 stub}
  0x0000013c2bcdef1c: e21b 07e8 

  0x0000013c2bcdef20: ; ImmutableOopMap {rax=Oop rdx=Oop [128]=Oop [152]=Oop [176]=Oop [224]=Oop }
                      ;*invokevirtual println {reexecute=0 rethrow=0 return_oop=0}
                      ; - org.eclipse.osgi.internal.debug.Debug::trace@29 (line 267)
                      ; - org.eclipse.osgi.internal.framework.BundleContextImpl::dispatchEvent@396 (line 1010)
  0x0000013c2bcdef20: dce2 1b07 | 4889 3424 

  0x0000013c2bcdef28: ;   {runtime_call throw_class_cast_exception Runtime1 stub}
  0x0000013c2bcdef28: e8d3 061c 

  0x0000013c2bcdef2c: ; ImmutableOopMap {rbx=Oop rsi=Oop [128]=Oop [152]=Oop [176]=Oop }
                      ;*checkcast {reexecute=0 rethrow=0 return_oop=0}
                      ; - org.eclipse.osgi.internal.framework.BundleContextImpl::dispatchEvent@403 (line 1014)
                      ;   {runtime_call throw_null_pointer_exception Runtime1 stub}
  0x0000013c2bcdef2c: 07e8 cee2 

  0x0000013c2bcdef30: ; ImmutableOopMap {rbx=Oop rsi=Oop r8=Oop [128]=Oop [152]=Oop [176]=Oop }
                      ;*invokeinterface frameworkEvent {reexecute=0 rethrow=0 return_oop=0}
                      ; - org.eclipse.osgi.internal.framework.BundleContextImpl::dispatchEvent@406 (line 1014)
  0x0000013c2bcdef30: 1b07 4889 

  0x0000013c2bcdef34: ;   {runtime_call throw_class_cast_exception Runtime1 stub}
  0x0000013c2bcdef34: 3424 e8c5 

  0x0000013c2bcdef38: ; ImmutableOopMap {rsi=Oop rdx=Oop r9=Oop [128]=Oop [152]=Oop [176]=Oop }
                      ;*checkcast {reexecute=0 rethrow=0 return_oop=0}
                      ; - org.eclipse.osgi.internal.framework.BundleContextImpl::dispatchEvent@176 (line 992)
  0x0000013c2bcdef38: 061c 074c 

  0x0000013c2bcdef3c: ;   {runtime_call throw_class_cast_exception Runtime1 stub}
  0x0000013c2bcdef3c: 890c 24e8 

  0x0000013c2bcdef40: ; ImmutableOopMap {rsi=Oop rdx=Oop rbx=Oop [128]=Oop [152]=Oop [176]=Oop }
                      ;*checkcast {reexecute=0 rethrow=0 return_oop=0}
                      ; - org.eclipse.osgi.internal.framework.BundleContextImpl::dispatchEvent@182 (line 994)
  0x0000013c2bcdef40: bc06 1c07 

  0x0000013c2bcdef44: ;   {runtime_call throw_null_pointer_exception Runtime1 stub}
  0x0000013c2bcdef44: e8b7 e21b 

  0x0000013c2bcdef48: ; ImmutableOopMap {rsi=Oop rdx=Oop rbx=Oop r8=Oop [128]=Oop [152]=Oop [176]=Oop }
                      ;*getfield DEBUG_EVENTS {reexecute=1 rethrow=0 return_oop=0}
                      ; - (reexecute) org.eclipse.osgi.internal.framework.BundleContextImpl::dispatchEvent@191 (line 995)
                      ;   {metadata(nullptr)}
  0x0000013c2bcdef48: 0748 ba00 | 0000 0000 | 0000 00b8 | 000f 050a 

  0x0000013c2bcdef58: ;   {runtime_call load_klass_patching Runtime1 stub}
  0x0000013c2bcdef58: e823 231c 

  0x0000013c2bcdef5c: ; ImmutableOopMap {rbx=Oop r8=Oop [128]=Oop [152]=Oop [176]=Oop }
                      ;*new {reexecute=1 rethrow=0 return_oop=0}
                      ; - (reexecute) org.eclipse.osgi.internal.framework.BundleContextImpl::dispatchEvent@197 (line 996)
  0x0000013c2bcdef5c: 07e9 3ed7 | ffff 488b 

  0x0000013c2bcdef64: ;   {runtime_call fast_new_instance Runtime1 stub}
  0x0000013c2bcdef64: d2e8 96eb 

  0x0000013c2bcdef68: ; ImmutableOopMap {rbx=Oop r8=Oop [128]=Oop [152]=Oop [176]=Oop }
                      ;*new {reexecute=0 rethrow=0 return_oop=0}
                      ; - org.eclipse.osgi.internal.framework.BundleContextImpl::dispatchEvent@197 (line 996)
  0x0000013c2bcdef68: 1b07 e981 

  0x0000013c2bcdef6c: ;   {runtime_call throw_null_pointer_exception Runtime1 stub}
  0x0000013c2bcdef6c: d7ff ffe8 

  0x0000013c2bcdef70: ; ImmutableOopMap {rbx=Oop r8=Oop rax=Oop [128]=Oop [152]=Oop [176]=Oop [264]=Oop }
                      ;*invokevirtual getClass {reexecute=0 rethrow=0 return_oop=0}
                      ; - org.eclipse.osgi.internal.framework.BundleContextImpl::dispatchEvent@203 (line 996)
  0x0000013c2bcdef70: 8ce2 1b07 

  0x0000013c2bcdef74: ;   {runtime_call throw_null_pointer_exception Runtime1 stub}
  0x0000013c2bcdef74: e887 e21b 

  0x0000013c2bcdef78: ; ImmutableOopMap {rbx=Oop r8=Oop rax=Oop rdx=Oop [128]=Oop [152]=Oop [176]=Oop [264]=Oop }
                      ;*invokevirtual getName {reexecute=0 rethrow=0 return_oop=0}
                      ; - org.eclipse.osgi.internal.framework.BundleContextImpl::dispatchEvent@206 (line 996)
                      ;   {metadata({method} {0x0000013c3f4697c0} 'getName' '()Ljava/lang/String;' in 'java/lang/Class')}
  0x0000013c2bcdef78: 0749 bab8 | 9746 3f3c | 0100 004c | 8954 2408 | 48c7 0424 | ffff ffff 

  0x0000013c2bcdef90: ;   {runtime_call counter_overflow Runtime1 stub}
  0x0000013c2bcdef90: e86b 381c 

  0x0000013c2bcdef94: ; ImmutableOopMap {rbx=Oop r8=Oop rax=Oop rdx=Oop [128]=Oop [152]=Oop [176]=Oop [264]=Oop }
                      ;*synchronization entry
                      ; - java.lang.Class::getName@-1
                      ; - org.eclipse.osgi.internal.framework.BundleContextImpl::dispatchEvent@206 (line 996)
  0x0000013c2bcdef94: 07e9 cdd7 

  0x0000013c2bcdef98: ;   {metadata({method} {0x0000013c3f454f60} 'valueOf' '(Ljava/lang/Object;)Ljava/lang/String;' in 'java/lang/String')}
  0x0000013c2bcdef98: ffff 49ba | 584f 453f | 3c01 0000 | 4c89 5424 | 0848 c704 | 24ff ffff 

  0x0000013c2bcdefb0: ;   {runtime_call counter_overflow Runtime1 stub}
  0x0000013c2bcdefb0: ffe8 4a38 

  0x0000013c2bcdefb4: ; ImmutableOopMap {rsi=Oop [128]=Oop [152]=Oop [176]=Oop [264]=Oop [272]=Oop [280]=Oop }
                      ;*synchronization entry
                      ; - java.lang.String::valueOf@-1
                      ; - org.eclipse.osgi.internal.framework.BundleContextImpl::dispatchEvent@209 (line 996)
  0x0000013c2bcdefb4: 1c07 e975 

  0x0000013c2bcdefb8: ;   {runtime_call throw_null_pointer_exception Runtime1 stub}
  0x0000013c2bcdefb8: d8ff ffe8 

  0x0000013c2bcdefbc: ; ImmutableOopMap {rsi=Oop [128]=Oop [152]=Oop [176]=Oop [264]=Oop [272]=Oop [280]=Oop }
                      ;*invokevirtual toString {reexecute=0 rethrow=0 return_oop=0}
                      ; - java.lang.String::valueOf@11
                      ; - org.eclipse.osgi.internal.framework.BundleContextImpl::dispatchEvent@209 (line 996)
  0x0000013c2bcdefbc: 40e2 1b07 

  0x0000013c2bcdefc0: ;   {metadata({method} {0x0000013c3f461a88} '<init>' '(Ljava/lang/String;)V' in 'java/lang/StringBuilder')}
  0x0000013c2bcdefc0: 49ba 801a | 463f 3c01 | 0000 4c89 | 5424 0848 | c704 24ff 

  0x0000013c2bcdefd4: ;   {runtime_call counter_overflow Runtime1 stub}
  0x0000013c2bcdefd4: ffff ffe8 

  0x0000013c2bcdefd8: ; ImmutableOopMap {rsi=Oop rax=Oop [128]=Oop [152]=Oop [176]=Oop [264]=Oop [272]=Oop [280]=Oop }
                      ;*synchronization entry
                      ; - java.lang.StringBuilder::<init>@-1
                      ; - org.eclipse.osgi.internal.framework.BundleContextImpl::dispatchEvent@212 (line 996)
  0x0000013c2bcdefd8: 2438 1c07 | e99c d9ff 

  0x0000013c2bcdefe0: ;   {metadata({method} {0x0000013c3f4617c8} 'append' '(Ljava/lang/String;)Ljava/lang/StringBuilder;' in 'java/lang/StringBuilder')}
  0x0000013c2bcdefe0: ff49 bac0 | 1746 3f3c | 0100 004c | 8954 2408 | 48c7 0424 | ffff ffff 

  0x0000013c2bcdeff8: ;   {runtime_call counter_overflow Runtime1 stub}
  0x0000013c2bcdeff8: e803 381c 

  0x0000013c2bcdeffc: ; ImmutableOopMap {[128]=Oop [152]=Oop [176]=Oop [264]=Oop [272]=Oop [280]=Oop }
                      ;*synchronization entry
                      ; - java.lang.StringBuilder::append@-1
                      ; - org.eclipse.osgi.internal.framework.BundleContextImpl::dispatchEvent@218 (line 996)
  0x0000013c2bcdeffc: 07e9 edd9 

  0x0000013c2bcdf000: ;   {metadata({method} {0x0000013c3f416300} 'toHexString' '(I)Ljava/lang/String;' in 'java/lang/Integer')}
  0x0000013c2bcdf000: ffff 49ba | f862 413f | 3c01 0000 | 4c89 5424 | 0848 c704 | 24ff ffff 

  0x0000013c2bcdf018: ;   {runtime_call counter_overflow Runtime1 stub}
  0x0000013c2bcdf018: ffe8 e237 

  0x0000013c2bcdf01c: ; ImmutableOopMap {[128]=Oop [152]=Oop [176]=Oop [264]=Oop [272]=Oop [280]=Oop }
                      ;*synchronization entry
                      ; - java.lang.Integer::toHexString@-1
                      ; - org.eclipse.osgi.internal.framework.BundleContextImpl::dispatchEvent@226 (line 997)
  0x0000013c2bcdf01c: 1c07 e96f 

  0x0000013c2bcdf020: ;   {metadata({method} {0x0000013c3f4617c8} 'append' '(Ljava/lang/String;)Ljava/lang/StringBuilder;' in 'java/lang/StringBuilder')}
  0x0000013c2bcdf020: daff ff49 | bac0 1746 | 3f3c 0100 | 004c 8954 | 2408 48c7 | 0424 ffff 

  0x0000013c2bcdf038: ;   {runtime_call counter_overflow Runtime1 stub}
  0x0000013c2bcdf038: ffff e8c1 

  0x0000013c2bcdf03c: ; ImmutableOopMap {rax=Oop [128]=Oop [152]=Oop [176]=Oop [264]=Oop [272]=Oop [280]=Oop }
                      ;*synchronization entry
                      ; - java.lang.StringBuilder::append@-1
                      ; - org.eclipse.osgi.internal.framework.BundleContextImpl::dispatchEvent@229 (line 997)
  0x0000013c2bcdf03c: 371c 07e9 | bbda ffff 

  0x0000013c2bcdf044: ;   {metadata({method} {0x0000013c3f008958} 'toString' '()Ljava/lang/String;' in 'java/lang/StringBuilder')}
  0x0000013c2bcdf044: 49ba 5089 | 003f 3c01 | 0000 4c89 | 5424 0848 | c704 24ff 

  0x0000013c2bcdf058: ;   {runtime_call counter_overflow Runtime1 stub}
  0x0000013c2bcdf058: ffff ffe8 

  0x0000013c2bcdf05c: ; ImmutableOopMap {[128]=Oop [152]=Oop [176]=Oop [264]=Oop [272]=Oop [280]=Oop }
                      ;*synchronization entry
                      ; - java.lang.StringBuilder::toString@-1
                      ; - org.eclipse.osgi.internal.framework.BundleContextImpl::dispatchEvent@232 (line 996)
  0x0000013c2bcdf05c: a037 1c07 | e910 dbff | ff48 8bd2 

  0x0000013c2bcdf068: ;   {runtime_call fast_new_instance Runtime1 stub}
  0x0000013c2bcdf068: e893 ea1b 

  0x0000013c2bcdf06c: ; ImmutableOopMap {[128]=Oop [152]=Oop [176]=Oop [264]=Oop [272]=Oop [280]=Oop }
                      ;*new {reexecute=0 rethrow=0 return_oop=0}
                      ; - java.lang.StringBuilder::toString@0
                      ; - org.eclipse.osgi.internal.framework.BundleContextImpl::dispatchEvent@232 (line 996)
  0x0000013c2bcdf06c: 07e9 53db 

  0x0000013c2bcdf070: ;   {metadata({method} {0x0000013c3f455ab8} '<init>' '(Ljava/lang/StringBuilder;)V' in 'java/lang/String')}
  0x0000013c2bcdf070: ffff 49ba | b05a 453f | 3c01 0000 | 4c89 5424 | 0848 c704 | 24ff ffff 

  0x0000013c2bcdf088: ;   {runtime_call counter_overflow Runtime1 stub}
  0x0000013c2bcdf088: ffe8 7237 

  0x0000013c2bcdf08c: ; ImmutableOopMap {rax=Oop [128]=Oop [152]=Oop [176]=Oop [264]=Oop [272]=Oop [280]=Oop [288]=Oop }
                      ;*synchronization entry
                      ; - java.lang.String::<init>@-1
                      ; - java.lang.StringBuilder::toString@5
                      ; - org.eclipse.osgi.internal.framework.BundleContextImpl::dispatchEvent@232 (line 996)
  0x0000013c2bcdf08c: 1c07 e97b 

  0x0000013c2bcdf090: ;   {metadata(nullptr)}
  0x0000013c2bcdf090: dbff ff48 | ba00 0000 | 0000 0000 | 00b8 000f 

  0x0000013c2bcdf0a0: ;   {runtime_call load_klass_patching Runtime1 stub}
  0x0000013c2bcdf0a0: 050a e8d9 

  0x0000013c2bcdf0a4: ; ImmutableOopMap {rbx=Oop [128]=Oop [152]=Oop [176]=Oop [272]=Oop [280]=Oop [288]=Oop [304]=Oop }
                      ;*new {reexecute=1 rethrow=0 return_oop=0}
                      ; - (reexecute) org.eclipse.osgi.internal.framework.BundleContextImpl::dispatchEvent@244 (line 998)
  0x0000013c2bcdf0a4: 211c 07e9 | b4db ffff 

  0x0000013c2bcdf0ac: ;   {runtime_call fast_new_instance Runtime1 stub}
  0x0000013c2bcdf0ac: 488b d2e8 

  0x0000013c2bcdf0b0: ; ImmutableOopMap {rbx=Oop [128]=Oop [152]=Oop [176]=Oop [272]=Oop [280]=Oop [288]=Oop [304]=Oop }
                      ;*new {reexecute=0 rethrow=0 return_oop=0}
                      ; - org.eclipse.osgi.internal.framework.BundleContextImpl::dispatchEvent@244 (line 998)
  0x0000013c2bcdf0b0: 4cea 1b07 | e9f7 dbff 

  0x0000013c2bcdf0b8: ;   {metadata({method} {0x0000013c3f461a88} '<init>' '(Ljava/lang/String;)V' in 'java/lang/StringBuilder')}
  0x0000013c2bcdf0b8: ff49 ba80 | 1a46 3f3c | 0100 004c | 8954 2408 | 48c7 0424 | ffff ffff 

  0x0000013c2bcdf0d0: ;   {runtime_call counter_overflow Runtime1 stub}
  0x0000013c2bcdf0d0: e82b 371c 

  0x0000013c2bcdf0d4: ; ImmutableOopMap {rbx=Oop rax=Oop [128]=Oop [152]=Oop [176]=Oop [272]=Oop [280]=Oop [288]=Oop [296]=Oop [304]=Oop }
                      ;*synchronization entry
                      ; - java.lang.StringBuilder::<init>@-1
                      ; - org.eclipse.osgi.internal.framework.BundleContextImpl::dispatchEvent@251 (line 998)
  0x0000013c2bcdf0d4: 07e9 1cdc 

  0x0000013c2bcdf0d8: ;   {metadata({method} {0x0000013c3f461820} 'append' '(Ljava/lang/Object;)Ljava/lang/StringBuilder;' in 'java/lang/StringBuilder')}
  0x0000013c2bcdf0d8: ffff 49ba | 1818 463f | 3c01 0000 | 4c89 5424 | 0848 c704 | 24ff ffff 

  0x0000013c2bcdf0f0: ;   {runtime_call counter_overflow Runtime1 stub}
  0x0000013c2bcdf0f0: ffe8 0a37 

  0x0000013c2bcdf0f4: ; ImmutableOopMap {rdx=Oop rsi=Oop [128]=Oop [152]=Oop [176]=Oop [272]=Oop [280]=Oop [288]=Oop [296]=Oop [304]=Oop }
                      ;*synchronization entry
                      ; - java.lang.StringBuilder::append@-1
                      ; - org.eclipse.osgi.internal.framework.BundleContextImpl::dispatchEvent@258 (line 998)
  0x0000013c2bcdf0f4: 1c07 e97d 

  0x0000013c2bcdf0f8: ;   {metadata({method} {0x0000013c3f454f60} 'valueOf' '(Ljava/lang/Object;)Ljava/lang/String;' in 'java/lang/String')}
  0x0000013c2bcdf0f8: dcff ff49 | ba58 4f45 | 3f3c 0100 | 004c 8954 | 2408 48c7 | 0424 ffff 

  0x0000013c2bcdf110: ;   {runtime_call counter_overflow Runtime1 stub}
  0x0000013c2bcdf110: ffff e8e9 

  0x0000013c2bcdf114: ; ImmutableOopMap {rdx=Oop rsi=Oop [128]=Oop [152]=Oop [176]=Oop [272]=Oop [280]=Oop [288]=Oop [296]=Oop [304]=Oop }
                      ;*synchronization entry
                      ; - java.lang.String::valueOf@-1
                      ; - java.lang.StringBuilder::append@2
                      ; - org.eclipse.osgi.internal.framework.BundleContextImpl::dispatchEvent@258 (line 998)
  0x0000013c2bcdf114: 361c 07e9 | 95dc ffff 

  0x0000013c2bcdf11c: ;   {runtime_call throw_null_pointer_exception Runtime1 stub}
  0x0000013c2bcdf11c: e8df e01b 

  0x0000013c2bcdf120: ; ImmutableOopMap {rsi=Oop [128]=Oop [152]=Oop [176]=Oop [272]=Oop [280]=Oop [288]=Oop [296]=Oop [304]=Oop }
                      ;*invokevirtual toString {reexecute=0 rethrow=0 return_oop=0}
                      ; - java.lang.String::valueOf@11
                      ; - java.lang.StringBuilder::append@2
                      ; - org.eclipse.osgi.internal.framework.BundleContextImpl::dispatchEvent@258 (line 998)
                      ;   {metadata({method} {0x0000013c3f4617c8} 'append' '(Ljava/lang/String;)Ljava/lang/StringBuilder;' in 'java/lang/StringBuilder')}
  0x0000013c2bcdf120: 0749 bac0 | 1746 3f3c | 0100 004c | 8954 2408 | 48c7 0424 | ffff ffff 

  0x0000013c2bcdf138: ;   {runtime_call counter_overflow Runtime1 stub}
  0x0000013c2bcdf138: e8c3 361c 

  0x0000013c2bcdf13c: ; ImmutableOopMap {rsi=Oop [128]=Oop [152]=Oop [176]=Oop [272]=Oop [280]=Oop [288]=Oop [296]=Oop [304]=Oop }
                      ;*synchronization entry
                      ; - java.lang.StringBuilder::append@-1
                      ; - java.lang.StringBuilder::append@5
                      ; - org.eclipse.osgi.internal.framework.BundleContextImpl::dispatchEvent@258 (line 998)
  0x0000013c2bcdf13c: 07e9 b0dd 

  0x0000013c2bcdf140: ;   {metadata({method} {0x0000013c3f4617c8} 'append' '(Ljava/lang/String;)Ljava/lang/StringBuilder;' in 'java/lang/StringBuilder')}
  0x0000013c2bcdf140: ffff 49ba | c017 463f | 3c01 0000 | 4c89 5424 | 0848 c704 | 24ff ffff 

  0x0000013c2bcdf158: ;   {runtime_call counter_overflow Runtime1 stub}
  0x0000013c2bcdf158: ffe8 a236 

  0x0000013c2bcdf15c: ; ImmutableOopMap {rax=Oop [128]=Oop [152]=Oop [176]=Oop [272]=Oop [280]=Oop [288]=Oop [296]=Oop [304]=Oop }
                      ;*synchronization entry
                      ; - java.lang.StringBuilder::append@-1
                      ; - org.eclipse.osgi.internal.framework.BundleContextImpl::dispatchEvent@264 (line 998)
  0x0000013c2bcdf15c: 1c07 e907 

  0x0000013c2bcdf160: ;   {metadata({method} {0x0000013c3f4617c8} 'append' '(Ljava/lang/String;)Ljava/lang/StringBuilder;' in 'java/lang/StringBuilder')}
  0x0000013c2bcdf160: deff ff49 | bac0 1746 | 3f3c 0100 | 004c 8954 | 2408 48c7 | 0424 ffff 

  0x0000013c2bcdf178: ;   {runtime_call counter_overflow Runtime1 stub}
  0x0000013c2bcdf178: ffff e881 

  0x0000013c2bcdf17c: ; ImmutableOopMap {[128]=Oop [152]=Oop [176]=Oop [272]=Oop [280]=Oop [288]=Oop [296]=Oop [304]=Oop }
                      ;*synchronization entry
                      ; - java.lang.StringBuilder::append@-1
                      ; - org.eclipse.osgi.internal.framework.BundleContextImpl::dispatchEvent@269 (line 998)
  0x0000013c2bcdf17c: 361c 07e9 | 5bde ffff 

  0x0000013c2bcdf184: ;   {metadata({method} {0x0000013c3f4617c8} 'append' '(Ljava/lang/String;)Ljava/lang/StringBuilder;' in 'java/lang/StringBuilder')}
  0x0000013c2bcdf184: 49ba c017 | 463f 3c01 | 0000 4c89 | 5424 0848 | c704 24ff 

  0x0000013c2bcdf198: ;   {runtime_call counter_overflow Runtime1 stub}
  0x0000013c2bcdf198: ffff ffe8 

  0x0000013c2bcdf19c: ; ImmutableOopMap {[128]=Oop [152]=Oop [176]=Oop [272]=Oop [280]=Oop [296]=Oop [304]=Oop }
                      ;*synchronization entry
                      ; - java.lang.StringBuilder::append@-1
                      ; - org.eclipse.osgi.internal.framework.BundleContextImpl::dispatchEvent@275 (line 998)
  0x0000013c2bcdf19c: 6036 1c07 | e9ba deff 

  0x0000013c2bcdf1a4: ;   {metadata({method} {0x0000013c3f008958} 'toString' '()Ljava/lang/String;' in 'java/lang/StringBuilder')}
  0x0000013c2bcdf1a4: ff49 ba50 | 8900 3f3c | 0100 004c | 8954 2408 | 48c7 0424 | ffff ffff 

  0x0000013c2bcdf1bc: ;   {runtime_call counter_overflow Runtime1 stub}
  0x0000013c2bcdf1bc: e83f 361c 

  0x0000013c2bcdf1c0: ; ImmutableOopMap {[128]=Oop [152]=Oop [176]=Oop [272]=Oop [280]=Oop [296]=Oop [304]=Oop }
                      ;*synchronization entry
                      ; - java.lang.StringBuilder::toString@-1
                      ; - org.eclipse.osgi.internal.framework.BundleContextImpl::dispatchEvent@278 (line 998)
  0x0000013c2bcdf1c0: 07e9 17df | ffff 488b 

  0x0000013c2bcdf1c8: ;   {runtime_call fast_new_instance Runtime1 stub}
  0x0000013c2bcdf1c8: d2e8 32e9 

  0x0000013c2bcdf1cc: ; ImmutableOopMap {[128]=Oop [152]=Oop [176]=Oop [272]=Oop [280]=Oop [296]=Oop [304]=Oop }
                      ;*new {reexecute=0 rethrow=0 return_oop=0}
                      ; - java.lang.StringBuilder::toString@0
                      ; - org.eclipse.osgi.internal.framework.BundleContextImpl::dispatchEvent@278 (line 998)
  0x0000013c2bcdf1cc: 1b07 e95a 

  0x0000013c2bcdf1d0: ;   {metadata({method} {0x0000013c3f455ab8} '<init>' '(Ljava/lang/StringBuilder;)V' in 'java/lang/String')}
  0x0000013c2bcdf1d0: dfff ff49 | bab0 5a45 | 3f3c 0100 | 004c 8954 | 2408 48c7 | 0424 ffff 

  0x0000013c2bcdf1e8: ;   {runtime_call counter_overflow Runtime1 stub}
  0x0000013c2bcdf1e8: ffff e811 

  0x0000013c2bcdf1ec: ; ImmutableOopMap {rax=Oop [128]=Oop [152]=Oop [176]=Oop [272]=Oop [280]=Oop [296]=Oop [304]=Oop }
                      ;*synchronization entry
                      ; - java.lang.String::<init>@-1
                      ; - java.lang.StringBuilder::toString@5
                      ; - org.eclipse.osgi.internal.framework.BundleContextImpl::dispatchEvent@278 (line 998)
  0x0000013c2bcdf1ec: 361c 07e9 | 7adf ffff 

  0x0000013c2bcdf1f4: ;   {runtime_call throw_null_pointer_exception Runtime1 stub}
  0x0000013c2bcdf1f4: e807 e01b 

  0x0000013c2bcdf1f8: ; ImmutableOopMap {rbx=Oop [128]=Oop [152]=Oop [176]=Oop [272]=Oop [280]=Oop [304]=Oop [312]=Oop }
                      ;*invokevirtual trace {reexecute=0 rethrow=0 return_oop=0}
                      ; - org.eclipse.osgi.internal.framework.BundleContextImpl::dispatchEvent@281 (line 998)
                      ;   {metadata({method} {0x0000013c034e53d0} 'trace' '(Ljava/lang/String;Ljava/lang/String;)V' in 'org/eclipse/osgi/internal/debug/Debug')}
  0x0000013c2bcdf1f8: 0749 bac8 | 534e 033c | 0100 004c | 8954 2408 | 48c7 0424 | ffff ffff 

  0x0000013c2bcdf210: ;   {runtime_call counter_overflow Runtime1 stub}
  0x0000013c2bcdf210: e8eb 351c 

  0x0000013c2bcdf214: ; ImmutableOopMap {rbx=Oop [128]=Oop [152]=Oop [176]=Oop [272]=Oop [280]=Oop [304]=Oop [312]=Oop }
                      ;*synchronization entry
                      ; - org.eclipse.osgi.internal.debug.Debug::trace@-1 (line 256)
                      ; - org.eclipse.osgi.internal.framework.BundleContextImpl::dispatchEvent@281 (line 998)
  0x0000013c2bcdf214: 07e9 f7df 

  0x0000013c2bcdf218: ;   {runtime_call throw_incompatible_class_change_error Runtime1 stub}
  0x0000013c2bcdf218: ffff e8e1 

  0x0000013c2bcdf21c: ; ImmutableOopMap {rdx=Oop [128]=Oop [152]=Oop [176]=Oop [272]=Oop [280]=Oop [312]=Oop }
                      ;*invokeinterface getLogger {reexecute=0 rethrow=0 return_oop=0}
                      ; - org.eclipse.osgi.internal.debug.Debug::trace@11 (line 265)
                      ; - org.eclipse.osgi.internal.framework.BundleContextImpl::dispatchEvent@281 (line 998)
                      ;   {runtime_call throw_null_pointer_exception Runtime1 stub}
  0x0000013c2bcdf21c: 061c 07e8 

  0x0000013c2bcdf220: ; ImmutableOopMap {rdx=Oop [128]=Oop [152]=Oop [176]=Oop [272]=Oop [280]=Oop [312]=Oop }
                      ;*invokeinterface getLogger {reexecute=0 rethrow=0 return_oop=0}
                      ; - org.eclipse.osgi.internal.debug.Debug::trace@11 (line 265)
                      ; - org.eclipse.osgi.internal.framework.BundleContextImpl::dispatchEvent@281 (line 998)
  0x0000013c2bcdf220: dcdf 1b07 

  0x0000013c2bcdf224: ;   {metadata({method} {0x0000013c0350ca80} 'getLogger' '(Ljava/lang/String;)Lorg/osgi/service/log/Logger;' in 'org/eclipse/osgi/internal/log/ExtendedLogServiceImpl')}
  0x0000013c2bcdf224: 49ba 78ca | 5003 3c01 | 0000 4c89 | 5424 0848 | c704 24ff 

  0x0000013c2bcdf238: ;   {runtime_call counter_overflow Runtime1 stub}
  0x0000013c2bcdf238: ffff ffe8 

  0x0000013c2bcdf23c: ; ImmutableOopMap {rdx=Oop [128]=Oop [152]=Oop [176]=Oop [272]=Oop [280]=Oop [312]=Oop }
                      ;*synchronization entry
                      ; - org.eclipse.osgi.internal.log.ExtendedLogServiceImpl::getLogger@-1 (line 1)
                      ; - org.eclipse.osgi.internal.debug.Debug::trace@11 (line 265)
                      ; - org.eclipse.osgi.internal.framework.BundleContextImpl::dispatchEvent@281 (line 998)
  0x0000013c2bcdf23c: c035 1c07 | e988 e0ff 

  0x0000013c2bcdf244: ;   {metadata({method} {0x0000013c0350a308} 'getLogger' '(Ljava/lang/String;)Lorg/eclipse/equinox/log/Logger;' in 'org/eclipse/osgi/internal/log/ExtendedLogServiceImpl')}
  0x0000013c2bcdf244: ff49 ba00 | a350 033c | 0100 004c | 8954 2408 | 48c7 0424 | ffff ffff 

  0x0000013c2bcdf25c: ;   {runtime_call counter_overflow Runtime1 stub}
  0x0000013c2bcdf25c: e89f 351c 

  0x0000013c2bcdf260: ; ImmutableOopMap {rdx=Oop [128]=Oop [152]=Oop [176]=Oop [272]=Oop [280]=Oop [312]=Oop }
                      ;*synchronization entry
                      ; - org.eclipse.osgi.internal.log.ExtendedLogServiceImpl::getLogger@-1 (line 73)
                      ; - org.eclipse.osgi.internal.log.ExtendedLogServiceImpl::getLogger@2 (line 1)
                      ; - org.eclipse.osgi.internal.debug.Debug::trace@11 (line 265)
                      ; - org.eclipse.osgi.internal.framework.BundleContextImpl::dispatchEvent@281 (line 998)
  0x0000013c2bcdf260: 07e9 b9e0 | ffff 4889 

  0x0000013c2bcdf268: ;   {runtime_call throw_class_cast_exception Runtime1 stub}
  0x0000013c2bcdf268: 0424 e891 

  0x0000013c2bcdf26c: ; ImmutableOopMap {[128]=Oop [152]=Oop [176]=Oop [272]=Oop [280]=Oop [312]=Oop }
                      ;*checkcast {reexecute=0 rethrow=0 return_oop=0}
                      ; - org.eclipse.osgi.internal.log.ExtendedLogServiceImpl::getLogger@7 (line 73)
                      ; - org.eclipse.osgi.internal.log.ExtendedLogServiceImpl::getLogger@2 (line 1)
                      ; - org.eclipse.osgi.internal.debug.Debug::trace@11 (line 265)
                      ; - org.eclipse.osgi.internal.framework.BundleContextImpl::dispatchEvent@281 (line 998)
                      ;   {runtime_call throw_null_pointer_exception Runtime1 stub}
  0x0000013c2bcdf26c: 031c 07e8 

  0x0000013c2bcdf270: ; ImmutableOopMap {rdx=Oop [128]=Oop [152]=Oop [176]=Oop [272]=Oop [280]=Oop [312]=Oop }
                      ;*invokeinterface debug {reexecute=0 rethrow=0 return_oop=0}
                      ; - org.eclipse.osgi.internal.debug.Debug::trace@17 (line 265)
                      ; - org.eclipse.osgi.internal.framework.BundleContextImpl::dispatchEvent@281 (line 998)
  0x0000013c2bcdf270: 8cdf 1b07 

  0x0000013c2bcdf274: ;   {runtime_call throw_null_pointer_exception Runtime1 stub}
  0x0000013c2bcdf274: e887 df1b 

  0x0000013c2bcdf278: ; ImmutableOopMap {rax=Oop rdx=Oop [128]=Oop [152]=Oop [176]=Oop [272]=Oop [280]=Oop }
                      ;*invokevirtual println {reexecute=0 rethrow=0 return_oop=0}
                      ; - org.eclipse.osgi.internal.debug.Debug::trace@29 (line 267)
                      ; - org.eclipse.osgi.internal.framework.BundleContextImpl::dispatchEvent@281 (line 998)
                      ;   {runtime_call throw_null_pointer_exception Runtime1 stub}
  0x0000013c2bcdf278: 07e8 82df 

  0x0000013c2bcdf27c: ; ImmutableOopMap {rbx=Oop rdx=Oop [128]=Oop [152]=Oop [176]=Oop }
                      ;*invokeinterface serviceChanged {reexecute=0 rethrow=0 return_oop=0}
                      ; - org.eclipse.osgi.internal.framework.BundleContextImpl::dispatchEvent@288 (line 1000)
  0x0000013c2bcdf27c: 1b07 4889 

  0x0000013c2bcdf280: ;   {runtime_call throw_class_cast_exception Runtime1 stub}
  0x0000013c2bcdf280: 0424 e879 

  0x0000013c2bcdf284: ; ImmutableOopMap {}
                      ;*checkcast {reexecute=0 rethrow=0 return_oop=0}
                      ; - org.eclipse.osgi.internal.framework.BundleContextImpl::dispatchEvent@570 (line 1039)
                      ;   {runtime_call throw_null_pointer_exception Runtime1 stub}
  0x0000013c2bcdf284: 031c 07e8 

  0x0000013c2bcdf288: ; ImmutableOopMap {r8=Oop rdx=Oop }
                      ;*invokevirtual setContextClassLoader {reexecute=0 rethrow=0 return_oop=0}
                      ; - org.eclipse.osgi.internal.framework.BundleContextImpl::dispatchEvent@573 (line 1039)
  0x0000013c2bcdf288: 74df 1b07 

  0x0000013c2bcdf28c: ;   {internal_word}
  0x0000013c2bcdf28c: 49ba 6cd8 | cd2b 3c01 | 0000 4d89 | 9768 0400 

  0x0000013c2bcdf29c: ;   {runtime_call SafepointBlob}
  0x0000013c2bcdf29c: 00e9 5e58 

  0x0000013c2bcdf2a0: ;   {metadata(nullptr)}
  0x0000013c2bcdf2a0: 1107 48ba | 0000 0000 | 0000 0000 | b800 0f05 

  0x0000013c2bcdf2b0: ;   {runtime_call load_klass_patching Runtime1 stub}
  0x0000013c2bcdf2b0: 0ae8 ca1f 

  0x0000013c2bcdf2b4: ; ImmutableOopMap {[128]=Oop [152]=Oop [176]=Oop }
                      ;*new {reexecute=1 rethrow=0 return_oop=0}
                      ; - (reexecute) org.eclipse.osgi.internal.framework.BundleContextImpl::dispatchEvent@414 (line 1018)
  0x0000013c2bcdf2b4: 1c07 e9c5 | e5ff ff48 

  0x0000013c2bcdf2bc: ;   {runtime_call fast_new_instance Runtime1 stub}
  0x0000013c2bcdf2bc: 8bd2 e83d 

  0x0000013c2bcdf2c0: ; ImmutableOopMap {[128]=Oop [152]=Oop [176]=Oop }
                      ;*new {reexecute=0 rethrow=0 return_oop=0}
                      ; - org.eclipse.osgi.internal.framework.BundleContextImpl::dispatchEvent@414 (line 1018)
  0x0000013c2bcdf2c0: e81b 07e9 | 10e6 ffff 

  0x0000013c2bcdf2c8: ;   {runtime_call throw_null_pointer_exception Runtime1 stub}
  0x0000013c2bcdf2c8: e833 df1b 

  0x0000013c2bcdf2cc: ; ImmutableOopMap {rdx=Oop rax=Oop rbx=Oop [128]=Oop [152]=Oop [176]=Oop }
                      ;*getfield DEBUG_EVENTS {reexecute=1 rethrow=0 return_oop=0}
                      ; - (reexecute) org.eclipse.osgi.internal.framework.BundleContextImpl::dispatchEvent@428 (line 1023)
                      ;   {metadata(nullptr)}
  0x0000013c2bcdf2cc: 0748 ba00 | 0000 0000 | 0000 00b8 | 000f 050a 

  0x0000013c2bcdf2dc: ;   {runtime_call load_klass_patching Runtime1 stub}
  0x0000013c2bcdf2dc: e89f 1f1c 

  0x0000013c2bcdf2e0: ; ImmutableOopMap {[128]=Oop [152]=Oop [176]=Oop [328]=Oop [344]=Oop }
                      ;*new {reexecute=1 rethrow=0 return_oop=0}
                      ; - (reexecute) org.eclipse.osgi.internal.framework.BundleContextImpl::dispatchEvent@441 (line 1024)
  0x0000013c2bcdf2e0: 07e9 bae6 | ffff 488b 

  0x0000013c2bcdf2e8: ;   {runtime_call fast_new_instance Runtime1 stub}
  0x0000013c2bcdf2e8: d2e8 12e8 

  0x0000013c2bcdf2ec: ; ImmutableOopMap {[128]=Oop [152]=Oop [176]=Oop [328]=Oop [344]=Oop }
                      ;*new {reexecute=0 rethrow=0 return_oop=0}
                      ; - org.eclipse.osgi.internal.framework.BundleContextImpl::dispatchEvent@441 (line 1024)
  0x0000013c2bcdf2ec: 1b07 e9fd 

  0x0000013c2bcdf2f0: ;   {metadata({method} {0x0000013c3f461a88} '<init>' '(Ljava/lang/String;)V' in 'java/lang/StringBuilder')}
  0x0000013c2bcdf2f0: e6ff ff49 | ba80 1a46 | 3f3c 0100 | 004c 8954 | 2408 48c7 | 0424 ffff 

  0x0000013c2bcdf308: ;   {runtime_call counter_overflow Runtime1 stub}
  0x0000013c2bcdf308: ffff e8f1 

  0x0000013c2bcdf30c: ; ImmutableOopMap {rax=Oop [128]=Oop [152]=Oop [176]=Oop [328]=Oop [344]=Oop }
                      ;*synchronization entry
                      ; - java.lang.StringBuilder::<init>@-1
                      ; - org.eclipse.osgi.internal.framework.BundleContextImpl::dispatchEvent@448 (line 1024)
  0x0000013c2bcdf30c: 341c 07e9 | 1ae7 ffff 

  0x0000013c2bcdf314: ;   {metadata({method} {0x0000013c3f4617c8} 'append' '(Ljava/lang/String;)Ljava/lang/StringBuilder;' in 'java/lang/StringBuilder')}
  0x0000013c2bcdf314: 49ba c017 | 463f 3c01 | 0000 4c89 | 5424 0848 | c704 24ff 

  0x0000013c2bcdf328: ;   {runtime_call counter_overflow Runtime1 stub}
  0x0000013c2bcdf328: ffff ffe8 

  0x0000013c2bcdf32c: ; ImmutableOopMap {rax=Oop [128]=Oop [152]=Oop [176]=Oop [328]=Oop [336]=Oop [344]=Oop }
                      ;*synchronization entry
                      ; - java.lang.StringBuilder::append@-1
                      ; - org.eclipse.osgi.internal.framework.BundleContextImpl::dispatchEvent@456 (line 1024)
  0x0000013c2bcdf32c: d034 1c07 | e932 e8ff 

  0x0000013c2bcdf334: ;   {metadata({method} {0x0000013c3f008958} 'toString' '()Ljava/lang/String;' in 'java/lang/StringBuilder')}
  0x0000013c2bcdf334: ff49 ba50 | 8900 3f3c | 0100 004c | 8954 2408 | 48c7 0424 | ffff ffff 

  0x0000013c2bcdf34c: ;   {runtime_call counter_overflow Runtime1 stub}
  0x0000013c2bcdf34c: e8af 341c 

  0x0000013c2bcdf350: ; ImmutableOopMap {[128]=Oop [152]=Oop [176]=Oop [328]=Oop [336]=Oop [344]=Oop }
                      ;*synchronization entry
                      ; - java.lang.StringBuilder::toString@-1
                      ; - org.eclipse.osgi.internal.framework.BundleContextImpl::dispatchEvent@459 (line 1024)
  0x0000013c2bcdf350: 07e9 87e8 | ffff 488b 

  0x0000013c2bcdf358: ;   {runtime_call fast_new_instance Runtime1 stub}
  0x0000013c2bcdf358: d2e8 a2e7 

  0x0000013c2bcdf35c: ; ImmutableOopMap {[128]=Oop [152]=Oop [176]=Oop [328]=Oop [336]=Oop [344]=Oop }
                      ;*new {reexecute=0 rethrow=0 return_oop=0}
                      ; - java.lang.StringBuilder::toString@0
                      ; - org.eclipse.osgi.internal.framework.BundleContextImpl::dispatchEvent@459 (line 1024)
  0x0000013c2bcdf35c: 1b07 e9ca 

  0x0000013c2bcdf360: ;   {metadata({method} {0x0000013c3f455ab8} '<init>' '(Ljava/lang/StringBuilder;)V' in 'java/lang/String')}
  0x0000013c2bcdf360: e8ff ff49 | bab0 5a45 | 3f3c 0100 | 004c 8954 | 2408 48c7 | 0424 ffff 

  0x0000013c2bcdf378: ;   {runtime_call counter_overflow Runtime1 stub}
  0x0000013c2bcdf378: ffff e881 

  0x0000013c2bcdf37c: ; ImmutableOopMap {rax=Oop [128]=Oop [152]=Oop [176]=Oop [328]=Oop [336]=Oop [344]=Oop }
                      ;*synchronization entry
                      ; - java.lang.String::<init>@-1
                      ; - java.lang.StringBuilder::toString@5
                      ; - org.eclipse.osgi.internal.framework.BundleContextImpl::dispatchEvent@459 (line 1024)
  0x0000013c2bcdf37c: 341c 07e9 | eae8 ffff 

  0x0000013c2bcdf384: ;   {metadata({method} {0x0000013c034e53d0} 'trace' '(Ljava/lang/String;Ljava/lang/String;)V' in 'org/eclipse/osgi/internal/debug/Debug')}
  0x0000013c2bcdf384: 49ba c853 | 4e03 3c01 | 0000 4c89 | 5424 0848 | c704 24ff 

  0x0000013c2bcdf398: ;   {runtime_call counter_overflow Runtime1 stub}
  0x0000013c2bcdf398: ffff ffe8 

  0x0000013c2bcdf39c: ; ImmutableOopMap {[128]=Oop [152]=Oop [176]=Oop [328]=Oop [344]=Oop [352]=Oop }
                      ;*synchronization entry
                      ; - org.eclipse.osgi.internal.debug.Debug::trace@-1 (line 256)
                      ; - org.eclipse.osgi.internal.framework.BundleContextImpl::dispatchEvent@462 (line 1024)
  0x0000013c2bcdf39c: 6034 1c07 | e966 e9ff 

  0x0000013c2bcdf3a4: ;   {runtime_call throw_incompatible_class_change_error Runtime1 stub}
  0x0000013c2bcdf3a4: ffe8 5605 

  0x0000013c2bcdf3a8: ; ImmutableOopMap {rdx=Oop [128]=Oop [152]=Oop [176]=Oop [328]=Oop [352]=Oop }
                      ;*invokeinterface getLogger {reexecute=0 rethrow=0 return_oop=0}
                      ; - org.eclipse.osgi.internal.debug.Debug::trace@11 (line 265)
                      ; - org.eclipse.osgi.internal.framework.BundleContextImpl::dispatchEvent@462 (line 1024)
                      ;   {runtime_call throw_null_pointer_exception Runtime1 stub}
  0x0000013c2bcdf3a8: 1c07 e851 

  0x0000013c2bcdf3ac: ; ImmutableOopMap {rdx=Oop [128]=Oop [152]=Oop [176]=Oop [328]=Oop [352]=Oop }
                      ;*invokeinterface getLogger {reexecute=0 rethrow=0 return_oop=0}
                      ; - org.eclipse.osgi.internal.debug.Debug::trace@11 (line 265)
                      ; - org.eclipse.osgi.internal.framework.BundleContextImpl::dispatchEvent@462 (line 1024)
                      ;   {metadata({method} {0x0000013c0350ca80} 'getLogger' '(Ljava/lang/String;)Lorg/osgi/service/log/Logger;' in 'org/eclipse/osgi/internal/log/ExtendedLogServiceImpl')}
  0x0000013c2bcdf3ac: de1b 0749 | ba78 ca50 | 033c 0100 | 004c 8954 | 2408 48c7 | 0424 ffff 

  0x0000013c2bcdf3c4: ;   {runtime_call counter_overflow Runtime1 stub}
  0x0000013c2bcdf3c4: ffff e835 

  0x0000013c2bcdf3c8: ; ImmutableOopMap {rdx=Oop [128]=Oop [152]=Oop [176]=Oop [328]=Oop [352]=Oop }
                      ;*synchronization entry
                      ; - org.eclipse.osgi.internal.log.ExtendedLogServiceImpl::getLogger@-1 (line 1)
                      ; - org.eclipse.osgi.internal.debug.Debug::trace@11 (line 265)
                      ; - org.eclipse.osgi.internal.framework.BundleContextImpl::dispatchEvent@462 (line 1024)
  0x0000013c2bcdf3c8: 341c 07e9 | ffe9 ffff 

  0x0000013c2bcdf3d0: ;   {metadata({method} {0x0000013c0350a308} 'getLogger' '(Ljava/lang/String;)Lorg/eclipse/equinox/log/Logger;' in 'org/eclipse/osgi/internal/log/ExtendedLogServiceImpl')}
  0x0000013c2bcdf3d0: 49ba 00a3 | 5003 3c01 | 0000 4c89 | 5424 0848 | c704 24ff 

  0x0000013c2bcdf3e4: ;   {runtime_call counter_overflow Runtime1 stub}
  0x0000013c2bcdf3e4: ffff ffe8 

  0x0000013c2bcdf3e8: ; ImmutableOopMap {rdx=Oop [128]=Oop [152]=Oop [176]=Oop [328]=Oop [352]=Oop }
                      ;*synchronization entry
                      ; - org.eclipse.osgi.internal.log.ExtendedLogServiceImpl::getLogger@-1 (line 73)
                      ; - org.eclipse.osgi.internal.log.ExtendedLogServiceImpl::getLogger@2 (line 1)
                      ; - org.eclipse.osgi.internal.debug.Debug::trace@11 (line 265)
                      ; - org.eclipse.osgi.internal.framework.BundleContextImpl::dispatchEvent@462 (line 1024)
  0x0000013c2bcdf3e8: 1434 1c07 | e930 eaff | ff48 8904 

  0x0000013c2bcdf3f4: ;   {runtime_call throw_class_cast_exception Runtime1 stub}
  0x0000013c2bcdf3f4: 24e8 0602 

  0x0000013c2bcdf3f8: ; ImmutableOopMap {[128]=Oop [152]=Oop [176]=Oop [328]=Oop [352]=Oop }
                      ;*checkcast {reexecute=0 rethrow=0 return_oop=0}
                      ; - org.eclipse.osgi.internal.log.ExtendedLogServiceImpl::getLogger@7 (line 73)
                      ; - org.eclipse.osgi.internal.log.ExtendedLogServiceImpl::getLogger@2 (line 1)
                      ; - org.eclipse.osgi.internal.debug.Debug::trace@11 (line 265)
                      ; - org.eclipse.osgi.internal.framework.BundleContextImpl::dispatchEvent@462 (line 1024)
                      ;   {runtime_call throw_null_pointer_exception Runtime1 stub}
  0x0000013c2bcdf3f8: 1c07 e801 

  0x0000013c2bcdf3fc: ; ImmutableOopMap {rdx=Oop [128]=Oop [152]=Oop [176]=Oop [328]=Oop [352]=Oop }
                      ;*invokeinterface debug {reexecute=0 rethrow=0 return_oop=0}
                      ; - org.eclipse.osgi.internal.debug.Debug::trace@17 (line 265)
                      ; - org.eclipse.osgi.internal.framework.BundleContextImpl::dispatchEvent@462 (line 1024)
                      ;   {runtime_call throw_null_pointer_exception Runtime1 stub}
  0x0000013c2bcdf3fc: de1b 07e8 

  0x0000013c2bcdf400: ; ImmutableOopMap {rax=Oop rdx=Oop [128]=Oop [152]=Oop [176]=Oop [328]=Oop }
                      ;*invokevirtual println {reexecute=0 rethrow=0 return_oop=0}
                      ; - org.eclipse.osgi.internal.debug.Debug::trace@29 (line 267)
                      ; - org.eclipse.osgi.internal.framework.BundleContextImpl::dispatchEvent@462 (line 1024)
  0x0000013c2bcdf400: fcdd 1b07 

  0x0000013c2bcdf404: ;   {runtime_call throw_null_pointer_exception Runtime1 stub}
  0x0000013c2bcdf404: e8f7 dd1b 

  0x0000013c2bcdf408: ; ImmutableOopMap {rdx=Oop rsi=Oop [128]=Oop [152]=Oop [176]=Oop [328]=Oop }
                      ;*invokevirtual traceThrowable {reexecute=0 rethrow=0 return_oop=0}
                      ; - org.eclipse.osgi.internal.framework.BundleContextImpl::dispatchEvent@474 (line 1028)
  0x0000013c2bcdf408: 0748 8934 

  0x0000013c2bcdf40c: ;   {runtime_call throw_class_cast_exception Runtime1 stub}
  0x0000013c2bcdf40c: 24e8 ee01 

  0x0000013c2bcdf410: ; ImmutableOopMap {[128]=Oop [176]=Oop [328]=Oop }
                      ;*checkcast {reexecute=0 rethrow=0 return_oop=0}
                      ; - org.eclipse.osgi.internal.framework.BundleContextImpl::dispatchEvent@484 (line 1032)
                      ;   {runtime_call throw_null_pointer_exception Runtime1 stub}
  0x0000013c2bcdf410: 1c07 e8e9 

  0x0000013c2bcdf414: ; ImmutableOopMap {rax=Oop [128]=Oop [176]=Oop [328]=Oop }
                      ;*invokevirtual getType {reexecute=0 rethrow=0 return_oop=0}
                      ; - org.eclipse.osgi.internal.framework.BundleContextImpl::dispatchEvent@487 (line 1032)
                      ;   {runtime_call throw_null_pointer_exception Runtime1 stub}
  0x0000013c2bcdf414: dd1b 07e8 

  0x0000013c2bcdf418: ; ImmutableOopMap {rsi=Oop r8=Oop [128]=Oop [176]=Oop [328]=Oop }
                      ;*invokevirtual getEventPublisher {reexecute=0 rethrow=0 return_oop=0}
                      ; - org.eclipse.osgi.internal.framework.BundleContextImpl::dispatchEvent@498 (line 1035)
  0x0000013c2bcdf418: e4dd 1b07 

  0x0000013c2bcdf41c: ;   {metadata({method} {0x0000013c034a2328} 'getEventPublisher' '()Lorg/eclipse/osgi/internal/framework/EquinoxEventPublisher;' in 'org/eclipse/osgi/internal/framework/EquinoxContainer')}
  0x0000013c2bcdf41c: 49ba 2023 | 4a03 3c01 | 0000 4c89 | 5424 0848 | c704 24ff 

  0x0000013c2bcdf430: ;   {runtime_call counter_overflow Runtime1 stub}
  0x0000013c2bcdf430: ffff ffe8 

  0x0000013c2bcdf434: ; ImmutableOopMap {rsi=Oop r8=Oop [128]=Oop [176]=Oop [328]=Oop }
                      ;*synchronization entry
                      ; - org.eclipse.osgi.internal.framework.EquinoxContainer::getEventPublisher@-1 (line 275)
                      ; - org.eclipse.osgi.internal.framework.BundleContextImpl::dispatchEvent@498 (line 1035)
  0x0000013c2bcdf434: c833 1c07 | e995 eeff 

  0x0000013c2bcdf43c: ;   {runtime_call throw_null_pointer_exception Runtime1 stub}
  0x0000013c2bcdf43c: ffe8 bedd 

  0x0000013c2bcdf440: ; ImmutableOopMap {rsi=Oop r8=Oop r9=Oop [128]=Oop [176]=Oop [328]=Oop }
                      ;*monitorenter {reexecute=0 rethrow=0 return_oop=0}
                      ; - org.eclipse.osgi.internal.framework.EquinoxContainer::getEventPublisher@6 (line 275)
                      ; - org.eclipse.osgi.internal.framework.BundleContextImpl::dispatchEvent@498 (line 1035)
  0x0000013c2bcdf440: 1b07 4c89 | 4c24 0848 

  0x0000013c2bcdf448: ;   {runtime_call monitorenter_nofpu Runtime1 stub}
  0x0000013c2bcdf448: 893c 24e8 

  0x0000013c2bcdf44c: ; ImmutableOopMap {rsi=Oop r8=Oop r9=Oop [128]=Oop [176]=Oop [328]=Oop [376]=Oop }
                      ;*monitorenter {reexecute=0 rethrow=0 return_oop=0}
                      ; - org.eclipse.osgi.internal.framework.EquinoxContainer::getEventPublisher@6 (line 275)
                      ; - org.eclipse.osgi.internal.framework.BundleContextImpl::dispatchEvent@498 (line 1035)
  0x0000013c2bcdf44c: b00d 1c07 | e9bb eeff | ff48 8d84 | 2470 0100 | 0048 8904 

  0x0000013c2bcdf460: ;   {runtime_call monitorexit_nofpu Runtime1 stub}
  0x0000013c2bcdf460: 24e8 9a13 | 1c07 e9d3 

  0x0000013c2bcdf468: ;   {runtime_call throw_null_pointer_exception Runtime1 stub}
  0x0000013c2bcdf468: eeff ffe8 

  0x0000013c2bcdf46c: ; ImmutableOopMap {rdx=Oop r9=Oop [176]=Oop [328]=Oop }
                      ;*invokevirtual publishFrameworkEvent {reexecute=0 rethrow=0 return_oop=0}
                      ; - org.eclipse.osgi.internal.framework.BundleContextImpl::dispatchEvent@508 (line 1035)
  0x0000013c2bcdf46c: 90dd 1b07 | 4889 3c24 

  0x0000013c2bcdf474: ;   {runtime_call throw_class_cast_exception Runtime1 stub}
  0x0000013c2bcdf474: e887 011c 

  0x0000013c2bcdf478: ; ImmutableOopMap {}
                      ;*checkcast {reexecute=0 rethrow=0 return_oop=0}
                      ; - org.eclipse.osgi.internal.framework.BundleContextImpl::dispatchEvent@524 (line 1039)
                      ;   {runtime_call throw_null_pointer_exception Runtime1 stub}
  0x0000013c2bcdf478: 07e8 82dd 

  0x0000013c2bcdf47c: ; ImmutableOopMap {r8=Oop rdx=Oop }
                      ;*invokevirtual setContextClassLoader {reexecute=0 rethrow=0 return_oop=0}
                      ; - org.eclipse.osgi.internal.framework.BundleContextImpl::dispatchEvent@527 (line 1039)
                      ;   {internal_word}
  0x0000013c2bcdf47c: 1b07 49ba | 9ce5 cd2b | 3c01 0000 | 4d89 9768 

  0x0000013c2bcdf48c: ;   {runtime_call SafepointBlob}
  0x0000013c2bcdf48c: 0400 00e9 | 6c56 1107 | 488d 8424 | 7001 0000 | 4889 0424 

  0x0000013c2bcdf4a0: ;   {runtime_call monitorexit_nofpu Runtime1 stub}
  0x0000013c2bcdf4a0: e85b 131c | 07e9 58f1 | ffff 4889 

  0x0000013c2bcdf4ac: ;   {runtime_call throw_class_cast_exception Runtime1 stub}
  0x0000013c2bcdf4ac: 3c24 e84d 

  0x0000013c2bcdf4b0: ; ImmutableOopMap {[360]=Oop }
                      ;*checkcast {reexecute=0 rethrow=0 return_oop=0}
                      ; - org.eclipse.osgi.internal.framework.BundleContextImpl::dispatchEvent@548 (line 1039)
                      ;   {runtime_call throw_null_pointer_exception Runtime1 stub}
  0x0000013c2bcdf4b0: 011c 07e8 

  0x0000013c2bcdf4b4: ; ImmutableOopMap {r8=Oop rdx=Oop [360]=Oop }
                      ;*invokevirtual setContextClassLoader {reexecute=0 rethrow=0 return_oop=0}
                      ; - org.eclipse.osgi.internal.framework.BundleContextImpl::dispatchEvent@551 (line 1039)
  0x0000013c2bcdf4b4: 48dd 1b07 | 498b 8700 | 0500 0049 | c787 0005 | 0000 0000 | 0000 49c7 | 8708 0500 | 0000 0000 
  0x0000013c2bcdf4d4: 0048 81c4 | 9001 0000 

  0x0000013c2bcdf4dc: ;   {runtime_call unwind_exception Runtime1 stub}
  0x0000013c2bcdf4dc: 5de9 1ece | 1b07 f4f4 | f4f4 f4f4 
[Stub Code]
  0x0000013c2bcdf4e8: ;   {no_reloc}
  0x0000013c2bcdf4e8: 0f1f 4400 

  0x0000013c2bcdf4ec: ;   {static_stub}
  0x0000013c2bcdf4ec: 0048 bb00 | 0000 0000 

  0x0000013c2bcdf4f4: ;   {runtime_call nmethod}
  0x0000013c2bcdf4f4: 0000 00e9 | fbff ffff 

  0x0000013c2bcdf4fc: ;   {static_stub}
  0x0000013c2bcdf4fc: 9048 bb00 | 0000 0000 

  0x0000013c2bcdf504: ;   {runtime_call nmethod}
  0x0000013c2bcdf504: 0000 00e9 | fbff ffff 

  0x0000013c2bcdf50c: ;   {static_stub}
  0x0000013c2bcdf50c: 9048 bb00 | 0000 0000 

  0x0000013c2bcdf514: ;   {runtime_call nmethod}
  0x0000013c2bcdf514: 0000 00e9 | fbff ffff 

  0x0000013c2bcdf51c: ;   {static_stub}
  0x0000013c2bcdf51c: 9048 bb00 | 0000 0000 

  0x0000013c2bcdf524: ;   {runtime_call nmethod}
  0x0000013c2bcdf524: 0000 00e9 | fbff ffff 

  0x0000013c2bcdf52c: ;   {static_stub}
  0x0000013c2bcdf52c: 9048 bb00 | 0000 0000 

  0x0000013c2bcdf534: ;   {runtime_call nmethod}
  0x0000013c2bcdf534: 0000 00e9 | fbff ffff 

  0x0000013c2bcdf53c: ;   {static_stub}
  0x0000013c2bcdf53c: 9048 bb00 | 0000 0000 

  0x0000013c2bcdf544: ;   {runtime_call nmethod}
  0x0000013c2bcdf544: 0000 00e9 | fbff ffff 

  0x0000013c2bcdf54c: ;   {static_stub}
  0x0000013c2bcdf54c: 9048 bb00 | 0000 0000 

  0x0000013c2bcdf554: ;   {runtime_call nmethod}
  0x0000013c2bcdf554: 0000 00e9 | fbff ffff 

  0x0000013c2bcdf55c: ;   {static_stub}
  0x0000013c2bcdf55c: 9048 bb00 | 0000 0000 

  0x0000013c2bcdf564: ;   {runtime_call nmethod}
  0x0000013c2bcdf564: 0000 00e9 | fbff ffff 

  0x0000013c2bcdf56c: ;   {static_stub}
  0x0000013c2bcdf56c: 9048 bb00 | 0000 0000 

  0x0000013c2bcdf574: ;   {runtime_call nmethod}
  0x0000013c2bcdf574: 0000 00e9 | fbff ffff 

  0x0000013c2bcdf57c: ;   {static_stub}
  0x0000013c2bcdf57c: 9048 bb00 | 0000 0000 

  0x0000013c2bcdf584: ;   {runtime_call nmethod}
  0x0000013c2bcdf584: 0000 00e9 | fbff ffff 

  0x0000013c2bcdf58c: ;   {static_stub}
  0x0000013c2bcdf58c: 9048 bb00 | 0000 0000 

  0x0000013c2bcdf594: ;   {runtime_call nmethod}
  0x0000013c2bcdf594: 0000 00e9 | fbff ffff 

  0x0000013c2bcdf59c: ;   {static_stub}
  0x0000013c2bcdf59c: 9048 bb00 | 0000 0000 

  0x0000013c2bcdf5a4: ;   {runtime_call nmethod}
  0x0000013c2bcdf5a4: 0000 00e9 | fbff ffff 

  0x0000013c2bcdf5ac: ;   {static_stub}
  0x0000013c2bcdf5ac: 9048 bb00 | 0000 0000 

  0x0000013c2bcdf5b4: ;   {runtime_call nmethod}
  0x0000013c2bcdf5b4: 0000 00e9 | fbff ffff 

  0x0000013c2bcdf5bc: ;   {static_stub}
  0x0000013c2bcdf5bc: 9048 bb00 | 0000 0000 

  0x0000013c2bcdf5c4: ;   {runtime_call nmethod}
  0x0000013c2bcdf5c4: 0000 00e9 | fbff ffff 

  0x0000013c2bcdf5cc: ;   {static_stub}
  0x0000013c2bcdf5cc: 9048 bb00 | 0000 0000 

  0x0000013c2bcdf5d4: ;   {runtime_call nmethod}
  0x0000013c2bcdf5d4: 0000 00e9 | fbff ffff 

  0x0000013c2bcdf5dc: ;   {static_stub}
  0x0000013c2bcdf5dc: 9048 bb00 | 0000 0000 

  0x0000013c2bcdf5e4: ;   {runtime_call nmethod}
  0x0000013c2bcdf5e4: 0000 00e9 | fbff ffff 

  0x0000013c2bcdf5ec: ;   {static_stub}
  0x0000013c2bcdf5ec: 9048 bb00 | 0000 0000 

  0x0000013c2bcdf5f4: ;   {runtime_call nmethod}
  0x0000013c2bcdf5f4: 0000 00e9 | fbff ffff 

  0x0000013c2bcdf5fc: ;   {static_stub}
  0x0000013c2bcdf5fc: 9048 bb00 | 0000 0000 

  0x0000013c2bcdf604: ;   {runtime_call nmethod}
  0x0000013c2bcdf604: 0000 00e9 | fbff ffff 

  0x0000013c2bcdf60c: ;   {static_stub}
  0x0000013c2bcdf60c: 9048 bb00 | 0000 0000 

  0x0000013c2bcdf614: ;   {runtime_call nmethod}
  0x0000013c2bcdf614: 0000 00e9 | fbff ffff 

  0x0000013c2bcdf61c: ;   {static_stub}
  0x0000013c2bcdf61c: 9048 bb00 | 0000 0000 

  0x0000013c2bcdf624: ;   {runtime_call nmethod}
  0x0000013c2bcdf624: 0000 00e9 | fbff ffff 

  0x0000013c2bcdf62c: ;   {static_stub}
  0x0000013c2bcdf62c: 9048 bb00 | 0000 0000 

  0x0000013c2bcdf634: ;   {runtime_call nmethod}
  0x0000013c2bcdf634: 0000 00e9 | fbff ffff 

  0x0000013c2bcdf63c: ;   {static_stub}
  0x0000013c2bcdf63c: 9048 bb00 | 0000 0000 

  0x0000013c2bcdf644: ;   {runtime_call nmethod}
  0x0000013c2bcdf644: 0000 00e9 | fbff ffff 

  0x0000013c2bcdf64c: ;   {static_stub}
  0x0000013c2bcdf64c: 9048 bb00 | 0000 0000 

  0x0000013c2bcdf654: ;   {runtime_call nmethod}
  0x0000013c2bcdf654: 0000 00e9 | fbff ffff 

  0x0000013c2bcdf65c: ;   {static_stub}
  0x0000013c2bcdf65c: 9048 bb00 | 0000 0000 

  0x0000013c2bcdf664: ;   {runtime_call nmethod}
  0x0000013c2bcdf664: 0000 00e9 | fbff ffff 

  0x0000013c2bcdf66c: ;   {static_stub}
  0x0000013c2bcdf66c: 9048 bb00 | 0000 0000 

  0x0000013c2bcdf674: ;   {runtime_call nmethod}
  0x0000013c2bcdf674: 0000 00e9 | fbff ffff 

  0x0000013c2bcdf67c: ;   {static_stub}
  0x0000013c2bcdf67c: 9048 bb00 | 0000 0000 

  0x0000013c2bcdf684: ;   {runtime_call nmethod}
  0x0000013c2bcdf684: 0000 00e9 | fbff ffff 

  0x0000013c2bcdf68c: ;   {static_stub}
  0x0000013c2bcdf68c: 9048 bb00 | 0000 0000 

  0x0000013c2bcdf694: ;   {runtime_call nmethod}
  0x0000013c2bcdf694: 0000 00e9 | fbff ffff 

  0x0000013c2bcdf69c: ;   {static_stub}
  0x0000013c2bcdf69c: 9048 bb00 | 0000 0000 

  0x0000013c2bcdf6a4: ;   {runtime_call nmethod}
  0x0000013c2bcdf6a4: 0000 00e9 | fbff ffff 

  0x0000013c2bcdf6ac: ;   {static_stub}
  0x0000013c2bcdf6ac: 9048 bb00 | 0000 0000 

  0x0000013c2bcdf6b4: ;   {runtime_call nmethod}
  0x0000013c2bcdf6b4: 0000 00e9 | fbff ffff 

  0x0000013c2bcdf6bc: ;   {static_stub}
  0x0000013c2bcdf6bc: 9048 bb00 | 0000 0000 

  0x0000013c2bcdf6c4: ;   {runtime_call nmethod}
  0x0000013c2bcdf6c4: 0000 00e9 | fbff ffff 

  0x0000013c2bcdf6cc: ;   {static_stub}
  0x0000013c2bcdf6cc: 9048 bb00 | 0000 0000 

  0x0000013c2bcdf6d4: ;   {runtime_call nmethod}
  0x0000013c2bcdf6d4: 0000 00e9 | fbff ffff 

  0x0000013c2bcdf6dc: ;   {static_stub}
  0x0000013c2bcdf6dc: 9048 bb00 | 0000 0000 

  0x0000013c2bcdf6e4: ;   {runtime_call nmethod}
  0x0000013c2bcdf6e4: 0000 00e9 | fbff ffff 

  0x0000013c2bcdf6ec: ;   {static_stub}
  0x0000013c2bcdf6ec: 9048 bb00 | 0000 0000 

  0x0000013c2bcdf6f4: ;   {runtime_call nmethod}
  0x0000013c2bcdf6f4: 0000 00e9 | fbff ffff 

  0x0000013c2bcdf6fc: ;   {static_stub}
  0x0000013c2bcdf6fc: 9048 bb00 | 0000 0000 

  0x0000013c2bcdf704: ;   {runtime_call nmethod}
  0x0000013c2bcdf704: 0000 00e9 | fbff ffff 

  0x0000013c2bcdf70c: ;   {static_stub}
  0x0000013c2bcdf70c: 9048 bb00 | 0000 0000 

  0x0000013c2bcdf714: ;   {runtime_call nmethod}
  0x0000013c2bcdf714: 0000 00e9 | fbff ffff 

  0x0000013c2bcdf71c: ;   {static_stub}
  0x0000013c2bcdf71c: 9048 bb00 | 0000 0000 

  0x0000013c2bcdf724: ;   {runtime_call nmethod}
  0x0000013c2bcdf724: 0000 00e9 | fbff ffff 

  0x0000013c2bcdf72c: ;   {static_stub}
  0x0000013c2bcdf72c: 9048 bb00 | 0000 0000 

  0x0000013c2bcdf734: ;   {runtime_call nmethod}
  0x0000013c2bcdf734: 0000 00e9 | fbff ffff 

  0x0000013c2bcdf73c: ;   {static_stub}
  0x0000013c2bcdf73c: 9048 bb00 | 0000 0000 

  0x0000013c2bcdf744: ;   {runtime_call nmethod}
  0x0000013c2bcdf744: 0000 00e9 | fbff ffff 

  0x0000013c2bcdf74c: ;   {static_stub}
  0x0000013c2bcdf74c: 9048 bb00 | 0000 0000 

  0x0000013c2bcdf754: ;   {runtime_call nmethod}
  0x0000013c2bcdf754: 0000 00e9 | fbff ffff 

  0x0000013c2bcdf75c: ;   {static_stub}
  0x0000013c2bcdf75c: 9048 bb00 | 0000 0000 

  0x0000013c2bcdf764: ;   {runtime_call nmethod}
  0x0000013c2bcdf764: 0000 00e9 | fbff ffff 

  0x0000013c2bcdf76c: ;   {static_stub}
  0x0000013c2bcdf76c: 9048 bb00 | 0000 0000 

  0x0000013c2bcdf774: ;   {runtime_call nmethod}
  0x0000013c2bcdf774: 0000 00e9 | fbff ffff 

  0x0000013c2bcdf77c: ;   {static_stub}
  0x0000013c2bcdf77c: 9048 bb00 | 0000 0000 

  0x0000013c2bcdf784: ;   {runtime_call nmethod}
  0x0000013c2bcdf784: 0000 00e9 | fbff ffff 

  0x0000013c2bcdf78c: ;   {static_stub}
  0x0000013c2bcdf78c: 9048 bb00 | 0000 0000 

  0x0000013c2bcdf794: ;   {runtime_call nmethod}
  0x0000013c2bcdf794: 0000 00e9 | fbff ffff 

  0x0000013c2bcdf79c: ;   {static_stub}
  0x0000013c2bcdf79c: 9048 bb00 | 0000 0000 

  0x0000013c2bcdf7a4: ;   {runtime_call nmethod}
  0x0000013c2bcdf7a4: 0000 00e9 | fbff ffff 

  0x0000013c2bcdf7ac: ;   {static_stub}
  0x0000013c2bcdf7ac: 9048 bb00 | 0000 0000 

  0x0000013c2bcdf7b4: ;   {runtime_call nmethod}
  0x0000013c2bcdf7b4: 0000 00e9 | fbff ffff 

  0x0000013c2bcdf7bc: ;   {static_stub}
  0x0000013c2bcdf7bc: 9048 bb00 | 0000 0000 

  0x0000013c2bcdf7c4: ;   {runtime_call nmethod}
  0x0000013c2bcdf7c4: 0000 00e9 | fbff ffff 

  0x0000013c2bcdf7cc: ;   {static_stub}
  0x0000013c2bcdf7cc: 9048 bb00 | 0000 0000 

  0x0000013c2bcdf7d4: ;   {runtime_call nmethod}
  0x0000013c2bcdf7d4: 0000 00e9 | fbff ffff 

  0x0000013c2bcdf7dc: ;   {static_stub}
  0x0000013c2bcdf7dc: 48bb 0000 | 0000 0000 

  0x0000013c2bcdf7e4: ;   {runtime_call nmethod}
  0x0000013c2bcdf7e4: 0000 e9fb 

  0x0000013c2bcdf7e8: ;   {static_stub}
  0x0000013c2bcdf7e8: ffff ff48 | bb00 0000 | 0000 0000 

  0x0000013c2bcdf7f4: ;   {runtime_call nmethod}
  0x0000013c2bcdf7f4: 00e9 fbff 

  0x0000013c2bcdf7f8: ;   {static_stub}
  0x0000013c2bcdf7f8: ffff 48bb | 0000 0000 | 0000 0000 

  0x0000013c2bcdf804: ;   {runtime_call nmethod}
  0x0000013c2bcdf804: e9fb ffff 

  0x0000013c2bcdf808: ;   {static_stub}
  0x0000013c2bcdf808: ff48 bb00 | 0000 0000 

  0x0000013c2bcdf810: ;   {runtime_call nmethod}
  0x0000013c2bcdf810: 0000 00e9 | fbff ffff 

  0x0000013c2bcdf818: ;   {static_stub}
  0x0000013c2bcdf818: 48bb 0000 | 0000 0000 

  0x0000013c2bcdf820: ;   {runtime_call nmethod}
  0x0000013c2bcdf820: 0000 e9fb 

  0x0000013c2bcdf824: ;   {static_stub}
  0x0000013c2bcdf824: ffff ff48 | bb00 0000 | 0000 0000 

  0x0000013c2bcdf830: ;   {runtime_call nmethod}
  0x0000013c2bcdf830: 00e9 fbff 

  0x0000013c2bcdf834: ;   {runtime_call handle_exception_from_callee Runtime1 stub}
  0x0000013c2bcdf834: ffff e8c5 

  0x0000013c2bcdf838: ;   {external_word}
  0x0000013c2bcdf838: f71b 0748 | b950 63d8 | affd 7f00 | 0048 83e4 

  0x0000013c2bcdf848: ;   {runtime_call}
  0x0000013c2bcdf848: f048 b8c0 | c99a affd | 7f00 00ff 

  0x0000013c2bcdf854: ;   {section_word}
  0x0000013c2bcdf854: d0f4 49ba | 56f8 cd2b | 3c01 0000 

  0x0000013c2bcdf860: ;   {runtime_call DeoptimizationBlob}
  0x0000013c2bcdf860: 4152 e939 | 4511 07f4 
[/MachCode]


---------------  P R O C E S S  ---------------

Threads class SMR info:
_java_thread_list=0x0000013c07914280, length=20, elements={
0x0000013c2874b590, 0x0000013c001fe520, 0x0000013c287f6a10, 0x0000013c287f8d60,
0x0000013c287f98f0, 0x0000013c287fe210, 0x0000013c28805eb0, 0x0000013c28807490,
0x0000013c2880b4b0, 0x0000013c016d8980, 0x0000013c0170a7b0, 0x0000013c017f4ad0,
0x0000013c01835630, 0x0000013c01835ce0, 0x0000013c070204e0, 0x0000013c070aedd0,
0x0000013c078df380, 0x0000013c078e0ae0, 0x0000013c07908cb0, 0x0000013c077d2ab0
}

Java Threads: ( => current thread )
  0x0000013c2874b590 JavaThread "main"                              [_thread_blocked, id=4192, stack(0x0000001414900000,0x0000001414a00000) (1024K)]
  0x0000013c001fe520 JavaThread "Reference Handler"          daemon [_thread_blocked, id=12464, stack(0x0000001414d00000,0x0000001414e00000) (1024K)]
  0x0000013c287f6a10 JavaThread "Finalizer"                  daemon [_thread_blocked, id=3876, stack(0x0000001414e00000,0x0000001414f00000) (1024K)]
  0x0000013c287f8d60 JavaThread "Signal Dispatcher"          daemon [_thread_blocked, id=1672, stack(0x0000001414f00000,0x0000001415000000) (1024K)]
  0x0000013c287f98f0 JavaThread "Attach Listener"            daemon [_thread_blocked, id=23844, stack(0x0000001415000000,0x0000001415100000) (1024K)]
  0x0000013c287fe210 JavaThread "Service Thread"             daemon [_thread_blocked, id=19728, stack(0x0000001415100000,0x0000001415200000) (1024K)]
  0x0000013c28805eb0 JavaThread "Monitor Deflation Thread"   daemon [_thread_blocked, id=27568, stack(0x0000001415200000,0x0000001415300000) (1024K)]
  0x0000013c28807490 JavaThread "C2 CompilerThread0"         daemon [_thread_blocked, id=23316, stack(0x0000001415300000,0x0000001415400000) (1024K)]
  0x0000013c2880b4b0 JavaThread "C1 CompilerThread0"         daemon [_thread_blocked, id=10388, stack(0x0000001415400000,0x0000001415500000) (1024K)]
  0x0000013c016d8980 JavaThread "C1 CompilerThread1"         daemon [_thread_blocked, id=24184, stack(0x0000001415500000,0x0000001415600000) (1024K)]
  0x0000013c0170a7b0 JavaThread "C2 CompilerThread1"         daemon [_thread_blocked, id=25892, stack(0x0000001415600000,0x0000001415700000) (1024K)]
  0x0000013c017f4ad0 JavaThread "Common-Cleaner"             daemon [_thread_blocked, id=17904, stack(0x0000001415700000,0x0000001415800000) (1024K)]
  0x0000013c01835630 JavaThread "C1 CompilerThread2"         daemon [_thread_blocked, id=7976, stack(0x0000001415800000,0x0000001415900000) (1024K)]
  0x0000013c01835ce0 JavaThread "C1 CompilerThread3"         daemon [_thread_blocked, id=17192, stack(0x0000001415900000,0x0000001415a00000) (1024K)]
  0x0000013c070204e0 JavaThread "Notification Thread"        daemon [_thread_blocked, id=26728, stack(0x0000001415a00000,0x0000001415b00000) (1024K)]
  0x0000013c070aedd0 JavaThread "C2 CompilerThread2"         daemon [_thread_blocked, id=20316, stack(0x0000001415b00000,0x0000001415c00000) (1024K)]
  0x0000013c078df380 JavaThread "Active Thread: Equinox Container: b77f6388-fd6a-4042-a090-3de2ca49682d"        [_thread_blocked, id=9764, stack(0x0000001416300000,0x0000001416400000) (1024K)]
  0x0000013c078e0ae0 JavaThread "Framework Event Dispatcher: Equinox Container: b77f6388-fd6a-4042-a090-3de2ca49682d" daemon [_thread_blocked, id=25188, stack(0x0000001416500000,0x0000001416600000) (1024K)]
=>0x0000013c07908cb0 JavaThread "Start Level: Equinox Container: b77f6388-fd6a-4042-a090-3de2ca49682d" daemon [_thread_in_vm, id=20568, stack(0x0000001416600000,0x0000001416700000) (1024K)]
  0x0000013c077d2ab0 JavaThread "SCR Component Actor"        daemon [_thread_blocked, id=6656, stack(0x0000001416700000,0x0000001416800000) (1024K)]
Total: 20

Other Threads:
  0x0000013c001e4930 VMThread "VM Thread"                           [id=10324, stack(0x0000001414c00000,0x0000001414d00000) (1024K)]
  0x0000013c000dca00 WatcherThread "VM Periodic Task Thread"        [id=24904, stack(0x0000001414b00000,0x0000001414c00000) (1024K)]
  0x0000013c28769a60 WorkerThread "GC Thread#0"                     [id=26008, stack(0x0000001414a00000,0x0000001414b00000) (1024K)]
  0x0000013c077d6370 WorkerThread "GC Thread#1"                     [id=26068, stack(0x0000001415c00000,0x0000001415d00000) (1024K)]
  0x0000013c077d6720 WorkerThread "GC Thread#2"                     [id=17880, stack(0x0000001415d00000,0x0000001415e00000) (1024K)]
  0x0000013c079f41b0 WorkerThread "GC Thread#3"                     [id=8760, stack(0x0000001415e00000,0x0000001415f00000) (1024K)]
  0x0000013c079c84a0 WorkerThread "GC Thread#4"                     [id=27544, stack(0x0000001415f00000,0x0000001416000000) (1024K)]
  0x0000013c079c8850 WorkerThread "GC Thread#5"                     [id=5932, stack(0x0000001416000000,0x0000001416100000) (1024K)]
  0x0000013c07305270 WorkerThread "GC Thread#6"                     [id=12120, stack(0x0000001416100000,0x0000001416200000) (1024K)]
  0x0000013c07774c10 WorkerThread "GC Thread#7"                     [id=27200, stack(0x0000001416400000,0x0000001416500000) (1024K)]
Total: 10

Threads with active compile tasks:
Total: 0

VM state: not at safepoint (normal execution)

VM Mutex/Monitor currently owned by a thread:  ([mutex/lock_event])
[0x00007ffdb003d530] Metaspace_lock - owner thread: 0x0000013c07908cb0

Heap address: 0x0000000080000000, size: 2048 MB, Compressed Oops mode: 32-bit

CDS archive(s) mapped at: [0x0000013c3f000000-0x0000013c3fba0000-0x0000013c3fba0000), size 12189696, SharedBaseAddress: 0x0000013c3f000000, ArchiveRelocationMode: 1.
Compressed class space mapped at: 0x0000013c40000000-0x0000013c80000000, reserved size: 1073741824
Narrow klass base: 0x0000013c3f000000, Narrow klass shift: 0, Narrow klass range: 0x100000000

GC Precious Log:
 CardTable entry size: 512
 CPUs: 16 total, 16 available
 Memory: 14173M
 Large Page Support: Disabled
 NUMA Support: Disabled
 Compressed Oops: Enabled (32-bit)
 Alignments: Space 512K, Generation 512K, Heap 2M
 Heap Min Capacity: 100M
 Heap Initial Capacity: 100M
 Heap Max Capacity: 2G
 Pre-touch: Disabled
 Parallel Workers: 13

Heap:
 PSYoungGen      total 29696K, used 10585K [0x00000000d5580000, 0x00000000d7680000, 0x0000000100000000)
  eden space 25600K, 25% used [0x00000000d5580000,0x00000000d5bdcc98,0x00000000d6e80000)
  from space 4096K, 99% used [0x00000000d7280000,0x00000000d7679800,0x00000000d7680000)
  to   space 4096K, 0% used [0x00000000d6e80000,0x00000000d6e80000,0x00000000d7280000)
 ParOldGen       total 68608K, used 1014K [0x0000000080000000, 0x0000000084300000, 0x00000000d5580000)
  object space 68608K, 1% used [0x0000000080000000,0x00000000800fdb20,0x0000000084300000)
 Metaspace       used 8886K, committed 9280K, reserved 1114112K
  class space    used 946K, committed 1152K, reserved 1048576K

Card table byte_map: [0x0000013c28100000,0x0000013c28510000] _byte_map_base: 0x0000013c27d00000

Marking Bits: (ParMarkBitMap*) 0x00007ffdb00444a0
 Begin Bits: [0x0000013c3ac00000, 0x0000013c3cc00000)
 End Bits:   [0x0000013c3cc00000, 0x0000013c3ec00000)

Polling page: 0x0000013c269c0000

Metaspace:

Usage:
  Non-class:      7.75 MB used.
      Class:    946.32 KB used.
       Both:      8.68 MB used.

Virtual space:
  Non-class space:       64.00 MB reserved,       7.94 MB ( 12%) committed,  1 nodes.
      Class space:        1.00 GB reserved,       1.12 MB ( <1%) committed,  1 nodes.
             Both:        1.06 GB reserved,       9.06 MB ( <1%) committed. 

Chunk freelists:
   Non-Class:  7.98 MB
       Class:  14.80 MB
        Both:  22.78 MB

MaxMetaspaceSize: unlimited
CompressedClassSpaceSize: 1.00 GB
Initial GC threshold: 21.00 MB
Current GC threshold: 21.00 MB
CDS: on
 - commit_granule_bytes: 65536.
 - commit_granule_words: 8192.
 - virtual_space_node_default_size: 8388608.
 - enlarge_chunks_in_place: 1.
 - use_allocation_guard: 0.


Internal statistics:

num_allocs_failed_limit: 0.
num_arena_births: 240.
num_arena_deaths: 0.
num_vsnodes_births: 2.
num_vsnodes_deaths: 0.
num_space_committed: 145.
num_space_uncommitted: 0.
num_chunks_returned_to_freelist: 0.
num_chunks_taken_from_freelist: 485.
num_chunk_merges: 0.
num_chunk_splits: 306.
num_chunks_enlarged: 199.
num_inconsistent_stats: 0.

CodeHeap 'non-profiled nmethods': size=119168Kb used=810Kb max_used=810Kb free=118357Kb
 bounds [0x0000013c334f0000, 0x0000013c33760000, 0x0000013c3a950000]
CodeHeap 'profiled nmethods': size=119104Kb used=3695Kb max_used=3695Kb free=115408Kb
 bounds [0x0000013c2b950000, 0x0000013c2bcf0000, 0x0000013c32da0000]
CodeHeap 'non-nmethods': size=7488Kb used=2907Kb max_used=2926Kb free=4580Kb
 bounds [0x0000013c32da0000, 0x0000013c33080000, 0x0000013c334f0000]
CodeCache: size=245760Kb, used=7412Kb, max_used=7431Kb, free=238345Kb
 total_blobs=2463, nmethods=1976, adapters=391, full_count=0
Compilation: enabled, stopped_count=0, restarted_count=0

Compilation events (20 events):
Event: 2.172 Thread 0x0000013c01835630 1968       1       org.eclipse.osgi.internal.loader.classpath.ClasspathManager::getClassLoader (5 bytes)
Event: 2.172 Thread 0x0000013c01835630 nmethod 1968 0x0000013c335b9f90 code [0x0000013c335ba120, 0x0000013c335ba1e8]
Event: 2.175 Thread 0x0000013c016d8980 1969       3       java.util.Collections$UnmodifiableCollection::contains (11 bytes)
Event: 2.175 Thread 0x0000013c016d8980 nmethod 1969 0x0000013c2bce7c10 code [0x0000013c2bce7dc0, 0x0000013c2bce7f98]
Event: 2.178 Thread 0x0000013c01835ce0 1970       3       org.eclipse.osgi.internal.framework.EquinoxBundle::getState (101 bytes)
Event: 2.178 Thread 0x0000013c016d8980 1971   !   3       org.eclipse.osgi.internal.framework.EquinoxBundle::$SWITCH_TABLE$org$eclipse$osgi$container$Module$State (115 bytes)
Event: 2.178 Thread 0x0000013c016d8980 nmethod 1971 0x0000013c2bce8090 code [0x0000013c2bce8280, 0x0000013c2bce87d8]
Event: 2.179 Thread 0x0000013c01835ce0 nmethod 1970 0x0000013c2bce8a10 code [0x0000013c2bce8c80, 0x0000013c2bce95f8]
Event: 2.180 Thread 0x0000013c2880b4b0 1972       3       org.eclipse.osgi.internal.framework.EquinoxBundle::getSymbolicName (11 bytes)
Event: 2.181 Thread 0x0000013c2880b4b0 nmethod 1972 0x0000013c2bce9990 code [0x0000013c2bce9b40, 0x0000013c2bce9d08]
Event: 2.185 Thread 0x0000013c016d8980 1973       1       sun.nio.fs.NativeBuffer::size (5 bytes)
Event: 2.185 Thread 0x0000013c016d8980 nmethod 1973 0x0000013c335ba290 code [0x0000013c335ba420, 0x0000013c335ba4e8]
Event: 2.197 Thread 0x0000013c01835630 1974       1       java.lang.invoke.MethodHandleNatives::isPullModeBSM (2 bytes)
Event: 2.197 Thread 0x0000013c01835630 nmethod 1974 0x0000013c335ba590 code [0x0000013c335ba720, 0x0000013c335ba7c8]
Event: 2.197 Thread 0x0000013c01835630 1975       3       java.lang.invoke.ConstantCallSite::getTarget (20 bytes)
Event: 2.198 Thread 0x0000013c01835630 nmethod 1975 0x0000013c2bce9e10 code [0x0000013c2bce9fc0, 0x0000013c2bcea1d8]
Event: 2.200 Thread 0x0000013c016d8980 1976       3       java.util.HashMap::removeNode (291 bytes)
Event: 2.200 Thread 0x0000013c01835630 1977       3       java.lang.invoke.MethodHandleNatives::refKindHasReceiver (33 bytes)
Event: 2.200 Thread 0x0000013c01835630 nmethod 1977 0x0000013c2bcea310 code [0x0000013c2bcea4a0, 0x0000013c2bcea5f0]
Event: 2.201 Thread 0x0000013c016d8980 nmethod 1976 0x0000013c2bcea690 code [0x0000013c2bcea920, 0x0000013c2bcebac8]

GC Heap History (4 events):
Event: 1.103 GC heap before
{Heap before GC invocations=1 (full 0):
 PSYoungGen      total 29696K, used 25600K [0x00000000d5580000, 0x00000000d7680000, 0x0000000100000000)
  eden space 25600K, 100% used [0x00000000d5580000,0x00000000d6e80000,0x00000000d6e80000)
  from space 4096K, 0% used [0x00000000d7280000,0x00000000d7280000,0x00000000d7680000)
  to   space 4096K, 0% used [0x00000000d6e80000,0x00000000d6e80000,0x00000000d7280000)
 ParOldGen       total 68608K, used 0K [0x0000000080000000, 0x0000000084300000, 0x00000000d5580000)
  object space 68608K, 0% used [0x0000000080000000,0x0000000080000000,0x0000000084300000)
 Metaspace       used 4213K, committed 4480K, reserved 1114112K
  class space    used 459K, committed 576K, reserved 1048576K
}
Event: 1.114 GC heap after
{Heap after GC invocations=1 (full 0):
 PSYoungGen      total 29696K, used 3595K [0x00000000d5580000, 0x00000000d7680000, 0x0000000100000000)
  eden space 25600K, 0% used [0x00000000d5580000,0x00000000d5580000,0x00000000d6e80000)
  from space 4096K, 87% used [0x00000000d6e80000,0x00000000d7202ff0,0x00000000d7280000)
  to   space 4096K, 0% used [0x00000000d7280000,0x00000000d7280000,0x00000000d7680000)
 ParOldGen       total 68608K, used 16K [0x0000000080000000, 0x0000000084300000, 0x00000000d5580000)
  object space 68608K, 0% used [0x0000000080000000,0x0000000080004000,0x0000000084300000)
 Metaspace       used 4213K, committed 4480K, reserved 1114112K
  class space    used 459K, committed 576K, reserved 1048576K
}
Event: 1.922 GC heap before
{Heap before GC invocations=2 (full 0):
 PSYoungGen      total 29696K, used 29195K [0x00000000d5580000, 0x00000000d7680000, 0x0000000100000000)
  eden space 25600K, 100% used [0x00000000d5580000,0x00000000d6e80000,0x00000000d6e80000)
  from space 4096K, 87% used [0x00000000d6e80000,0x00000000d7202ff0,0x00000000d7280000)
  to   space 4096K, 0% used [0x00000000d7280000,0x00000000d7280000,0x00000000d7680000)
 ParOldGen       total 68608K, used 16K [0x0000000080000000, 0x0000000084300000, 0x00000000d5580000)
  object space 68608K, 0% used [0x0000000080000000,0x0000000080004000,0x0000000084300000)
 Metaspace       used 8017K, committed 8256K, reserved 1114112K
  class space    used 833K, committed 960K, reserved 1048576K
}
Event: 1.930 GC heap after
{Heap after GC invocations=2 (full 0):
 PSYoungGen      total 29696K, used 4070K [0x00000000d5580000, 0x00000000d7680000, 0x0000000100000000)
  eden space 25600K, 0% used [0x00000000d5580000,0x00000000d5580000,0x00000000d6e80000)
  from space 4096K, 99% used [0x00000000d7280000,0x00000000d7679800,0x00000000d7680000)
  to   space 4096K, 0% used [0x00000000d6e80000,0x00000000d6e80000,0x00000000d7280000)
 ParOldGen       total 68608K, used 1014K [0x0000000080000000, 0x0000000084300000, 0x00000000d5580000)
  object space 68608K, 1% used [0x0000000080000000,0x00000000800fdb20,0x0000000084300000)
 Metaspace       used 8017K, committed 8256K, reserved 1114112K
  class space    used 833K, committed 960K, reserved 1048576K
}

Dll operation events (18 events):
Event: 0.017 Attempting to load shared library c:\Users\USER\.antigravity-ide\extensions\redhat.java-1.56.0-win32-x64\jre\21.0.12.1-win32-x86_64\bin\java.dll
Event: 0.017 Loaded shared library c:\Users\USER\.antigravity-ide\extensions\redhat.java-1.56.0-win32-x64\jre\21.0.12.1-win32-x86_64\bin\java.dll
Event: 0.142 Attempting to load shared library c:\Users\USER\.antigravity-ide\extensions\redhat.java-1.56.0-win32-x64\jre\21.0.12.1-win32-x86_64\bin\zip.dll
Event: 0.142 Loaded shared library c:\Users\USER\.antigravity-ide\extensions\redhat.java-1.56.0-win32-x64\jre\21.0.12.1-win32-x86_64\bin\zip.dll
Event: 0.186 Attempting to load shared library C:\Users\USER\.antigravity-ide\extensions\redhat.java-1.56.0-win32-x64\jre\21.0.12.1-win32-x86_64\bin\instrument.dll
Event: 0.186 Loaded shared library C:\Users\USER\.antigravity-ide\extensions\redhat.java-1.56.0-win32-x64\jre\21.0.12.1-win32-x86_64\bin\instrument.dll
Event: 0.195 Attempting to load shared library C:\Users\USER\.antigravity-ide\extensions\redhat.java-1.56.0-win32-x64\jre\21.0.12.1-win32-x86_64\bin\net.dll
Event: 0.197 Loaded shared library C:\Users\USER\.antigravity-ide\extensions\redhat.java-1.56.0-win32-x64\jre\21.0.12.1-win32-x86_64\bin\net.dll
Event: 0.202 Attempting to load shared library C:\Users\USER\.antigravity-ide\extensions\redhat.java-1.56.0-win32-x64\jre\21.0.12.1-win32-x86_64\bin\nio.dll
Event: 0.202 Loaded shared library C:\Users\USER\.antigravity-ide\extensions\redhat.java-1.56.0-win32-x64\jre\21.0.12.1-win32-x86_64\bin\nio.dll
Event: 0.209 Attempting to load shared library C:\Users\USER\.antigravity-ide\extensions\redhat.java-1.56.0-win32-x64\jre\21.0.12.1-win32-x86_64\bin\zip.dll
Event: 0.209 Loaded shared library C:\Users\USER\.antigravity-ide\extensions\redhat.java-1.56.0-win32-x64\jre\21.0.12.1-win32-x86_64\bin\zip.dll
Event: 0.238 Attempting to load shared library C:\Users\USER\.antigravity-ide\extensions\redhat.java-1.56.0-win32-x64\jre\21.0.12.1-win32-x86_64\bin\jimage.dll
Event: 0.239 Loaded shared library C:\Users\USER\.antigravity-ide\extensions\redhat.java-1.56.0-win32-x64\jre\21.0.12.1-win32-x86_64\bin\jimage.dll
Event: 0.394 Attempting to load shared library c:\Users\USER\.antigravity-ide\extensions\redhat.java-1.56.0-win32-x64\jre\21.0.12.1-win32-x86_64\bin\verify.dll
Event: 0.395 Loaded shared library c:\Users\USER\.antigravity-ide\extensions\redhat.java-1.56.0-win32-x64\jre\21.0.12.1-win32-x86_64\bin\verify.dll
Event: 2.037 Attempting to load shared library C:\Users\USER\AppData\Roaming\Antigravity IDE\User\globalStorage\redhat.java\1.56.0\config_ss_win\org.eclipse.equinox.launcher\org.eclipse.equinox.launcher.win32.win32.x86_64_1.3.100.v20260804-1928\eclipse_11924.dll
Event: 2.046 Loaded shared library C:\Users\USER\AppData\Roaming\Antigravity IDE\User\globalStorage\redhat.java\1.56.0\config_ss_win\org.eclipse.equinox.launcher\org.eclipse.equinox.launcher.win32.win32.x86_64_1.3.100.v20260804-1928\eclipse_11924.dll

Deoptimization events (20 events):
Event: 1.774 Thread 0x0000013c2874b590 DEOPT PACKING pc=0x0000013c335218b8 sp=0x00000014149fe390
Event: 1.774 Thread 0x0000013c2874b590 DEOPT UNPACKING pc=0x0000013c32df3aa2 sp=0x00000014149fe350 mode 2
Event: 1.850 Thread 0x0000013c2874b590 DEOPT PACKING pc=0x0000013c2ba64a0b sp=0x00000014149fcd40
Event: 1.850 Thread 0x0000013c2874b590 DEOPT UNPACKING pc=0x0000013c32df4242 sp=0x00000014149fc1b8 mode 0
Event: 1.852 Thread 0x0000013c2874b590 DEOPT PACKING pc=0x0000013c2baf1388 sp=0x00000014149fc680
Event: 1.852 Thread 0x0000013c2874b590 DEOPT UNPACKING pc=0x0000013c32df4242 sp=0x00000014149fbb00 mode 0
Event: 1.852 Thread 0x0000013c2874b590 DEOPT PACKING pc=0x0000013c2ba5f806 sp=0x00000014149fc540
Event: 1.852 Thread 0x0000013c2874b590 DEOPT UNPACKING pc=0x0000013c32df4242 sp=0x00000014149fb9c0 mode 0
Event: 1.855 Thread 0x0000013c2874b590 DEOPT PACKING pc=0x0000013c2baf1388 sp=0x00000014149fc990
Event: 1.855 Thread 0x0000013c2874b590 DEOPT UNPACKING pc=0x0000013c32df4242 sp=0x00000014149fbe10 mode 0
Event: 1.858 Thread 0x0000013c2874b590 DEOPT PACKING pc=0x0000013c2ba5f806 sp=0x00000014149fc790
Event: 1.858 Thread 0x0000013c2874b590 DEOPT UNPACKING pc=0x0000013c32df4242 sp=0x00000014149fbc10 mode 0
Event: 1.858 Thread 0x0000013c2874b590 DEOPT PACKING pc=0x0000013c2baf1388 sp=0x00000014149fc8e0
Event: 1.858 Thread 0x0000013c2874b590 DEOPT UNPACKING pc=0x0000013c32df4242 sp=0x00000014149fbd60 mode 0
Event: 1.860 Thread 0x0000013c2874b590 DEOPT PACKING pc=0x0000013c2baf1388 sp=0x00000014149fcbe0
Event: 1.861 Thread 0x0000013c2874b590 DEOPT UNPACKING pc=0x0000013c32df4242 sp=0x00000014149fc060 mode 0
Event: 2.064 Thread 0x0000013c07908cb0 Uncommon trap: trap_request=0xffffff6e fr.pc=0x0000013c3355f628 relative=0x0000000000000368
Event: 2.064 Thread 0x0000013c07908cb0 Uncommon trap: reason=loop_limit_check action=maybe_recompile pc=0x0000013c3355f628 method=java.lang.StringLatin1.indexOf([BI[BII)I @ 37 c2
Event: 2.064 Thread 0x0000013c07908cb0 DEOPT PACKING pc=0x0000013c3355f628 sp=0x00000014166f8ac0
Event: 2.064 Thread 0x0000013c07908cb0 DEOPT UNPACKING pc=0x0000013c32df3aa2 sp=0x00000014166f8a20 mode 2

Classes loaded (20 events):
Event: 2.203 Loading class javax/xml/parsers/SAXParser
Event: 2.203 Loading class javax/xml/parsers/SAXParser done
Event: 2.203 Loading class com/sun/org/apache/xerces/internal/jaxp/SAXParserImpl done
Event: 2.203 Loading class com/sun/org/apache/xerces/internal/utils/XMLSecurityManager
Event: 2.204 Loading class com/sun/org/apache/xerces/internal/utils/XMLSecurityManager done
Event: 2.204 Loading class com/sun/org/apache/xerces/internal/utils/XMLSecurityManager$Limit
Event: 2.204 Loading class com/sun/org/apache/xerces/internal/utils/XMLSecurityManager$Limit done
Event: 2.204 Loading class jdk/xml/internal/JdkProperty$State
Event: 2.204 Loading class jdk/xml/internal/JdkProperty$State done
Event: 2.205 Loading class com/sun/org/apache/xerces/internal/utils/XMLSecurityManager$NameMap
Event: 2.205 Loading class com/sun/org/apache/xerces/internal/utils/XMLSecurityManager$NameMap done
Event: 2.205 Loading class com/sun/org/apache/xerces/internal/utils/XMLSecurityPropertyManager
Event: 2.205 Loading class com/sun/org/apache/xerces/internal/utils/XMLSecurityPropertyManager done
Event: 2.205 Loading class com/sun/org/apache/xerces/internal/utils/XMLSecurityPropertyManager$State
Event: 2.205 Loading class com/sun/org/apache/xerces/internal/utils/XMLSecurityPropertyManager$State done
Event: 2.205 Loading class com/sun/org/apache/xerces/internal/utils/XMLSecurityPropertyManager$Property
Event: 2.205 Loading class com/sun/org/apache/xerces/internal/utils/XMLSecurityPropertyManager$Property done
Event: 2.205 Loading class com/sun/org/apache/xerces/internal/jaxp/SAXParserImpl$JAXPSAXParser
Event: 2.206 Loading class com/sun/org/apache/xerces/internal/parsers/SAXParser
Event: 2.206 Loading class com/sun/org/apache/xerces/internal/parsers/AbstractSAXParser

Classes unloaded (0 events):
No events

Classes redefined (0 events):
No events

Internal exceptions (20 events):
Event: 1.155 Thread 0x0000013c2874b590 Exception <a 'java/lang/ClassNotFoundException'{0x00000000d578b500}: sun/net/www/protocol/d/Handler> (0x00000000d578b500) 
thrown [s\src\hotspot\share\classfile\systemDictionary.cpp, line 313]
Event: 1.155 Thread 0x0000013c2874b590 Exception <a 'java/lang/ClassNotFoundException'{0x00000000d578c698}: sun/net/www/protocol/c/Handler> (0x00000000d578c698) 
thrown [s\src\hotspot\share\classfile\systemDictionary.cpp, line 313]
Event: 1.165 Thread 0x0000013c2874b590 Exception <a 'java/io/FileNotFoundException'{0x00000000d57b4d98}> (0x00000000d57b4d98) 
thrown [s\src\hotspot\share\prims\jni.cpp, line 520]
Event: 1.215 Thread 0x0000013c2874b590 Implicit null exception at 0x0000013c33549829 to 0x0000013c3354a09c
Event: 1.215 Thread 0x0000013c2874b590 Implicit null exception at 0x0000013c33553e1a to 0x0000013c33554028
Event: 1.216 Thread 0x0000013c2874b590 Exception <a 'java/lang/NoSuchMethodError'{0x00000000d58e6bd0}: 'void java.lang.invoke.DirectMethodHandle$Holder.invokeStatic(java.lang.Object, java.lang.Object, java.lang.Object, java.lang.Object)'> (0x00000000d58e6bd0) 
thrown [s\src\hotspot\share\interpreter\linkResolver.cpp, line 773]
Event: 1.217 Thread 0x0000013c2874b590 Implicit null exception at 0x0000013c3354c9bc to 0x0000013c3354cc48
Event: 1.218 Thread 0x0000013c2874b590 Implicit null exception at 0x0000013c3354b7bd to 0x0000013c3354b841
Event: 1.314 Thread 0x0000013c2874b590 Exception <a 'java/lang/NoSuchMethodError'{0x00000000d5c2ab00}: 'void java.lang.invoke.DirectMethodHandle$Holder.invokeSpecial(java.lang.Object, java.lang.Object, java.lang.Object)'> (0x00000000d5c2ab00) 
thrown [s\src\hotspot\share\interpreter\linkResolver.cpp, line 773]
Event: 1.572 Thread 0x0000013c2874b590 Exception <a 'java/lang/NoSuchMethodError'{0x00000000d65293f0}: 'int java.lang.invoke.DirectMethodHandle$Holder.invokeVirtual(java.lang.Object, java.lang.Object)'> (0x00000000d65293f0) 
thrown [s\src\hotspot\share\interpreter\linkResolver.cpp, line 773]
Event: 1.621 Thread 0x0000013c2874b590 Exception <a 'java/lang/NoSuchMethodError'{0x00000000d66b1608}: 'int java.lang.invoke.DirectMethodHandle$Holder.invokeStaticInit(java.lang.Object, java.lang.Object, java.lang.Object, java.lang.Object)'> (0x00000000d66b1608) 
thrown [s\src\hotspot\share\interpreter\linkResolver.cpp, line 773]
Event: 1.623 Thread 0x0000013c2874b590 Exception <a 'java/lang/IncompatibleClassChangeError'{0x00000000d66b9cf0}: Found class java.lang.Object, but interface was expected> (0x00000000d66b9cf0) 
thrown [s\src\hotspot\share\interpreter\linkResolver.cpp, line 840]
Event: 1.624 Thread 0x0000013c2874b590 Exception <a 'java/lang/NoSuchMethodError'{0x00000000d66c0b60}: 'void java.lang.invoke.DirectMethodHandle$Holder.invokeStaticInit(java.lang.Object, java.lang.Object)'> (0x00000000d66c0b60) 
thrown [s\src\hotspot\share\interpreter\linkResolver.cpp, line 773]
Event: 1.626 Thread 0x0000013c2874b590 Exception <a 'java/lang/NoSuchMethodError'{0x00000000d66ca638}: 'int java.lang.invoke.DirectMethodHandle$Holder.invokeStaticInit(java.lang.Object, java.lang.Object)'> (0x00000000d66ca638) 
thrown [s\src\hotspot\share\interpreter\linkResolver.cpp, line 773]
Event: 1.744 Thread 0x0000013c2874b590 Exception <a 'java/lang/NoSuchMethodError'{0x00000000d69461e0}: 'java.lang.Object java.lang.invoke.DirectMethodHandle$Holder.newInvokeSpecial(java.lang.Object, int, java.lang.Object)'> (0x00000000d69461e0) 
thrown [s\src\hotspot\share\interpreter\linkResolver.cpp, line 773]
Event: 1.812 Thread 0x0000013c2874b590 Exception <a 'java/lang/ClassNotFoundException'{0x00000000d6b6d658}: sun/net/www/protocol/plurl/Handler> (0x00000000d6b6d658) 
thrown [s\src\hotspot\share\classfile\systemDictionary.cpp, line 313]
Event: 1.813 Thread 0x0000013c2874b590 Exception <a 'java/lang/ClassNotFoundException'{0x00000000d6b6e4d8}: sun/net/www/protocol/plurl/Handler> (0x00000000d6b6e4d8) 
thrown [s\src\hotspot\share\classfile\systemDictionary.cpp, line 313]
Event: 2.033 Thread 0x0000013c2874b590 Exception <a 'java/lang/UnsatisfiedLinkError'{0x00000000d56de300}: 'void org.eclipse.equinox.launcher.JNIBridge._update_splash()'> (0x00000000d56de300) 
thrown [s\src\hotspot\share\prims\nativeLookup.cpp, line 415]
Event: 2.160 Thread 0x0000013c07908cb0 Exception <a 'java/lang/NullPointerException'{0x00000000d5a9ff70}> (0x00000000d5a9ff70) 
thrown [s\src\hotspot\share\interpreter\linkResolver.cpp, line 1372]
Event: 2.160 Thread 0x0000013c07908cb0 Exception <a 'java/lang/NullPointerException'{0x00000000d5aa0250}> (0x00000000d5aa0250) 
thrown [s\src\hotspot\share\interpreter\linkResolver.cpp, line 1372]

ZGC Phase Switch (0 events):
No events

VM Operations (20 events):
Event: 0.259 Executing non-safepoint VM operation: HandshakeAllThreads (Deoptimize)
Event: 0.259 Executing non-safepoint VM operation: HandshakeAllThreads (Deoptimize) done
Event: 0.768 Executing non-safepoint VM operation: HandshakeAllThreads (Deoptimize)
Event: 0.768 Executing non-safepoint VM operation: HandshakeAllThreads (Deoptimize) done
Event: 0.788 Executing non-safepoint VM operation: HandshakeAllThreads (Deoptimize)
Event: 0.788 Executing non-safepoint VM operation: HandshakeAllThreads (Deoptimize) done
Event: 1.103 Executing safepoint VM operation: ParallelGCFailedAllocation (Allocation Failure)
Event: 1.114 Executing safepoint VM operation: ParallelGCFailedAllocation (Allocation Failure) done
Event: 1.136 Executing non-safepoint VM operation: HandshakeAllThreads (Deoptimize)
Event: 1.136 Executing non-safepoint VM operation: HandshakeAllThreads (Deoptimize) done
Event: 1.696 Executing non-safepoint VM operation: HandshakeAllThreads (Deoptimize)
Event: 1.696 Executing non-safepoint VM operation: HandshakeAllThreads (Deoptimize) done
Event: 1.717 Executing non-safepoint VM operation: HandshakeAllThreads (Deoptimize)
Event: 1.717 Executing non-safepoint VM operation: HandshakeAllThreads (Deoptimize) done
Event: 1.803 Executing non-safepoint VM operation: HandshakeAllThreads (Deoptimize)
Event: 1.803 Executing non-safepoint VM operation: HandshakeAllThreads (Deoptimize) done
Event: 1.817 Executing safepoint VM operation: ICBufferFull
Event: 1.817 Executing safepoint VM operation: ICBufferFull done
Event: 1.922 Executing safepoint VM operation: ParallelGCFailedAllocation (Allocation Failure)
Event: 1.931 Executing safepoint VM operation: ParallelGCFailedAllocation (Allocation Failure) done

Memory protections (0 events):
No events

Nmethod flushes (0 events):
No events

Events (20 events):
Event: 0.067 Thread 0x0000013c2874b590 Thread added: 0x0000013c287f6a10
Event: 0.067 Thread 0x0000013c2874b590 Thread added: 0x0000013c287f8d60
Event: 0.068 Thread 0x0000013c2874b590 Thread added: 0x0000013c287f98f0
Event: 0.071 Thread 0x0000013c2874b590 Thread added: 0x0000013c287fe210
Event: 0.073 Thread 0x0000013c2874b590 Thread added: 0x0000013c28805eb0
Event: 0.074 Thread 0x0000013c2874b590 Thread added: 0x0000013c28807490
Event: 0.074 Thread 0x0000013c2874b590 Thread added: 0x0000013c2880b4b0
Event: 0.139 Thread 0x0000013c2880b4b0 Thread added: 0x0000013c016d8980
Event: 0.154 Thread 0x0000013c28807490 Thread added: 0x0000013c0170a7b0
Event: 0.191 Thread 0x0000013c2874b590 Thread added: 0x0000013c017f4ad0
Event: 0.250 Thread 0x0000013c016d8980 Thread added: 0x0000013c01835630
Event: 0.250 Thread 0x0000013c016d8980 Thread added: 0x0000013c01835ce0
Event: 0.547 Thread 0x0000013c2874b590 Thread added: 0x0000013c070204e0
Event: 0.677 Thread 0x0000013c2880b4b0 Thread added: 0x0000013c070aedd0
Event: 1.396 Thread 0x0000013c01835630 Thread added: 0x0000013c074f58c0
Event: 1.651 Thread 0x0000013c2874b590 Thread added: 0x0000013c078df380
Event: 2.025 Thread 0x0000013c2874b590 Thread added: 0x0000013c078e0ae0
Event: 2.031 Thread 0x0000013c2874b590 Thread added: 0x0000013c07908cb0
Event: 2.094 Thread 0x0000013c07908cb0 Thread added: 0x0000013c077d2ab0
Event: 2.172 Thread 0x0000013c074f58c0 Thread exited: 0x0000013c074f58c0


Dynamic libraries:
0x00007ff778130000 - 0x00007ff77813e000 	c:\Users\USER\.antigravity-ide\extensions\redhat.java-1.56.0-win32-x64\jre\21.0.12.1-win32-x86_64\bin\java.exe
0x00007ffe31760000 - 0x00007ffe319c7000 	C:\WINDOWS\SYSTEM32\ntdll.dll
0x00007ffe30370000 - 0x00007ffe3043b000 	C:\WINDOWS\System32\KERNEL32.DLL
0x00007ffe2ec30000 - 0x00007ffe2f032000 	C:\WINDOWS\System32\KERNELBASE.dll
0x00007ffe2ead0000 - 0x00007ffe2ec1c000 	C:\WINDOWS\System32\ucrtbase.dll
0x00007ffe292d0000 - 0x00007ffe292ee000 	c:\Users\USER\.antigravity-ide\extensions\redhat.java-1.56.0-win32-x64\jre\21.0.12.1-win32-x86_64\bin\VCRUNTIME140.dll
0x00007ffe292f0000 - 0x00007ffe29308000 	c:\Users\USER\.antigravity-ide\extensions\redhat.java-1.56.0-win32-x64\jre\21.0.12.1-win32-x86_64\bin\jli.dll
0x00007ffe31420000 - 0x00007ffe315ef000 	C:\WINDOWS\System32\USER32.dll
0x00007ffe18b20000 - 0x00007ffe18db0000 	C:\WINDOWS\WinSxS\amd64_microsoft.windows.common-controls_6595b64144ccf1df_6.0.26100.9278_none_3e0d1ba8e3303201\COMCTL32.dll
0x00007ffe2f040000 - 0x00007ffe2f067000 	C:\WINDOWS\System32\win32u.dll
0x00007ffe2fb50000 - 0x00007ffe2fbf9000 	C:\WINDOWS\System32\msvcrt.dll
0x00007ffe2ff90000 - 0x00007ffe2ffbb000 	C:\WINDOWS\System32\GDI32.dll
0x00007ffe2f070000 - 0x00007ffe2f199000 	C:\WINDOWS\System32\gdi32full.dll
0x00007ffe2e960000 - 0x00007ffe2ea03000 	C:\WINDOWS\System32\msvcp_win.dll
0x00007ffe2f480000 - 0x00007ffe2f4b1000 	C:\WINDOWS\System32\IMM32.DLL
0x00007ffe2bbf0000 - 0x00007ffe2bbfc000 	c:\Users\USER\.antigravity-ide\extensions\redhat.java-1.56.0-win32-x64\jre\21.0.12.1-win32-x86_64\bin\vcruntime140_1.dll
0x00007ffe21540000 - 0x00007ffe215cd000 	c:\Users\USER\.antigravity-ide\extensions\redhat.java-1.56.0-win32-x64\jre\21.0.12.1-win32-x86_64\bin\msvcp140.dll
0x00007ffdaf380000 - 0x00007ffdb0122000 	c:\Users\USER\.antigravity-ide\extensions\redhat.java-1.56.0-win32-x64\jre\21.0.12.1-win32-x86_64\bin\server\jvm.dll
0x00007ffe2f5d0000 - 0x00007ffe2f68c000 	C:\WINDOWS\System32\ADVAPI32.dll
0x00007ffe2f6a0000 - 0x00007ffe2f749000 	C:\WINDOWS\System32\sechost.dll
0x00007ffe31600000 - 0x00007ffe31718000 	C:\WINDOWS\System32\RPCRT4.dll
0x00007ffe301f0000 - 0x00007ffe30270000 	C:\WINDOWS\System32\WS2_32.dll
0x00007ffe2e7c0000 - 0x00007ffe2e81e000 	C:\WINDOWS\SYSTEM32\POWRPROF.dll
0x00007ffe26c60000 - 0x00007ffe26c96000 	C:\WINDOWS\SYSTEM32\WINMM.dll
0x00007ffe2bb50000 - 0x00007ffe2bb5b000 	C:\WINDOWS\SYSTEM32\VERSION.dll
0x00007ffe2e7a0000 - 0x00007ffe2e7b5000 	C:\WINDOWS\SYSTEM32\UMPDC.dll
0x00007ffe2d5f0000 - 0x00007ffe2d60b000 	C:\WINDOWS\SYSTEM32\kernel.appcore.dll
0x00007ffe2ba80000 - 0x00007ffe2ba8a000 	c:\Users\USER\.antigravity-ide\extensions\redhat.java-1.56.0-win32-x64\jre\21.0.12.1-win32-x86_64\bin\jimage.dll
0x00007ffe1f750000 - 0x00007ffe1f99c000 	C:\WINDOWS\SYSTEM32\DBGHELP.DLL
0x00007ffe2fc00000 - 0x00007ffe2ff85000 	C:\WINDOWS\System32\combase.dll
0x00007ffe30290000 - 0x00007ffe30369000 	C:\WINDOWS\System32\OLEAUT32.dll
0x00007ffe12650000 - 0x00007ffe1268b000 	C:\WINDOWS\SYSTEM32\dbgcore.DLL
0x00007ffe2ea10000 - 0x00007ffe2eabc000 	C:\WINDOWS\System32\bcryptPrimitives.dll
0x00007ffe2b300000 - 0x00007ffe2b30f000 	c:\Users\USER\.antigravity-ide\extensions\redhat.java-1.56.0-win32-x64\jre\21.0.12.1-win32-x86_64\bin\instrument.dll
0x00007ffe21f00000 - 0x00007ffe21f20000 	c:\Users\USER\.antigravity-ide\extensions\redhat.java-1.56.0-win32-x64\jre\21.0.12.1-win32-x86_64\bin\java.dll
0x00007ffe307f0000 - 0x00007ffe30f88000 	C:\WINDOWS\System32\SHELL32.dll
0x00007ffe2c380000 - 0x00007ffe2cc2e000 	C:\WINDOWS\SYSTEM32\windows.storage.dll
0x00007ffe2f4c0000 - 0x00007ffe2f5bb000 	C:\WINDOWS\System32\SHCORE.dll
0x00007ffe30590000 - 0x00007ffe305f6000 	C:\WINDOWS\System32\shlwapi.dll
0x00007ffe2e880000 - 0x00007ffe2e8a9000 	C:\WINDOWS\SYSTEM32\profapi.dll
0x00007ffe22680000 - 0x00007ffe22698000 	c:\Users\USER\.antigravity-ide\extensions\redhat.java-1.56.0-win32-x64\jre\21.0.12.1-win32-x86_64\bin\zip.dll
0x00007ffe2b700000 - 0x00007ffe2b710000 	C:\Users\USER\.antigravity-ide\extensions\redhat.java-1.56.0-win32-x64\jre\21.0.12.1-win32-x86_64\bin\net.dll
0x00007ffe26710000 - 0x00007ffe2683a000 	C:\WINDOWS\SYSTEM32\WINHTTP.dll
0x00007ffe2db90000 - 0x00007ffe2dbfc000 	C:\WINDOWS\system32\mswsock.dll
0x00007ffe21fe0000 - 0x00007ffe21ff6000 	C:\Users\USER\.antigravity-ide\extensions\redhat.java-1.56.0-win32-x64\jre\21.0.12.1-win32-x86_64\bin\nio.dll
0x00007ffe236e0000 - 0x00007ffe236f0000 	c:\Users\USER\.antigravity-ide\extensions\redhat.java-1.56.0-win32-x64\jre\21.0.12.1-win32-x86_64\bin\verify.dll
0x00007ffdfd4b0000 - 0x00007ffdfd4f5000 	C:\Users\USER\AppData\Roaming\Antigravity IDE\User\globalStorage\redhat.java\1.56.0\config_ss_win\org.eclipse.equinox.launcher\org.eclipse.equinox.launcher.win32.win32.x86_64_1.3.100.v20260804-1928\eclipse_11924.dll
0x00007ffe30050000 - 0x00007ffe301ea000 	C:\WINDOWS\System32\ole32.dll

JVMTI agents:
c:\Users\USER\.antigravity-ide\extensions\redhat.java-1.56.0-win32-x64\lombok\lombok-1.18.39-4050.jar path:c:\Users\USER\.antigravity-ide\extensions\redhat.java-1.56.0-win32-x64\jre\21.0.12.1-win32-x86_64\bin\instrument.dll, loaded, initialized, instrumentlib options:none

dbghelp: loaded successfully - version: 4.0.5 - missing functions: none
symbol engine: initialized successfully - sym options: 0x614 - pdb path: .;c:\Users\USER\.antigravity-ide\extensions\redhat.java-1.56.0-win32-x64\jre\21.0.12.1-win32-x86_64\bin;C:\WINDOWS\SYSTEM32;C:\WINDOWS\WinSxS\amd64_microsoft.windows.common-controls_6595b64144ccf1df_6.0.26100.9278_none_3e0d1ba8e3303201;c:\Users\USER\.antigravity-ide\extensions\redhat.java-1.56.0-win32-x64\jre\21.0.12.1-win32-x86_64\bin\server;C:\Users\USER\AppData\Roaming\Antigravity IDE\User\globalStorage\redhat.java\1.56.0\config_ss_win\org.eclipse.equinox.launcher\org.eclipse.equinox.launcher.win32.win32.x86_64_1.3.100.v20260804-1928

VM Arguments:
jvm_args: --add-modules=ALL-SYSTEM --add-opens=java.base/java.util=ALL-UNNAMED --add-opens=java.base/java.lang=ALL-UNNAMED --add-opens=java.base/sun.nio.fs=ALL-UNNAMED -Declipse.application=org.eclipse.jdt.ls.core.id1 -Dosgi.bundles.defaultStartLevel=4 -Declipse.product=org.eclipse.jdt.ls.core.product -Djava.import.generatesMetadataFilesAtProjectRoot=false -Dm2e.project.cache.size=50 -DDetectVMInstallationsJob.disabled=true -Dfile.encoding=utf8 -XX:+UseParallelGC -XX:GCTimeRatio=4 -XX:AdaptiveSizePolicyWeight=90 -Dsun.zip.disableMemoryMapping=true -Xmx2G -Xms100m -Xlog:disable -javaagent:c:\Users\USER\.antigravity-ide\extensions\redhat.java-1.56.0-win32-x64\lombok\lombok-1.18.39-4050.jar 
java_command: c:\Users\USER\.antigravity-ide\extensions\redhat.java-1.56.0-win32-x64\server\plugins\org.eclipse.equinox.launcher_1.8.0.v20260804-1928.jar -configuration c:\Users\USER\AppData\Roaming\Antigravity IDE\User\globalStorage\redhat.java\1.56.0\config_ss_win -data c:\Users\USER\AppData\Roaming\Antigravity IDE\User\workspaceStorage\2377131e4495ebcd3a52215fcdae1dd4\redhat.java\ss_ws --pipe=\\.\pipe\lsp-c088ca5a67bb5676ab253b41d5fa241c-sock
java_class_path (initial): c:\Users\USER\.antigravity-ide\extensions\redhat.java-1.56.0-win32-x64\server\plugins\org.eclipse.equinox.launcher_1.8.0.v20260804-1928.jar
Launcher Type: SUN_STANDARD

[Global flags]
    uintx AdaptiveSizePolicyWeight                 = 90                                        {product} {command line}
     intx CICompilerCount                          = 12                                        {product} {ergonomic}
    uintx GCTimeRatio                              = 4                                         {product} {command line}
   size_t InitialHeapSize                          = 104857600                                 {product} {command line}
   size_t MaxHeapSize                              = 2147483648                                {product} {command line}
   size_t MaxNewSize                               = 715653120                                 {product} {ergonomic}
   size_t MinHeapDeltaBytes                        = 524288                                    {product} {ergonomic}
   size_t MinHeapSize                              = 104857600                                 {product} {command line}
   size_t NewSize                                  = 34603008                                  {product} {ergonomic}
    uintx NonNMethodCodeHeapSize                   = 7602480                                {pd product} {ergonomic}
    uintx NonProfiledCodeHeapSize                  = 122027880                              {pd product} {ergonomic}
   size_t OldSize                                  = 70254592                                  {product} {ergonomic}
    uintx ProfiledCodeHeapSize                     = 122027880                              {pd product} {ergonomic}
    uintx ReservedCodeCacheSize                    = 251658240                              {pd product} {ergonomic}
     bool SegmentedCodeCache                       = true                                      {product} {ergonomic}
   size_t SoftMaxHeapSize                          = 2147483648                             {manageable} {ergonomic}
     bool UseCompressedOops                        = true                           {product lp64_product} {ergonomic}
     bool UseLargePagesIndividualAllocation        = false                                  {pd product} {ergonomic}
     bool UseParallelGC                            = true                                      {product} {command line}

Logging:
Log output configuration:
 #0: stdout all=off uptime,level,tags foldmultilines=false
 #1: stderr all=off uptime,level,tags foldmultilines=false

Release file:
JAVA_VERSION="21.0.12.1" 
MODULES="java.base java.compiler java.datatransfer java.xml java.prefs java.desktop java.instrument java.logging java.management java.security.sasl java.naming java.rmi java.management.rmi java.net.http java.scripting java.security.jgss java.transaction.xa java.sql java.sql.rowset java.xml.crypto java.se java.smartcardio jdk.accessibility jdk.internal.jvmstat jdk.attach jdk.charsets jdk.internal.opt jdk.zipfs jdk.compiler jdk.crypto.ec jdk.crypto.cryptoki jdk.crypto.mscapi jdk.dynalink jdk.internal.ed jdk.editpad jdk.hotspot.agent jdk.httpserver jdk.internal.le jdk.internal.vm.ci jdk.internal.vm.compiler jdk.internal.vm.compiler.management jdk.jartool jdk.javadoc jdk.jcmd jdk.management jdk.management.agent jdk.jconsole jdk.jdeps jdk.jdwp.agent jdk.jdi jdk.jfr jdk.jshell jdk.jsobject jdk.jstatd jdk.localedata jdk.management.jfr jdk.naming.dns jdk.naming.rmi jdk.net jdk.nio.mapmode jdk.random jdk.sctp jdk.security.auth jdk.security.jgss jdk.unsupported jdk.unsupported.desktop jdk.xml.dom" 

Environment Variables:
JAVA_HOME=C:\Program Files\Java\jdk-25
PATH=C:\app\USER\product\21c\dbhomeXE\bin;C:\Program Files\Common Files\Oracle\Java\javapath;C:\WINDOWS\system32;C:\WINDOWS;C:\WINDOWS\System32\Wbem;C:\WINDOWS\System32\WindowsPowerShell\v1.0\;C:\WINDOWS\System32\OpenSSH\;C:\Program Files\MySQL\MySQL Server 8.0\bin;C:\Program Files\dotnet\;C:\Program Files\Git\cmd;C:\Users\USER\AppData\Local\nvm;C:\nvm4w\nodejs;D:\R-4.5.1\bin;C:\Program Files\Java\jdk-25\bin;C:\Users\USER\Downloads\sqldeveloper-24.3.1.347.1826-x64\sqldeveloper\jdk\jre\bin;C:\Program Files\MySQL\MySQL Server 8.0\bin;C:\Users\USER\AppData\Local\Python\pythoncore-3.14-64\Scripts;C:\Program Files\MySQL\MySQL Shell 8.0\bin\;d:\cursor\resources\app\codeBin;C:\Users\USER\AppData\Local\Microsoft\WindowsApps;C:\Users\USER\AppData\Local\GitHubDesktop\bin;C:\Users\USER\.dotnet\tools;C:\Users\USER\AppData\Local\Programs\Microsoft VS Code\bin;C:\Users\USER\AppData\Roaming\npm;C:\ProgramData\USER\GitHubDesktop\bin;C:\Users\USER\AppData\Local\nvm;C:\nvm4w\nodejs;D:\New folder (2)\Windsurf\bin;C:\Users\USER\AppData\Local\Python\bin;C:\Program Files\JetBrains\IntelliJ IDEA 2025.3.2\bin;D:\Antigravity IDE\bin;C:\src\flutter\bin;
USERNAME=USER
OS=Windows_NT
PROCESSOR_IDENTIFIER=AMD64 Family 25 Model 80 Stepping 0, AuthenticAMD
TMP=C:\Users\USER\AppData\Local\Temp
TEMP=C:\Users\USER\AppData\Local\Temp




Periodic native trim disabled

---------------  S Y S T E M  ---------------

OS:
 Windows 11 , 64 bit Build 26100 (10.0.26100.9444)
OS uptime: 2 days 23:01 hours
Hyper-V role detected

CPU: total 16 (initial active 16) (16 cores per cpu, 2 threads per core) family 25 model 80 stepping 0 microcode 0xa50000f, cx8, cmov, fxsr, ht, mmx, 3dnowpref, sse, sse2, sse3, ssse3, sse4a, sse4.1, sse4.2, popcnt, lzcnt, tsc, tscinvbit, avx, avx2, aes, erms, clmul, bmi1, bmi2, adx, sha, fma, vzeroupper, clflush, clflushopt, hv, rdtscp, rdpid, fsrm, f16c, cet_ss
Processor Information for the first 16 processors :
  Max Mhz: 2000, Current Mhz: 2000, Mhz Limit: 2000

Memory: 4k page, system-wide physical 14173M (1060M free)
TotalPageFile size 22365M (AvailPageFile size 767M)
current process WorkingSet (physical memory assigned to process): 100M, peak: 100M
current process commit charge ("private bytes"): 261M, peak: 261M

vm_info: OpenJDK 64-Bit Server VM (21.0.12.1+1-LTS) for windows-amd64 JRE (21.0.12.1+1-LTS), built on 2026-08-18T00:00:00Z by "admin" with MS VC++ 17.12 (VS2022)

END.
