#
# There is insufficient memory for the Java Runtime Environment to continue.
# Native memory allocation (mmap) failed to map 79691776 bytes. Error detail: G1 virtual space
# Possible reasons:
#   The system is out of physical RAM or swap space
#   This process is running with CompressedOops enabled, and the Java Heap may be blocking the growth of the native heap
# Possible solutions:
#   Reduce memory load on the system
#   Increase physical memory or swap space
#   Check if swap backing store is full
#   Decrease Java heap size (-Xmx/-Xms)
#   Decrease number of Java threads
#   Decrease Java thread stack sizes (-Xss)
#   Set larger code cache with -XX:ReservedCodeCacheSize=
#   JVM is running with Zero Based Compressed Oops mode in which the Java heap is
#     placed in the first 32GB address space. The Java Heap base address is the
#     maximum limit for the native heap growth. Please use -XX:HeapBaseMinAddress
#     to set the Java Heap base and to place the Java Heap above 32GB virtual address.
# This output file may be truncated or incomplete.
#
#  Out of Memory Error (os_windows.cpp:3554), pid=7960, tid=22900
#
# JRE version: Java(TM) SE Runtime Environment (25.0.1+8) (build 25.0.1+8-LTS-27)
# Java VM: Java HotSpot(TM) 64-Bit Server VM (25.0.1+8-LTS-27, mixed mode, sharing, tiered, compressed oops, compressed class ptrs, g1 gc, windows-amd64)
# No core dump will be written. Minidumps are not enabled by default on client versions of Windows
#

---------------  S U M M A R Y ------------

Command Line: --add-opens=java.base/java.lang=ALL-UNNAMED --add-opens=java.base/java.lang.invoke=ALL-UNNAMED --add-opens=java.base/java.util=ALL-UNNAMED --add-opens=java.prefs/java.util.prefs=ALL-UNNAMED --add-exports=jdk.compiler/com.sun.tools.javac.api=ALL-UNNAMED --add-exports=jdk.compiler/com.sun.tools.javac.util=ALL-UNNAMED --add-opens=java.base/java.util=ALL-UNNAMED --add-opens=java.prefs/java.util.prefs=ALL-UNNAMED --add-opens=java.base/java.nio.charset=ALL-UNNAMED --add-opens=java.base/java.net=ALL-UNNAMED --add-opens=java.base/java.util.concurrent=ALL-UNNAMED --add-opens=java.base/java.util.concurrent.atomic=ALL-UNNAMED --add-opens=java.xml/javax.xml.namespace=ALL-UNNAMED --add-opens=java.base/java.time=ALL-UNNAMED --enable-native-access=ALL-UNNAMED -XX:MaxMetaspaceSize=4G -XX:ReservedCodeCacheSize=512m -XX:+HeapDumpOnOutOfMemoryError -Xmx8G -Dfile.encoding=UTF-8 -Duser.country=US -Duser.language=en -Duser.variant -javaagent:C:\Users\USER\.gradle\wrapper\dists\gradle-9.3.1-all\9ot9r568e8zfvvd4mn8rbu1j0\gradle-9.3.1\lib\agents\gradle-instrumentation-agent-9.3.1.jar org.gradle.launcher.daemon.bootstrap.GradleDaemon 9.3.1

Host: AMD Ryzen 7 7730U with Radeon Graphics         , 16 cores, 13G,  Windows 11 , 64 bit Build 26100 (10.0.26100.9444)
Time: Mon Oct  5 16:51:47 2026 Sri Lanka Standard Time elapsed time: 52.056208 seconds (0d 0h 0m 52s)

---------------  T H R E A D  ---------------

Current thread (0x00000205effc76d0):  VMThread "VM Thread"          [id=22900, stack(0x0000007189b00000,0x0000007189c00000) (1024K)]

Stack: [0x0000007189b00000,0x0000007189c00000]
Native frames: (J=compiled Java code, j=interpreted, Vv=VM code, C=native code)
V  [jvm.dll+0x7a6b59]  (no source info available)
V  [jvm.dll+0x77290d]  (no source info available)
V  [jvm.dll+0x966153]  (no source info available)
V  [jvm.dll+0x968751]  (no source info available)
V  [jvm.dll+0x968e53]  (no source info available)
V  [jvm.dll+0x2fc756]  (no source info available)
V  [jvm.dll+0x7a2d85]  (no source info available)
V  [jvm.dll+0x796197]  (no source info available)
V  [jvm.dll+0x3f4698]  (no source info available)
V  [jvm.dll+0x3fc5b6]  (no source info available)
V  [jvm.dll+0x3e8c8e]  (no source info available)
V  [jvm.dll+0x3e8f48]  (no source info available)
V  [jvm.dll+0x3c0045]  (no source info available)
V  [jvm.dll+0x3c00da]  (no source info available)
V  [jvm.dll+0x40d2b6]  (no source info available)
V  [jvm.dll+0x40bbdb]  (no source info available)
V  [jvm.dll+0x3bf787]  (no source info available)
V  [jvm.dll+0x40afdf]  (no source info available)
V  [jvm.dll+0x96f091]  (no source info available)
V  [jvm.dll+0x9703ad]  (no source info available)
V  [jvm.dll+0x970929]  (no source info available)
V  [jvm.dll+0x970bd3]  (no source info available)
V  [jvm.dll+0x906a0d]  (no source info available)
V  [jvm.dll+0x7a5135]  (no source info available)
C  [ucrtbase.dll+0x2cd30]  (no source info available)
C  [KERNEL32.DLL+0x2cd87]  (no source info available)
C  [ntdll.dll+0xacaec]  (no source info available)

VM_Operation (0x000000718b8f7980): G1CollectForAllocation, mode: safepoint, requested by thread 0x00000205f8dd97b0


---------------  P R O C E S S  ---------------

Threads class SMR info:
_java_thread_list=0x00000205f7a17400, length=186, elements={
0x00000205dc9125f0, 0x00000205effdc4e0, 0x00000205effdcca0, 0x00000205effdd960,
0x00000205effdf7d0, 0x00000205effdff90, 0x00000205effe5be0, 0x00000205effe0a80,
0x00000205efff0ce0, 0x00000205effe3ca0, 0x00000205effe8ac0, 0x00000205f75278b0,
0x00000205f7526910, 0x00000205f8dd4990, 0x00000205f8dd70a0, 0x00000205f8dd97b0,
0x00000205f907d580, 0x00000205f9083340, 0x00000205f9081bd0, 0x00000205f92265b0,
0x00000205f9224e40, 0x00000205f9227550, 0x00000205f9226d80, 0x00000205f92284f0,
0x00000205fb7b7830, 0x00000205fb7bed60, 0x00000205fb7bce20, 0x00000205fcfd44c0,
0x00000205fcfd6bd0, 0x00000205fcfd5460, 0x00000205fcfd3520, 0x00000205fcfd92e0,
0x00000205fcfd73a0, 0x00000205fcfda280, 0x00000205f7523260, 0x00000205fcc3af40,
0x00000205fcc3bee0, 0x00000205f99d4d40, 0x00000205f9871990, 0x00000205fe4882a0,
0x00000205fe487300, 0x00000205fe48c8f0, 0x00000205fe48b180, 0x00000205fe48d0c0,
0x00000205fe48a9b0, 0x00000205fe490f40, 0x00000205fe48f000, 0x00000205fe492e80,
0x00000205fe491710, 0x00000205fe495d60, 0x00000205fe496530, 0x00000205fb7234b0,
0x00000205fb724450, 0x00000205fb721d40, 0x00000205f9fc14e0, 0x00000205f9fc5360,
0x00000205f9fc6300, 0x00000205f9fca950, 0x00000205fa0903d0, 0x00000205feef4510,
0x00000205fe50a660, 0x00000205fe503d90, 0x00000205f9fc0540, 0x00000205fe508e30,
0x00000205fe509640, 0x00000205fe50d6c0, 0x00000205ff080e50, 0x00000205ff0658d0,
0x00000205ff064160, 0x00000205ff0631c0, 0x00000205ff066870, 0x00000205ff063990,
0x00000205ff06aec0, 0x00000205ff069750, 0x00000205ff069f20, 0x00000205ff06b690,
0x00000205ff06d5d0, 0x00000205ff06ce00, 0x00000205ff06c630, 0x00000205ff06ed40,
0x00000205ff06f510, 0x00000205ff06e570, 0x00000205ff0723f0, 0x00000205ff06fce0,
0x00000205ff071450, 0x00000205ff0752d0, 0x00000205ff0779e0, 0x00000205ff0781b0,
0x00000205ff074b00, 0x00000205ff079150, 0x00000205ff07b090, 0x00000205ff07a8c0,
0x00000205ff07cfd0, 0x00000205ff07e740, 0x00000205ff07ef10, 0x00000205ff07f6e0,
0x00000205ff07d7a0, 0x00000205ff0825c0, 0x00000205feeec040, 0x00000205feee9930,
0x00000205feeec810, 0x00000205feeecfe0, 0x00000205feeee750, 0x00000205feef0690,
0x00000205feef0e60, 0x00000205feef1630, 0x00000205feef25d0, 0x00000205feeef6f0,
0x00000205feef3570, 0x00000205feef73f0, 0x00000205feef6450, 0x00000205feef6c20,
0x00000205feef9b00, 0x00000205feef9330, 0x00000205feefb270, 0x00000205feefaaa0,
0x00000205feefc9e0, 0x00000205feefd1b0, 0x00000205feeff0f0, 0x00000205feeff8c0,
0x00000205fef027a0, 0x00000205fef02f70, 0x00000205fef00090, 0x00000205fef01030,
0x00000205fef05e50, 0x00000205fef075c0, 0x00000205fef07d90, 0x00000205fa08e490,
0x00000205fa08f430, 0x00000205fa08ec60, 0x00000205fa091370, 0x00000205fa091b40,
0x00000205fa0932b0, 0x00000205fa094a20, 0x00000205fa0951f0, 0x00000205fa096960,
0x00000205fa097900, 0x00000205fa096190, 0x00000205fa09b780, 0x00000205fa0988a0,
0x00000205fa09d6c0, 0x00000205fa09f600, 0x00000205fa09fdd0, 0x00000205fa09c720,
0x00000205fa0a0d70, 0x00000205fa0a3c50, 0x00000205fa0a24e0, 0x00000205fa0a4bf0,
0x00000205fa0a3480, 0x00000205fa0a7300, 0x00000205fa0a9240, 0x00000205fa0a8a70,
0x00000205fa0a9a10, 0x00000205fa0aa1e0, 0x00000205fa0ac120, 0x00000205fb737cd0,
0x00000205fb71c750, 0x00000205fb71b7b0, 0x00000205fb71afe0, 0x00000205fb7190a0,
0x00000205fb71dec0, 0x00000205fb71f630, 0x00000205fb71cf20, 0x00000205fb71ee60,
0x00000205fb72a210, 0x00000205fb72b980, 0x00000205fb7282d0, 0x00000205fb72e860,
0x00000205fb72c150, 0x00000205fb7307a0, 0x00000205fb730f70, 0x00000205fb733680,
0x00000205fb72ffd0, 0x00000205fb735d90, 0x00000205fb733e50, 0x00000205fb734620,
0x00000205f9fb70d0, 0x00000205f9fb6130, 0x00000205f9fb9010, 0x00000205f9fb5960,
0x00000205f9fb9fb0, 0x00000205f9fbb720, 0x00000205f9fbce90, 0x00000205f9fbc6c0,
0x00000205f9fbaf50, 0x00000205f9fbedd0
}
_to_delete_list=0x00000205f7a16b30, length=185, elements={
0x00000205dc9125f0, 0x00000205effdc4e0, 0x00000205effdcca0, 0x00000205effdd960,
0x00000205effdf7d0, 0x00000205effdff90, 0x00000205effe5be0, 0x00000205effe0a80,
0x00000205efff0ce0, 0x00000205effe3ca0, 0x00000205effe8ac0, 0x00000205f75278b0,
0x00000205f7526910, 0x00000205f8dd4990, 0x00000205f8dd70a0, 0x00000205f8dd97b0,
0x00000205f907d580, 0x00000205f9083340, 0x00000205f9081bd0, 0x00000205f92265b0,
0x00000205f9224e40, 0x00000205f9227550, 0x00000205f9226d80, 0x00000205f92284f0,
0x00000205fb7b7830, 0x00000205fb7bed60, 0x00000205fb7bce20, 0x00000205fcfd44c0,
0x00000205fcfd6bd0, 0x00000205fcfd5460, 0x00000205fcfd3520, 0x00000205fcfd92e0,
0x00000205fcfd73a0, 0x00000205fcfda280, 0x00000205f7523260, 0x00000205fcc3af40,
0x00000205fcc3bee0, 0x00000205f99d4d40, 0x00000205f9871990, 0x00000205fe4882a0,
0x00000205fe487300, 0x00000205fe48c8f0, 0x00000205fe48b180, 0x00000205fe48d0c0,
0x00000205fe48a9b0, 0x00000205fe490f40, 0x00000205fe48f000, 0x00000205fe492e80,
0x00000205fe491710, 0x00000205fe495d60, 0x00000205fe496530, 0x00000205fb7234b0,
0x00000205fb724450, 0x00000205fb721d40, 0x00000205f9fc14e0, 0x00000205f9fc5360,
0x00000205f9fc6300, 0x00000205f9fca950, 0x00000205fa0903d0, 0x00000205feef4510,
0x00000205fe50a660, 0x00000205fe503d90, 0x00000205f9fc0540, 0x00000205fe508e30,
0x00000205fe509640, 0x00000205fe50d6c0, 0x00000205ff080e50, 0x00000205ff0658d0,
0x00000205ff064160, 0x00000205ff0631c0, 0x00000205ff066870, 0x00000205ff063990,
0x00000205ff06aec0, 0x00000205ff069750, 0x00000205ff069f20, 0x00000205ff06b690,
0x00000205ff06d5d0, 0x00000205ff06ce00, 0x00000205ff06c630, 0x00000205ff06ed40,
0x00000205ff06f510, 0x00000205ff06e570, 0x00000205ff0723f0, 0x00000205ff06fce0,
0x00000205ff071450, 0x00000205ff0752d0, 0x00000205ff0779e0, 0x00000205ff0781b0,
0x00000205ff074b00, 0x00000205ff079150, 0x00000205ff07b090, 0x00000205ff07a8c0,
0x00000205ff07cfd0, 0x00000205ff07e740, 0x00000205ff07ef10, 0x00000205ff07f6e0,
0x00000205ff07d7a0, 0x00000205ff0825c0, 0x00000205feeec040, 0x00000205feee9930,
0x00000205feeec810, 0x00000205feeecfe0, 0x00000205feeee750, 0x00000205feef0690,
0x00000205feef0e60, 0x00000205feef1630, 0x00000205feef25d0, 0x00000205feeef6f0,
0x00000205feef3570, 0x00000205feef73f0, 0x00000205feef6450, 0x00000205feef6c20,
0x00000205feef9b00, 0x00000205feef9330, 0x00000205feefb270, 0x00000205feefaaa0,
0x00000205feefc9e0, 0x00000205feefd1b0, 0x00000205feeff0f0, 0x00000205feeff8c0,
0x00000205fef027a0, 0x00000205fef02f70, 0x00000205fef00090, 0x00000205fef01030,
0x00000205fef05e50, 0x00000205fef075c0, 0x00000205fef07d90, 0x00000205fa08e490,
0x00000205fa08f430, 0x00000205fa08ec60, 0x00000205fa091370, 0x00000205fa091b40,
0x00000205fa0932b0, 0x00000205fa094a20, 0x00000205fa0951f0, 0x00000205fa096960,
0x00000205fa097900, 0x00000205fa096190, 0x00000205fa09b780, 0x00000205fa0988a0,
0x00000205fa09d6c0, 0x00000205fa09f600, 0x00000205fa09fdd0, 0x00000205fa09c720,
0x00000205fa0a0d70, 0x00000205fa0a3c50, 0x00000205fa0a24e0, 0x00000205fa0a4bf0,
0x00000205fa0a3480, 0x00000205fa0a7300, 0x00000205fa0a9240, 0x00000205fa0a8a70,
0x00000205fa0a9a10, 0x00000205fa0aa1e0, 0x00000205fa0ac120, 0x00000205fb737cd0,
0x00000205fb71c750, 0x00000205fb71b7b0, 0x00000205fb71afe0, 0x00000205fb7190a0,
0x00000205fb71dec0, 0x00000205fb71f630, 0x00000205fb71cf20, 0x00000205fb71ee60,
0x00000205fb72a210, 0x00000205fb72b980, 0x00000205fb7282d0, 0x00000205fb72e860,
0x00000205fb72c150, 0x00000205fb7307a0, 0x00000205fb730f70, 0x00000205fb733680,
0x00000205fb72ffd0, 0x00000205fb735d90, 0x00000205fb733e50, 0x00000205fb734620,
0x00000205f9fb70d0, 0x00000205f9fb6130, 0x00000205f9fb9010, 0x00000205f9fb5960,
0x00000205f9fb9fb0, 0x00000205f9fbb720, 0x00000205f9fbce90, 0x00000205f9fbc6c0,
0x00000205f9fbaf50
}

Java Threads: ( => current thread )
  0x00000205dc9125f0 JavaThread "main"                              [_thread_blocked, id=3016, stack(0x0000007189400000,0x0000007189500000) (1024K)]
  0x00000205effdc4e0 JavaThread "Reference Handler"          daemon [_thread_blocked, id=19160, stack(0x0000007189c00000,0x0000007189d00000) (1024K)]
  0x00000205effdcca0 JavaThread "Finalizer"                  daemon [_thread_blocked, id=23152, stack(0x0000007189d00000,0x0000007189e00000) (1024K)]
  0x00000205effdd960 JavaThread "Signal Dispatcher"          daemon [_thread_blocked, id=22976, stack(0x0000007189e00000,0x0000007189f00000) (1024K)]
  0x00000205effdf7d0 JavaThread "Attach Listener"            daemon [_thread_blocked, id=22356, stack(0x0000007189f00000,0x000000718a000000) (1024K)]
  0x00000205effdff90 JavaThread "Service Thread"             daemon [_thread_blocked, id=22384, stack(0x000000718a000000,0x000000718a100000) (1024K)]
  0x00000205effe5be0 JavaThread "Monitor Deflation Thread"   daemon [_thread_blocked, id=21656, stack(0x000000718a100000,0x000000718a200000) (1024K)]
  0x00000205effe0a80 JavaThread "C2 CompilerThread0"         daemon [_thread_blocked, id=21932, stack(0x000000718a200000,0x000000718a300000) (1024K)]
  0x00000205efff0ce0 JavaThread "C1 CompilerThread0"         daemon [_thread_blocked, id=22388, stack(0x000000718a300000,0x000000718a400000) (1024K)]
  0x00000205effe3ca0 JavaThread "Common-Cleaner"             daemon [_thread_blocked, id=21652, stack(0x000000718a600000,0x000000718a700000) (1024K)]
  0x00000205effe8ac0 JavaThread "Notification Thread"        daemon [_thread_blocked, id=3224, stack(0x000000718a800000,0x000000718a900000) (1024K)]
  0x00000205f75278b0 JavaThread "Daemon health stats"               [_thread_blocked, id=22376, stack(0x000000718b200000,0x000000718b300000) (1024K)]
  0x00000205f7526910 JavaThread "Incoming local TCP Connector on port 62657"        [_thread_in_native, id=21944, stack(0x000000718b300000,0x000000718b400000) (1024K)]
  0x00000205f8dd4990 JavaThread "Daemon periodic checks"            [_thread_blocked, id=21632, stack(0x000000718b400000,0x000000718b500000) (1024K)]
  0x00000205f8dd70a0 JavaThread "Daemon"                            [_thread_blocked, id=21828, stack(0x000000718b500000,0x000000718b600000) (1024K)]
  0x00000205f8dd97b0 JavaThread "Daemon worker"                     [_thread_blocked, id=19076, stack(0x000000718b800000,0x000000718b900000) (1024K)]
  0x00000205f907d580 JavaThread "Cache worker for journal cache (C:\Users\USER\.gradle\caches\journal-1)"        [_thread_blocked, id=1588, stack(0x000000718c400000,0x000000718c500000) (1024K)]
  0x00000205f9083340 JavaThread "File lock request listener"        [_thread_in_native, id=4664, stack(0x000000718c500000,0x000000718c600000) (1024K)]
  0x00000205f9081bd0 JavaThread "Cache worker for file hash cache (C:\Users\USER\.gradle\caches\9.3.1\fileHashes)"        [_thread_blocked, id=22996, stack(0x000000718c600000,0x000000718c700000) (1024K)]
  0x00000205f92265b0 JavaThread "File watcher server"        daemon [_thread_in_native, id=16000, stack(0x000000718cb00000,0x000000718cc00000) (1024K)]
  0x00000205f9224e40 JavaThread "File watcher consumer"      daemon [_thread_blocked, id=19444, stack(0x000000718cc00000,0x000000718cd00000) (1024K)]
  0x00000205f9227550 JavaThread "jar transforms"                    [_thread_blocked, id=22452, stack(0x000000718cd00000,0x000000718ce00000) (1024K)]
  0x00000205f9226d80 JavaThread "jar transforms Thread 2"           [_thread_blocked, id=15084, stack(0x000000718ce00000,0x000000718cf00000) (1024K)]
  0x00000205f92284f0 JavaThread "jar transforms Thread 3"           [_thread_blocked, id=15908, stack(0x000000718cf00000,0x000000718d000000) (1024K)]
  0x00000205fb7b7830 JavaThread "Cache worker for file content cache (C:\Users\USER\.gradle\caches\9.3.1\fileContent)"        [_thread_blocked, id=22988, stack(0x000000718d100000,0x000000718d200000) (1024K)]
  0x00000205fb7bed60 JavaThread "jar transforms Thread 4"           [_thread_blocked, id=22112, stack(0x000000718d400000,0x000000718d500000) (1024K)]
  0x00000205fb7bce20 JavaThread "jar transforms Thread 5"           [_thread_blocked, id=22108, stack(0x000000718d500000,0x000000718d600000) (1024K)]
  0x00000205fcfd44c0 JavaThread "jar transforms Thread 6"           [_thread_blocked, id=22072, stack(0x000000718ac00000,0x000000718ad00000) (1024K)]
  0x00000205fcfd6bd0 JavaThread "jar transforms Thread 7"           [_thread_blocked, id=21936, stack(0x000000718d600000,0x000000718d700000) (1024K)]
  0x00000205fcfd5460 JavaThread "jar transforms Thread 8"           [_thread_blocked, id=23064, stack(0x000000718d700000,0x000000718d800000) (1024K)]
  0x00000205fcfd3520 JavaThread "jar transforms Thread 9"           [_thread_blocked, id=23048, stack(0x000000718d800000,0x000000718d900000) (1024K)]
  0x00000205fcfd92e0 JavaThread "jar transforms Thread 10"          [_thread_blocked, id=20688, stack(0x000000718d900000,0x000000718da00000) (1024K)]
  0x00000205fcfd73a0 JavaThread "jar transforms Thread 11"          [_thread_blocked, id=12640, stack(0x000000718da00000,0x000000718db00000) (1024K)]
  0x00000205fcfda280 JavaThread "jar transforms Thread 12"          [_thread_blocked, id=3960, stack(0x000000718db00000,0x000000718dc00000) (1024K)]
  0x00000205f7523260 JavaThread "jar transforms Thread 13"          [_thread_blocked, id=22080, stack(0x000000718dc00000,0x000000718dd00000) (1024K)]
  0x00000205fcc3af40 JavaThread "jar transforms Thread 14"          [_thread_blocked, id=372, stack(0x000000718dd00000,0x000000718de00000) (1024K)]
  0x00000205fcc3bee0 JavaThread "jar transforms Thread 15"          [_thread_blocked, id=21288, stack(0x000000718de00000,0x000000718df00000) (1024K)]
  0x00000205f99d4d40 JavaThread "Memory manager"                    [_thread_blocked, id=23280, stack(0x0000007190b00000,0x0000007190c00000) (1024K)]
  0x00000205f9871990 JavaThread "included builds"                   [_thread_blocked, id=23440, stack(0x0000007190f00000,0x0000007191000000) (1024K)]
  0x00000205fe4882a0 JavaThread "RMI Scheduler(0)"           daemon [_thread_blocked, id=13784, stack(0x000000718a500000,0x000000718a600000) (1024K)]
  0x00000205fe487300 JavaThread "RMI GC Daemon"              daemon [_thread_blocked, id=11572, stack(0x000000718ad00000,0x000000718ae00000) (1024K)]
  0x00000205fe48c8f0 JavaThread "RMI TCP Accept-0"           daemon [_thread_in_native, id=22088, stack(0x0000007190d00000,0x0000007190e00000) (1024K)]
  0x00000205fe48b180 JavaThread "RMI Reaper"                        [_thread_blocked, id=22096, stack(0x0000007194d00000,0x0000007194e00000) (1024K)]
  0x00000205fe48d0c0 JavaThread "RMI TCP Connection(2)-127.0.0.1" daemon [_thread_in_native, id=2372, stack(0x0000007194e00000,0x0000007194f00000) (1024K)]
  0x00000205fe48a9b0 JavaThread "File lock release action executor"        [_thread_blocked, id=14376, stack(0x000000718a400000,0x000000718a500000) (1024K)]
  0x00000205fe490f40 JavaThread "File lock release action executor Thread 2"        [_thread_blocked, id=22748, stack(0x0000007195000000,0x0000007195100000) (1024K)]
  0x00000205fe48f000 JavaThread "File lock release action executor Thread 3"        [_thread_blocked, id=4272, stack(0x0000007194f00000,0x0000007195000000) (1024K)]
  0x00000205fe492e80 JavaThread "File lock release action executor Thread 4"        [_thread_blocked, id=5404, stack(0x0000007195100000,0x0000007195200000) (1024K)]
  0x00000205fe491710 JavaThread "File lock release action executor Thread 5"        [_thread_blocked, id=11448, stack(0x0000007195200000,0x0000007195300000) (1024K)]
  0x00000205fe495d60 JavaThread "File lock release action executor Thread 6"        [_thread_blocked, id=17396, stack(0x0000007195300000,0x0000007195400000) (1024K)]
  0x00000205fe496530 JavaThread "File lock release action executor Thread 7"        [_thread_blocked, id=22644, stack(0x0000007195400000,0x0000007195500000) (1024K)]
  0x00000205fb7234b0 JavaThread "File lock release action executor Thread 8"        [_thread_blocked, id=23596, stack(0x0000007198400000,0x0000007198500000) (1024K)]
  0x00000205fb724450 JavaThread "File lock release action executor Thread 9"        [_thread_blocked, id=23600, stack(0x0000007198500000,0x0000007198600000) (1024K)]
  0x00000205fb721d40 JavaThread "File lock release action executor Thread 10"        [_thread_blocked, id=23604, stack(0x0000007198600000,0x0000007198700000) (1024K)]
  0x00000205f9fc14e0 JavaThread "File lock release action executor Thread 11"        [_thread_blocked, id=24232, stack(0x000000719a400000,0x000000719a500000) (1024K)]
  0x00000205f9fc5360 JavaThread "jar transforms Thread 16"          [_thread_blocked, id=24244, stack(0x000000719a500000,0x000000719a600000) (1024K)]
  0x00000205f9fc6300 JavaThread "pool-3-thread-1"                   [_thread_blocked, id=24284, stack(0x000000719a600000,0x000000719a700000) (1024K)]
  0x00000205f9fca950 JavaThread "File lock release action executor Thread 12"        [_thread_blocked, id=24288, stack(0x0000007195500000,0x0000007195600000) (1024K)]
  0x00000205fa0903d0 JavaThread "VFS cleanup"                       [_thread_blocked, id=9520, stack(0x000000718a900000,0x000000718aa00000) (1024K)]
  0x00000205feef4510 JavaThread "included builds"                   [_thread_blocked, id=24280, stack(0x000000718a700000,0x000000718a800000) (1024K)]
  0x00000205fe50a660 JavaThread "C1 CompilerThread1"         daemon [_thread_blocked, id=15088, stack(0x0000007191000000,0x0000007191100000) (1024K)]
  0x00000205fe503d90 JavaThread "C1 CompilerThread2"         daemon [_thread_blocked, id=19872, stack(0x0000007191100000,0x0000007191200000) (1024K)]
  0x00000205f9fc0540 JavaThread "RMI TCP Connection(3)-127.0.0.1" daemon [_thread_in_native, id=23364, stack(0x0000007193500000,0x0000007193600000) (1024K)]
  0x00000205fe508e30 JavaThread "C2 CompilerThread1"         daemon [_thread_blocked, id=23492, stack(0x0000007191200000,0x0000007191300000) (1024K)]
  0x00000205fe509640 JavaThread "C2 CompilerThread2"         daemon [_thread_blocked, id=22524, stack(0x0000007194300000,0x0000007194400000) (1024K)]
  0x00000205fe50d6c0 JavaThread "C1 CompilerThread3"         daemon [_thread_blocked, id=16288, stack(0x0000007193400000,0x0000007193500000) (1024K)]
  0x00000205ff080e50 JavaThread "pool-6-thread-1"                   [_thread_blocked, id=9708, stack(0x000000719ad00000,0x000000719ae00000) (1024K)]
  0x00000205ff0658d0 JavaThread "Handler for socket connection from /127.0.0.1:62657 to /127.0.0.1:54420"        [_thread_in_native, id=10932, stack(0x000000718aa00000,0x000000718ab00000) (1024K)]
  0x00000205ff064160 JavaThread "Cancel handler"                    [_thread_blocked, id=21528, stack(0x000000718ab00000,0x000000718ac00000) (1024K)]
  0x00000205ff0631c0 JavaThread "Asynchronous log dispatcher for DefaultDaemonConnection: socket connection from /127.0.0.1:62657 to /127.0.0.1:54420"        [_thread_blocked, id=12116, stack(0x000000718b600000,0x000000718b700000) (1024K)]
  0x00000205ff066870 JavaThread "Stdin handler"                     [_thread_blocked, id=23308, stack(0x000000718b700000,0x000000718b800000) (1024K)]
  0x00000205ff063990 JavaThread "Daemon client event forwarder"        [_thread_blocked, id=2820, stack(0x000000718b900000,0x000000718ba00000) (1024K)]
  0x00000205ff06aec0 JavaThread "Cache worker for file hash cache (D:\farmer-buyer-marketplace\android\.gradle\9.3.1\fileHashes)"        [_thread_blocked, id=24028, stack(0x000000718ba00000,0x000000718bb00000) (1024K)]
  0x00000205ff069750 JavaThread "Cache worker for Build Output Cleanup Cache (D:\farmer-buyer-marketplace\android\.gradle\buildOutputCleanup)"        [_thread_blocked, id=14536, stack(0x000000718bb00000,0x000000718bc00000) (1024K)]
  0x00000205ff069f20 JavaThread "Cache worker for checksums cache (D:\farmer-buyer-marketplace\android\.gradle\9.3.1\checksums)"        [_thread_blocked, id=12484, stack(0x000000718c900000,0x000000718ca00000) (1024K)]
  0x00000205ff06b690 JavaThread "Cache worker for cache directory md-supplier (C:\Users\USER\.gradle\caches\9.3.1\md-supplier)"        [_thread_blocked, id=13208, stack(0x000000718ca00000,0x000000718cb00000) (1024K)]
  0x00000205ff06d5d0 JavaThread "Cache worker for cache directory md-rule (C:\Users\USER\.gradle\caches\9.3.1\md-rule)"        [_thread_blocked, id=5236, stack(0x000000718d000000,0x000000718d100000) (1024K)]
  0x00000205ff06ce00 JavaThread "Cache worker for Build Output Cleanup Cache (C:\src\flutter\packages\flutter_tools\gradle\.gradle\buildOutputCleanup)"        [_thread_blocked, id=16224, stack(0x000000718d200000,0x000000718d300000) (1024K)]
  0x00000205ff06c630 JavaThread "Unconstrained build operations"        [_thread_blocked, id=10260, stack(0x000000718d300000,0x000000718d400000) (1024K)]
  0x00000205ff06ed40 JavaThread "Unconstrained build operations Thread 2"        [_thread_blocked, id=7880, stack(0x000000718df00000,0x000000718e000000) (1024K)]
  0x00000205ff06f510 JavaThread "Unconstrained build operations Thread 3"        [_thread_blocked, id=3028, stack(0x000000718e000000,0x000000718e100000) (1024K)]
  0x00000205ff06e570 JavaThread "Unconstrained build operations Thread 4"        [_thread_blocked, id=13044, stack(0x000000718e100000,0x000000718e200000) (1024K)]
  0x00000205ff0723f0 JavaThread "Unconstrained build operations Thread 5"        [_thread_blocked, id=11308, stack(0x000000718e200000,0x000000718e300000) (1024K)]
  0x00000205ff06fce0 JavaThread "Unconstrained build operations Thread 6"        [_thread_blocked, id=16164, stack(0x000000718e300000,0x000000718e400000) (1024K)]
  0x00000205ff071450 JavaThread "Unconstrained build operations Thread 7"        [_thread_blocked, id=9292, stack(0x000000718e400000,0x000000718e500000) (1024K)]
  0x00000205ff0752d0 JavaThread "Unconstrained build operations Thread 8"        [_thread_blocked, id=8304, stack(0x000000718e500000,0x000000718e600000) (1024K)]
  0x00000205ff0779e0 JavaThread "Unconstrained build operations Thread 9"        [_thread_blocked, id=19572, stack(0x000000718e600000,0x000000718e700000) (1024K)]
  0x00000205ff0781b0 JavaThread "Unconstrained build operations Thread 10"        [_thread_blocked, id=19124, stack(0x000000718e700000,0x000000718e800000) (1024K)]
  0x00000205ff074b00 JavaThread "Unconstrained build operations Thread 11"        [_thread_blocked, id=19128, stack(0x000000718e800000,0x000000718e900000) (1024K)]
  0x00000205ff079150 JavaThread "Unconstrained build operations Thread 12"        [_thread_blocked, id=18528, stack(0x000000718e900000,0x000000718ea00000) (1024K)]
  0x00000205ff07b090 JavaThread "Unconstrained build operations Thread 13"        [_thread_blocked, id=1964, stack(0x000000718ea00000,0x000000718eb00000) (1024K)]
  0x00000205ff07a8c0 JavaThread "Unconstrained build operations Thread 14"        [_thread_blocked, id=18260, stack(0x000000718eb00000,0x000000718ec00000) (1024K)]
  0x00000205ff07cfd0 JavaThread "Unconstrained build operations Thread 15"        [_thread_blocked, id=20900, stack(0x000000718ec00000,0x000000718ed00000) (1024K)]
  0x00000205ff07e740 JavaThread "Unconstrained build operations Thread 16"        [_thread_blocked, id=7316, stack(0x000000718ed00000,0x000000718ee00000) (1024K)]
  0x00000205ff07ef10 JavaThread "Unconstrained build operations Thread 17"        [_thread_blocked, id=12476, stack(0x000000718ee00000,0x000000718ef00000) (1024K)]
  0x00000205ff07f6e0 JavaThread "Unconstrained build operations Thread 18"        [_thread_blocked, id=5460, stack(0x000000718ef00000,0x000000718f000000) (1024K)]
  0x00000205ff07d7a0 JavaThread "Unconstrained build operations Thread 19"        [_thread_blocked, id=20300, stack(0x000000718f000000,0x000000718f100000) (1024K)]
  0x00000205ff0825c0 JavaThread "Unconstrained build operations Thread 20"        [_thread_blocked, id=9788, stack(0x000000718f100000,0x000000718f200000) (1024K)]
  0x00000205feeec040 JavaThread "Unconstrained build operations Thread 21"        [_thread_blocked, id=10400, stack(0x000000718f200000,0x000000718f300000) (1024K)]
  0x00000205feee9930 JavaThread "Unconstrained build operations Thread 22"        [_thread_blocked, id=11580, stack(0x000000718f300000,0x000000718f400000) (1024K)]
  0x00000205feeec810 JavaThread "Unconstrained build operations Thread 23"        [_thread_blocked, id=16316, stack(0x000000718f400000,0x000000718f500000) (1024K)]
  0x00000205feeecfe0 JavaThread "Unconstrained build operations Thread 24"        [_thread_blocked, id=22916, stack(0x000000718f500000,0x000000718f600000) (1024K)]
  0x00000205feeee750 JavaThread "Unconstrained build operations Thread 25"        [_thread_blocked, id=12232, stack(0x000000718f600000,0x000000718f700000) (1024K)]
  0x00000205feef0690 JavaThread "Unconstrained build operations Thread 26"        [_thread_blocked, id=4172, stack(0x000000718f700000,0x000000718f800000) (1024K)]
  0x00000205feef0e60 JavaThread "Unconstrained build operations Thread 27"        [_thread_blocked, id=20168, stack(0x000000718f800000,0x000000718f900000) (1024K)]
  0x00000205feef1630 JavaThread "Unconstrained build operations Thread 28"        [_thread_blocked, id=3260, stack(0x000000718f900000,0x000000718fa00000) (1024K)]
  0x00000205feef25d0 JavaThread "Unconstrained build operations Thread 29"        [_thread_blocked, id=3208, stack(0x000000718fa00000,0x000000718fb00000) (1024K)]
  0x00000205feeef6f0 JavaThread "Unconstrained build operations Thread 30"        [_thread_blocked, id=10880, stack(0x000000718fb00000,0x000000718fc00000) (1024K)]
  0x00000205feef3570 JavaThread "build event listener"              [_thread_blocked, id=5836, stack(0x000000718fc00000,0x000000718fd00000) (1024K)]
  0x00000205feef73f0 JavaThread "included builds"                   [_thread_blocked, id=18012, stack(0x000000718fd00000,0x000000718fe00000) (1024K)]
  0x00000205feef6450 JavaThread "Execution worker"                  [_thread_blocked, id=7792, stack(0x000000718fe00000,0x000000718ff00000) (1024K)]
  0x00000205feef6c20 JavaThread "Execution worker Thread 2"         [_thread_blocked, id=12092, stack(0x000000718ff00000,0x0000007190000000) (1024K)]
  0x00000205feef9b00 JavaThread "Execution worker Thread 3"         [_thread_blocked, id=4620, stack(0x0000007190000000,0x0000007190100000) (1024K)]
  0x00000205feef9330 JavaThread "Execution worker Thread 4"         [_thread_blocked, id=8200, stack(0x0000007190100000,0x0000007190200000) (1024K)]
  0x00000205feefb270 JavaThread "Execution worker Thread 5"         [_thread_blocked, id=1680, stack(0x0000007190200000,0x0000007190300000) (1024K)]
  0x00000205feefaaa0 JavaThread "Execution worker Thread 6"         [_thread_blocked, id=13808, stack(0x0000007190300000,0x0000007190400000) (1024K)]
  0x00000205feefc9e0 JavaThread "Execution worker Thread 7"         [_thread_blocked, id=10280, stack(0x0000007190400000,0x0000007190500000) (1024K)]
  0x00000205feefd1b0 JavaThread "Execution worker Thread 8"         [_thread_blocked, id=6712, stack(0x0000007190500000,0x0000007190600000) (1024K)]
  0x00000205feeff0f0 JavaThread "Execution worker Thread 9"         [_thread_blocked, id=5656, stack(0x0000007190600000,0x0000007190700000) (1024K)]
  0x00000205feeff8c0 JavaThread "Execution worker Thread 10"        [_thread_blocked, id=8628, stack(0x0000007190700000,0x0000007190800000) (1024K)]
  0x00000205fef027a0 JavaThread "Execution worker Thread 11"        [_thread_blocked, id=1952, stack(0x0000007190800000,0x0000007190900000) (1024K)]
  0x00000205fef02f70 JavaThread "Execution worker Thread 12"        [_thread_blocked, id=13780, stack(0x0000007190900000,0x0000007190a00000) (1024K)]
  0x00000205fef00090 JavaThread "Execution worker Thread 13"        [_thread_blocked, id=22680, stack(0x0000007190a00000,0x0000007190b00000) (1024K)]
  0x00000205fef01030 JavaThread "Execution worker Thread 14"        [_thread_blocked, id=22624, stack(0x0000007190c00000,0x0000007190d00000) (1024K)]
  0x00000205fef05e50 JavaThread "Execution worker Thread 15"        [_thread_blocked, id=22436, stack(0x0000007190e00000,0x0000007190f00000) (1024K)]
  0x00000205fef075c0 JavaThread "Cache worker for execution history cache (C:\src\flutter\packages\flutter_tools\gradle\.gradle\9.3.1\executionHistory)"        [_thread_blocked, id=22492, stack(0x0000007191300000,0x0000007191400000) (1024K)]
  0x00000205fef07d90 JavaThread "Unconstrained build operations Thread 31"        [_thread_blocked, id=9300, stack(0x0000007191400000,0x0000007191500000) (1024K)]
  0x00000205fa08e490 JavaThread "Unconstrained build operations Thread 32"        [_thread_blocked, id=21532, stack(0x0000007191500000,0x0000007191600000) (1024K)]
  0x00000205fa08f430 JavaThread "Unconstrained build operations Thread 33"        [_thread_blocked, id=22520, stack(0x0000007191600000,0x0000007191700000) (1024K)]
  0x00000205fa08ec60 JavaThread "Unconstrained build operations Thread 34"        [_thread_blocked, id=11208, stack(0x0000007191700000,0x0000007191800000) (1024K)]
  0x00000205fa091370 JavaThread "Unconstrained build operations Thread 35"        [_thread_blocked, id=3408, stack(0x0000007191800000,0x0000007191900000) (1024K)]
  0x00000205fa091b40 JavaThread "Unconstrained build operations Thread 36"        [_thread_blocked, id=3700, stack(0x0000007191900000,0x0000007191a00000) (1024K)]
  0x00000205fa0932b0 JavaThread "Unconstrained build operations Thread 37"        [_thread_blocked, id=10416, stack(0x0000007191a00000,0x0000007191b00000) (1024K)]
  0x00000205fa094a20 JavaThread "Unconstrained build operations Thread 38"        [_thread_blocked, id=23300, stack(0x0000007191b00000,0x0000007191c00000) (1024K)]
  0x00000205fa0951f0 JavaThread "Unconstrained build operations Thread 39"        [_thread_blocked, id=10776, stack(0x0000007191c00000,0x0000007191d00000) (1024K)]
  0x00000205fa096960 JavaThread "Unconstrained build operations Thread 40"        [_thread_blocked, id=14072, stack(0x0000007191d00000,0x0000007191e00000) (1024K)]
  0x00000205fa097900 JavaThread "Unconstrained build operations Thread 41"        [_thread_blocked, id=22512, stack(0x0000007191e00000,0x0000007191f00000) (1024K)]
  0x00000205fa096190 JavaThread "Unconstrained build operations Thread 42"        [_thread_blocked, id=11488, stack(0x0000007191f00000,0x0000007192000000) (1024K)]
  0x00000205fa09b780 JavaThread "Unconstrained build operations Thread 43"        [_thread_blocked, id=22736, stack(0x0000007192000000,0x0000007192100000) (1024K)]
  0x00000205fa0988a0 JavaThread "Unconstrained build operations Thread 44"        [_thread_blocked, id=12568, stack(0x0000007192100000,0x0000007192200000) (1024K)]
  0x00000205fa09d6c0 JavaThread "Unconstrained build operations Thread 45"        [_thread_blocked, id=9404, stack(0x0000007192200000,0x0000007192300000) (1024K)]
  0x00000205fa09f600 JavaThread "Unconstrained build operations Thread 46"        [_thread_blocked, id=20664, stack(0x0000007192300000,0x0000007192400000) (1024K)]
  0x00000205fa09fdd0 JavaThread "Unconstrained build operations Thread 47"        [_thread_blocked, id=7372, stack(0x0000007192400000,0x0000007192500000) (1024K)]
  0x00000205fa09c720 JavaThread "Unconstrained build operations Thread 48"        [_thread_blocked, id=10428, stack(0x0000007192500000,0x0000007192600000) (1024K)]
  0x00000205fa0a0d70 JavaThread "Unconstrained build operations Thread 49"        [_thread_blocked, id=13180, stack(0x0000007192600000,0x0000007192700000) (1024K)]
  0x00000205fa0a3c50 JavaThread "Unconstrained build operations Thread 50"        [_thread_blocked, id=22800, stack(0x0000007192700000,0x0000007192800000) (1024K)]
  0x00000205fa0a24e0 JavaThread "Unconstrained build operations Thread 51"        [_thread_blocked, id=22500, stack(0x0000007192800000,0x0000007192900000) (1024K)]
  0x00000205fa0a4bf0 JavaThread "Unconstrained build operations Thread 52"        [_thread_blocked, id=3732, stack(0x0000007192900000,0x0000007192a00000) (1024K)]
  0x00000205fa0a3480 JavaThread "Unconstrained build operations Thread 53"        [_thread_blocked, id=15644, stack(0x0000007192a00000,0x0000007192b00000) (1024K)]
  0x00000205fa0a7300 JavaThread "Unconstrained build operations Thread 54"        [_thread_blocked, id=11408, stack(0x0000007192b00000,0x0000007192c00000) (1024K)]
  0x00000205fa0a9240 JavaThread "Unconstrained build operations Thread 55"        [_thread_blocked, id=23580, stack(0x0000007192c00000,0x0000007192d00000) (1024K)]
  0x00000205fa0a8a70 JavaThread "Unconstrained build operations Thread 56"        [_thread_blocked, id=3600, stack(0x0000007192d00000,0x0000007192e00000) (1024K)]
  0x00000205fa0a9a10 JavaThread "Unconstrained build operations Thread 57"        [_thread_blocked, id=23576, stack(0x0000007192e00000,0x0000007192f00000) (1024K)]
  0x00000205fa0aa1e0 JavaThread "Unconstrained build operations Thread 58"        [_thread_blocked, id=22816, stack(0x0000007192f00000,0x0000007193000000) (1024K)]
  0x00000205fa0ac120 JavaThread "Unconstrained build operations Thread 59"        [_thread_blocked, id=23592, stack(0x0000007193000000,0x0000007193100000) (1024K)]
  0x00000205fb737cd0 JavaThread "Unconstrained build operations Thread 60"        [_thread_blocked, id=23560, stack(0x0000007193100000,0x0000007193200000) (1024K)]
  0x00000205fb71c750 JavaThread "Unconstrained build operations Thread 61"        [_thread_blocked, id=23564, stack(0x0000007193200000,0x0000007193300000) (1024K)]
  0x00000205fb71b7b0 JavaThread "Unconstrained build operations Thread 62"        [_thread_blocked, id=23584, stack(0x0000007193300000,0x0000007193400000) (1024K)]
  0x00000205fb71afe0 JavaThread "Unconstrained build operations Thread 63"        [_thread_blocked, id=23568, stack(0x0000007193600000,0x0000007193700000) (1024K)]
  0x00000205fb7190a0 JavaThread "Unconstrained build operations Thread 64"        [_thread_blocked, id=23588, stack(0x0000007193700000,0x0000007193800000) (1024K)]
  0x00000205fb71dec0 JavaThread "Unconstrained build operations Thread 65"        [_thread_blocked, id=22432, stack(0x0000007193800000,0x0000007193900000) (1024K)]
  0x00000205fb71f630 JavaThread "Unconstrained build operations Thread 66"        [_thread_blocked, id=12536, stack(0x0000007193900000,0x0000007193a00000) (1024K)]
  0x00000205fb71cf20 JavaThread "Unconstrained build operations Thread 67"        [_thread_blocked, id=23572, stack(0x0000007193a00000,0x0000007193b00000) (1024K)]
  0x00000205fb71ee60 JavaThread "Unconstrained build operations Thread 68"        [_thread_blocked, id=23556, stack(0x0000007193b00000,0x0000007193c00000) (1024K)]
  0x00000205fb72a210 JavaThread "Unconstrained build operations Thread 69"        [_thread_blocked, id=7948, stack(0x0000007193c00000,0x0000007193d00000) (1024K)]
  0x00000205fb72b980 JavaThread "Unconstrained build operations Thread 70"        [_thread_blocked, id=11652, stack(0x0000007193d00000,0x0000007193e00000) (1024K)]
  0x00000205fb7282d0 JavaThread "Unconstrained build operations Thread 71"        [_thread_blocked, id=24376, stack(0x0000007193e00000,0x0000007193f00000) (1024K)]
  0x00000205fb72e860 JavaThread "Unconstrained build operations Thread 72"        [_thread_blocked, id=24380, stack(0x0000007193f00000,0x0000007194000000) (1024K)]
  0x00000205fb72c150 JavaThread "Unconstrained build operations Thread 73"        [_thread_blocked, id=24360, stack(0x0000007194000000,0x0000007194100000) (1024K)]
  0x00000205fb7307a0 JavaThread "Unconstrained build operations Thread 74"        [_thread_blocked, id=24368, stack(0x0000007194100000,0x0000007194200000) (1024K)]
  0x00000205fb730f70 JavaThread "Unconstrained build operations Thread 75"        [_thread_blocked, id=24352, stack(0x0000007194200000,0x0000007194300000) (1024K)]
  0x00000205fb733680 JavaThread "Unconstrained build operations Thread 76"        [_thread_blocked, id=24172, stack(0x0000007194400000,0x0000007194500000) (1024K)]
  0x00000205fb72ffd0 JavaThread "Unconstrained build operations Thread 77"        [_thread_blocked, id=24168, stack(0x0000007194500000,0x0000007194600000) (1024K)]
  0x00000205fb735d90 JavaThread "Unconstrained build operations Thread 78"        [_thread_blocked, id=24164, stack(0x0000007194600000,0x0000007194700000) (1024K)]
  0x00000205fb733e50 JavaThread "Unconstrained build operations Thread 79"        [_thread_blocked, id=24132, stack(0x0000007194700000,0x0000007194800000) (1024K)]
  0x00000205fb734620 JavaThread "Unconstrained build operations Thread 80"        [_thread_blocked, id=21856, stack(0x0000007194800000,0x0000007194900000) (1024K)]
  0x00000205f9fb70d0 JavaThread "Unconstrained build operations Thread 81"        [_thread_blocked, id=12260, stack(0x0000007194900000,0x0000007194a00000) (1024K)]
  0x00000205f9fb6130 JavaThread "Unconstrained build operations Thread 82"        [_thread_blocked, id=24148, stack(0x0000007194a00000,0x0000007194b00000) (1024K)]
  0x00000205f9fb9010 JavaThread "Unconstrained build operations Thread 83"        [_thread_blocked, id=24144, stack(0x0000007194b00000,0x0000007194c00000) (1024K)]
  0x00000205f9fb5960 JavaThread "Unconstrained build operations Thread 84"        [_thread_blocked, id=24324, stack(0x0000007194c00000,0x0000007194d00000) (1024K)]
  0x00000205f9fb9fb0 JavaThread "Unconstrained build operations Thread 85"        [_thread_blocked, id=24316, stack(0x0000007195600000,0x0000007195700000) (1024K)]
  0x00000205f9fbb720 JavaThread "Unconstrained build operations Thread 86"        [_thread_blocked, id=24300, stack(0x0000007195700000,0x0000007195800000) (1024K)]
  0x00000205f9fbce90 JavaThread "Unconstrained build operations Thread 87"        [_thread_blocked, id=24332, stack(0x0000007195800000,0x0000007195900000) (1024K)]
  0x00000205f9fbc6c0 JavaThread "Unconstrained build operations Thread 88"        [_thread_blocked, id=24320, stack(0x0000007195900000,0x0000007195a00000) (1024K)]
  0x00000205f9fbaf50 JavaThread "Unconstrained build operations Thread 89"        [_thread_blocked, id=24356, stack(0x0000007195a00000,0x0000007195b00000) (1024K)]
  0x00000205f9fbedd0 JavaThread "Unconstrained build operations Thread 90"        [_thread_blocked, id=24160, stack(0x0000007195b00000,0x0000007195c00000) (1024K)]
Total: 186

Other Threads:
=>0x00000205effc76d0 VMThread "VM Thread"                           [id=22900, stack(0x0000007189b00000,0x0000007189c00000) (1024K)]
  0x00000205effb8850 WatcherThread "VM Periodic Task Thread"        [id=22896, stack(0x0000007189a00000,0x0000007189b00000) (1024K)]
  0x00000205dc9bd320 WorkerThread "GC Thread#0"                     [id=18932, stack(0x0000007189500000,0x0000007189600000) (1024K)]
  0x00000205f82a7530 WorkerThread "GC Thread#1"                     [id=18596, stack(0x000000718ae00000,0x000000718af00000) (1024K)]
  0x00000205f82a7960 WorkerThread "GC Thread#2"                     [id=15912, stack(0x000000718af00000,0x000000718b000000) (1024K)]
  0x00000205f82a7d90 WorkerThread "GC Thread#3"                     [id=13504, stack(0x000000718b000000,0x000000718b100000) (1024K)]
  0x00000205f82a81c0 WorkerThread "GC Thread#4"                     [id=14756, stack(0x000000718b100000,0x000000718b200000) (1024K)]
  0x00000205f8c07800 WorkerThread "GC Thread#5"                     [id=21912, stack(0x000000718bc00000,0x000000718bd00000) (1024K)]
  0x00000205f8c07c50 WorkerThread "GC Thread#6"                     [id=5128, stack(0x000000718bd00000,0x000000718be00000) (1024K)]
  0x00000205f8c05e20 WorkerThread "GC Thread#7"                     [id=8348, stack(0x000000718be00000,0x000000718bf00000) (1024K)]
  0x00000205f8c06b10 WorkerThread "GC Thread#8"                     [id=21940, stack(0x000000718bf00000,0x000000718c000000) (1024K)]
  0x00000205f8c06f60 WorkerThread "GC Thread#9"                     [id=22344, stack(0x000000718c000000,0x000000718c100000) (1024K)]
  0x00000205f8c04890 WorkerThread "GC Thread#10"                    [id=22120, stack(0x000000718c100000,0x000000718c200000) (1024K)]
  0x00000205f8c05580 WorkerThread "GC Thread#11"                    [id=19868, stack(0x000000718c200000,0x000000718c300000) (1024K)]
  0x00000205f9087630 WorkerThread "GC Thread#12"                    [id=19056, stack(0x000000718c300000,0x000000718c400000) (1024K)]
  0x00000205dc9ce450 ConcurrentGCThread "G1 Main Marker"            [id=5312, stack(0x0000007189600000,0x0000007189700000) (1024K)]
  0x00000205efe197f0 WorkerThread "G1 Conc#0"                       [id=23072, stack(0x0000007189700000,0x0000007189800000) (1024K)]
  0x00000205f9084f60 WorkerThread "G1 Conc#1"                       [id=21688, stack(0x000000718c700000,0x000000718c800000) (1024K)]
  0x00000205f9086940 WorkerThread "G1 Conc#2"                       [id=23008, stack(0x000000718c800000,0x000000718c900000) (1024K)]
  0x00000205efe83180 ConcurrentGCThread "G1 Refine#0"               [id=22948, stack(0x0000007189800000,0x0000007189900000) (1024K)]
  0x00000205efe83790 ConcurrentGCThread "G1 Service"                [id=23120, stack(0x0000007189900000,0x0000007189a00000) (1024K)]
Total: 21

Threads with active compile tasks:
C2 CompilerThread0  52107 22956       4       com.google.common.collect.SingletonImmutableBiMap::inverse (45 bytes)
C2 CompilerThread1  52107 22955   !   4       org.gradle.api.internal.artifacts.ivyservice.ResolvedArtifactCollectingVisitor::visitArtifact (85 bytes)
C2 CompilerThread2  52107 22849   !   4       org.gradle.api.internal.artifacts.ivyservice.resolveengine.artifact.VariantResolvingArtifactSet::select (178 bytes)
Total: 3

VM state: at safepoint (normal execution)

VM Mutex/Monitor currently owned by a thread:  ([mutex/lock_event])
[0x00007ffe3a1694e8] Threads_lock - owner thread: 0x00000205effc76d0
[0x00007ffe3a169668] Heap_lock - owner thread: 0x00000205f8dd97b0

Heap address: 0x0000000600000000, size: 8192 MB, Compressed Oops mode: Zero based, Oop shift amount: 3

CDS archive(s) mapped at: [0x000000008d000000-0x000000008ddd0000-0x000000008ddd0000), size 14483456, SharedBaseAddress: 0x000000008d000000, ArchiveRelocationMode: 1.
Compressed class space mapped at: 0x000000008e000000-0x00000000ce000000, reserved size: 1073741824
UseCompressedClassPointers 1, UseCompactObjectHeaders 0
Narrow klass pointer bits 32, Max shift 3
Narrow klass base: 0x000000008d000000, Narrow klass shift: 0
Encoding Range: [0x000000008d000000 - 0x000000018d000000), (4294967296 bytes)
Klass Range:    [0x000000008d010000 - 0x00000000ce000000), (1090453504 bytes)
Klass ID Range:  [65536 - 1090519033) (1090453497)
Protection zone: [0x000000008d000000 - 0x000000008d010000), (65536 bytes)

GC Precious Log:
 CardTable entry size: 512
 Card Set container configuration: InlinePtr #cards 4 size 8 Array Of Cards #cards 32 size 80 Howl #buckets 8 coarsen threshold 7372 Howl Bitmap #cards 1024 size 144 coarsen threshold 921 Card regions per heap region 1 cards per card region 8192
 CPUs: 16 total, 16 available
 Memory: 14173M
 Large Page Support: Disabled
 NUMA Support: Disabled
 Compressed Oops: Enabled (Zero based)
 Heap Region Size: 4M
 Heap Min Capacity: 8M
 Heap Initial Capacity: 224M
 Heap Max Capacity: 8G
 Pre-touch: Disabled
 Parallel Workers: 13
 Concurrent Workers: 3
 Concurrent Refinement Workers: 13
 Periodic GC: Disabled

Heap:
 garbage-first heap   total reserved 8388608K, committed 376832K, used 204755K [0x0000000600000000, 0x0000000800000000)
  region size 4096K, 5 young (20480K), 5 survivors (20480K)

Heap Regions: E=young(eden), S=young(survivor), O=old, HS=humongous(starts), HC=humongous(continues), CS=collection set, F=free, TAMS=top-at-mark-start, PB=parsable bottom
|   0|0x0000000600000000, 0x0000000600400000, 0x0000000600400000|100%|HS|  |TAMS 0x0000000600000000| PB 0x0000000600000000| Complete |  0
|   1|0x0000000600400000, 0x0000000600800000, 0x0000000600800000|100%| O|  |TAMS 0x0000000600400000| PB 0x0000000600400000| Untracked |  0
|   2|0x0000000600800000, 0x0000000600c00000, 0x0000000600c00000|100%| O|  |TAMS 0x0000000600800000| PB 0x0000000600800000| Untracked |  0
|   3|0x0000000600c00000, 0x0000000601000000, 0x0000000601000000|100%| O|  |TAMS 0x0000000600c00000| PB 0x0000000600c00000| Untracked |  0
|   4|0x0000000601000000, 0x0000000601400000, 0x0000000601400000|100%| O|  |TAMS 0x0000000601000000| PB 0x0000000601000000| Untracked |  0
|   5|0x0000000601400000, 0x0000000601800000, 0x0000000601800000|100%| O|  |TAMS 0x0000000601400000| PB 0x0000000601400000| Untracked |  0
|   6|0x0000000601800000, 0x0000000601c00000, 0x0000000601c00000|100%| O|  |TAMS 0x0000000601800000| PB 0x0000000601800000| Untracked |  0
|   7|0x0000000601c00000, 0x0000000602000000, 0x0000000602000000|100%| O|  |TAMS 0x0000000601c00000| PB 0x0000000601c00000| Untracked |  0
|   8|0x0000000602000000, 0x0000000602000000, 0x0000000602400000|  0%| F|  |TAMS 0x0000000602000000| PB 0x0000000602000000| Untracked |  0
|   9|0x0000000602400000, 0x0000000602800000, 0x0000000602800000|100%| O|  |TAMS 0x0000000602400000| PB 0x0000000602400000| Untracked |  0
|  10|0x0000000602800000, 0x0000000602c00000, 0x0000000602c00000|100%| O|  |TAMS 0x0000000602800000| PB 0x0000000602800000| Untracked |  0
|  11|0x0000000602c00000, 0x0000000603000000, 0x0000000603000000|100%| O|  |TAMS 0x0000000602c00000| PB 0x0000000602c00000| Untracked |  0
|  12|0x0000000603000000, 0x0000000603400000, 0x0000000603400000|100%| O|  |TAMS 0x0000000603000000| PB 0x0000000603000000| Untracked |  0
|  13|0x0000000603400000, 0x0000000603800000, 0x0000000603800000|100%| O|  |TAMS 0x0000000603400000| PB 0x0000000603400000| Untracked |  0
|  14|0x0000000603800000, 0x0000000603c00000, 0x0000000603c00000|100%| O|  |TAMS 0x0000000603800000| PB 0x0000000603800000| Untracked |  0
|  15|0x0000000603c00000, 0x0000000604000000, 0x0000000604000000|100%| O|  |TAMS 0x0000000603c00000| PB 0x0000000603c00000| Untracked |  0
|  16|0x0000000604000000, 0x0000000604400000, 0x0000000604400000|100%| O|  |TAMS 0x0000000604000000| PB 0x0000000604000000| Untracked |  0
|  17|0x0000000604400000, 0x0000000604800000, 0x0000000604800000|100%| O|  |TAMS 0x0000000604400000| PB 0x0000000604400000| Untracked |  0
|  18|0x0000000604800000, 0x0000000604800000, 0x0000000604c00000|  0%| F|  |TAMS 0x0000000604800000| PB 0x0000000604800000| Untracked |  0
|  19|0x0000000604c00000, 0x0000000604c00000, 0x0000000605000000|  0%| F|  |TAMS 0x0000000604c00000| PB 0x0000000604c00000| Untracked |  0
|  20|0x0000000605000000, 0x0000000605400000, 0x0000000605400000|100%| O|  |TAMS 0x0000000605000000| PB 0x0000000605000000| Untracked |  0
|  21|0x0000000605400000, 0x0000000605800000, 0x0000000605800000|100%| O|  |TAMS 0x0000000605400000| PB 0x0000000605400000| Untracked |  0
|  22|0x0000000605800000, 0x0000000605c00000, 0x0000000605c00000|100%| O|  |TAMS 0x0000000605800000| PB 0x0000000605800000| Untracked |  0
|  23|0x0000000605c00000, 0x0000000606000000, 0x0000000606000000|100%| O|  |TAMS 0x0000000605c00000| PB 0x0000000605c00000| Untracked |  0
|  24|0x0000000606000000, 0x0000000606000000, 0x0000000606400000|  0%| F|  |TAMS 0x0000000606000000| PB 0x0000000606000000| Untracked |  0
|  25|0x0000000606400000, 0x0000000606800000, 0x0000000606800000|100%| O|  |TAMS 0x0000000606400000| PB 0x0000000606400000| Untracked |  0
|  26|0x0000000606800000, 0x0000000606c00000, 0x0000000606c00000|100%| O|  |TAMS 0x0000000606800000| PB 0x0000000606800000| Untracked |  0
|  27|0x0000000606c00000, 0x0000000606c00000, 0x0000000607000000|  0%| F|  |TAMS 0x0000000606c00000| PB 0x0000000606c00000| Untracked |  0
|  28|0x0000000607000000, 0x0000000607400000, 0x0000000607400000|100%| O|  |TAMS 0x0000000607000000| PB 0x0000000607000000| Untracked |  0
|  29|0x0000000607400000, 0x0000000607713298, 0x0000000607800000| 76%| O|  |TAMS 0x0000000607400000| PB 0x0000000607400000| Untracked |  0
|  30|0x0000000607800000, 0x0000000607c00000, 0x0000000607c00000|100%| O|  |TAMS 0x0000000607800000| PB 0x0000000607800000| Untracked |  0
|  31|0x0000000607c00000, 0x0000000608000000, 0x0000000608000000|100%| O|  |TAMS 0x0000000607c00000| PB 0x0000000607c00000| Untracked |  0
|  32|0x0000000608000000, 0x0000000608000000, 0x0000000608400000|  0%| F|  |TAMS 0x0000000608000000| PB 0x0000000608000000| Untracked |  0
|  33|0x0000000608400000, 0x0000000608400000, 0x0000000608800000|  0%| F|  |TAMS 0x0000000608400000| PB 0x0000000608400000| Untracked |  0
|  34|0x0000000608800000, 0x0000000608800000, 0x0000000608c00000|  0%| F|  |TAMS 0x0000000608800000| PB 0x0000000608800000| Untracked |  0
|  35|0x0000000608c00000, 0x0000000609000000, 0x0000000609000000|100%| O|  |TAMS 0x0000000608c00000| PB 0x0000000608c00000| Untracked |  0
|  36|0x0000000609000000, 0x0000000609400000, 0x0000000609400000|100%| O|  |TAMS 0x0000000609000000| PB 0x0000000609000000| Untracked |  0
|  37|0x0000000609400000, 0x00000006094e1b70, 0x0000000609800000| 22%| S|CS|TAMS 0x0000000609400000| PB 0x0000000609400000| Complete |  0
|  38|0x0000000609800000, 0x0000000609c00000, 0x0000000609c00000|100%| S|CS|TAMS 0x0000000609800000| PB 0x0000000609800000| Complete |  0
|  39|0x0000000609c00000, 0x000000060a000000, 0x000000060a000000|100%| S|CS|TAMS 0x0000000609c00000| PB 0x0000000609c00000| Complete |  0
|  40|0x000000060a000000, 0x000000060a400000, 0x000000060a400000|100%| S|CS|TAMS 0x000000060a000000| PB 0x000000060a000000| Complete |  0
|  41|0x000000060a400000, 0x000000060a800000, 0x000000060a800000|100%| S|CS|TAMS 0x000000060a400000| PB 0x000000060a400000| Complete |  0
|  42|0x000000060a800000, 0x000000060a800000, 0x000000060ac00000|  0%| F|  |TAMS 0x000000060a800000| PB 0x000000060a800000| Untracked |  0
|  43|0x000000060ac00000, 0x000000060ac00000, 0x000000060b000000|  0%| F|  |TAMS 0x000000060ac00000| PB 0x000000060ac00000| Untracked |  0
|  44|0x000000060b000000, 0x000000060b400000, 0x000000060b400000|100%| O|  |TAMS 0x000000060b000000| PB 0x000000060b000000| Untracked |  0
|  45|0x000000060b400000, 0x000000060b800000, 0x000000060b800000|100%| O|  |TAMS 0x000000060b400000| PB 0x000000060b400000| Untracked |  0
|  46|0x000000060b800000, 0x000000060bc00000, 0x000000060bc00000|100%| O|  |TAMS 0x000000060b800000| PB 0x000000060b800000| Untracked |  0
|  47|0x000000060bc00000, 0x000000060c000000, 0x000000060c000000|100%| O|  |TAMS 0x000000060bc00000| PB 0x000000060bc00000| Untracked |  0
|  48|0x000000060c000000, 0x000000060c400000, 0x000000060c400000|100%| O|  |TAMS 0x000000060c000000| PB 0x000000060c000000| Untracked |  0
|  49|0x000000060c400000, 0x000000060c800000, 0x000000060c800000|100%| O|  |TAMS 0x000000060c400000| PB 0x000000060c400000| Untracked |  0
|  50|0x000000060c800000, 0x000000060cc00000, 0x000000060cc00000|100%| O|  |TAMS 0x000000060c800000| PB 0x000000060c800000| Untracked |  0
|  51|0x000000060cc00000, 0x000000060d000000, 0x000000060d000000|100%| O|  |TAMS 0x000000060cc00000| PB 0x000000060cc00000| Untracked |  0
|  52|0x000000060d000000, 0x000000060d000000, 0x000000060d400000|  0%| F|  |TAMS 0x000000060d000000| PB 0x000000060d000000| Untracked |  0
|  53|0x000000060d400000, 0x000000060d400000, 0x000000060d800000|  0%| F|  |TAMS 0x000000060d400000| PB 0x000000060d400000| Untracked |  0
|  54|0x000000060d800000, 0x000000060d800000, 0x000000060dc00000|  0%| F|  |TAMS 0x000000060d800000| PB 0x000000060d800000| Untracked |  0
|  55|0x000000060dc00000, 0x000000060dc00000, 0x000000060e000000|  0%| F|  |TAMS 0x000000060dc00000| PB 0x000000060dc00000| Untracked |  0
|  56|0x000000060e000000, 0x000000060e000000, 0x000000060e400000|  0%| F|  |TAMS 0x000000060e000000| PB 0x000000060e000000| Untracked |  0
|  57|0x000000060e400000, 0x000000060e400000, 0x000000060e800000|  0%| F|  |TAMS 0x000000060e400000| PB 0x000000060e400000| Untracked |  0
|  58|0x000000060e800000, 0x000000060e800000, 0x000000060ec00000|  0%| F|  |TAMS 0x000000060e800000| PB 0x000000060e800000| Untracked |  0
|  59|0x000000060ec00000, 0x000000060ec00000, 0x000000060f000000|  0%| F|  |TAMS 0x000000060ec00000| PB 0x000000060ec00000| Untracked |  0
|  60|0x000000060f000000, 0x000000060f000000, 0x000000060f400000|  0%| F|  |TAMS 0x000000060f000000| PB 0x000000060f000000| Untracked |  0
|  61|0x000000060f400000, 0x000000060f400000, 0x000000060f800000|  0%| F|  |TAMS 0x000000060f400000| PB 0x000000060f400000| Untracked |  0
|  62|0x000000060f800000, 0x000000060f800000, 0x000000060fc00000|  0%| F|  |TAMS 0x000000060f800000| PB 0x000000060f800000| Untracked |  0
|  63|0x000000060fc00000, 0x000000060fc00000, 0x0000000610000000|  0%| F|  |TAMS 0x000000060fc00000| PB 0x000000060fc00000| Untracked |  0
|  64|0x0000000610000000, 0x0000000610000000, 0x0000000610400000|  0%| F|  |TAMS 0x0000000610000000| PB 0x0000000610000000| Untracked |  0
|  65|0x0000000610400000, 0x0000000610400000, 0x0000000610800000|  0%| F|  |TAMS 0x0000000610400000| PB 0x0000000610400000| Untracked |  0
|  66|0x0000000610800000, 0x0000000610800000, 0x0000000610c00000|  0%| F|  |TAMS 0x0000000610800000| PB 0x0000000610800000| Untracked |  0
|  67|0x0000000610c00000, 0x0000000610c00000, 0x0000000611000000|  0%| F|  |TAMS 0x0000000610c00000| PB 0x0000000610c00000| Untracked |  0
|  68|0x0000000611000000, 0x0000000611000000, 0x0000000611400000|  0%| F|  |TAMS 0x0000000611000000| PB 0x0000000611000000| Untracked |  0
|  69|0x0000000611400000, 0x0000000611400000, 0x0000000611800000|  0%| F|  |TAMS 0x0000000611400000| PB 0x0000000611400000| Untracked |  0
|  70|0x0000000611800000, 0x0000000611800000, 0x0000000611c00000|  0%| F|  |TAMS 0x0000000611800000| PB 0x0000000611800000| Untracked |  0
|  71|0x0000000611c00000, 0x0000000611c00000, 0x0000000612000000|  0%| F|  |TAMS 0x0000000611c00000| PB 0x0000000611c00000| Untracked |  0
|  72|0x0000000612000000, 0x0000000612000000, 0x0000000612400000|  0%| F|  |TAMS 0x0000000612000000| PB 0x0000000612000000| Untracked |  0
|  73|0x0000000612400000, 0x0000000612400000, 0x0000000612800000|  0%| F|  |TAMS 0x0000000612400000| PB 0x0000000612400000| Untracked |  0
|  74|0x0000000612800000, 0x0000000612800000, 0x0000000612c00000|  0%| F|  |TAMS 0x0000000612800000| PB 0x0000000612800000| Untracked |  0
|  75|0x0000000612c00000, 0x0000000612c00000, 0x0000000613000000|  0%| F|  |TAMS 0x0000000612c00000| PB 0x0000000612c00000| Untracked |  0
|  76|0x0000000613000000, 0x0000000613000000, 0x0000000613400000|  0%| F|  |TAMS 0x0000000613000000| PB 0x0000000613000000| Untracked |  0
|  77|0x0000000613400000, 0x0000000613400000, 0x0000000613800000|  0%| F|  |TAMS 0x0000000613400000| PB 0x0000000613400000| Untracked |  0
|  78|0x0000000613800000, 0x0000000613800000, 0x0000000613c00000|  0%| F|  |TAMS 0x0000000613800000| PB 0x0000000613800000| Untracked |  0
|  79|0x0000000613c00000, 0x0000000613c00000, 0x0000000614000000|  0%| F|  |TAMS 0x0000000613c00000| PB 0x0000000613c00000| Untracked |  0
|  80|0x0000000614000000, 0x0000000614000000, 0x0000000614400000|  0%| F|  |TAMS 0x0000000614000000| PB 0x0000000614000000| Untracked |  0
|2037|0x00000007fd400000, 0x00000007fd800000, 0x00000007fd800000|100%| O|  |TAMS 0x00000007fd400000| PB 0x00000007fd400000| Untracked |  0
|2038|0x00000007fd800000, 0x00000007fdc00000, 0x00000007fdc00000|100%| O|  |TAMS 0x00000007fd800000| PB 0x00000007fd800000| Untracked |  0
|2039|0x00000007fdc00000, 0x00000007fe000000, 0x00000007fe000000|100%| O|  |TAMS 0x00000007fdc00000| PB 0x00000007fdc00000| Untracked |  0
|2040|0x00000007fe000000, 0x00000007fe000000, 0x00000007fe400000|  0%| F|  |TAMS 0x00000007fe000000| PB 0x00000007fe000000| Untracked |  0
|2041|0x00000007fe400000, 0x00000007fe800000, 0x00000007fe800000|100%| O|  |TAMS 0x00000007fe400000| PB 0x00000007fe400000| Untracked |  0
|2042|0x00000007fe800000, 0x00000007fec00000, 0x00000007fec00000|100%| O|  |TAMS 0x00000007fe800000| PB 0x00000007fe800000| Untracked |  0
|2043|0x00000007fec00000, 0x00000007ff000000, 0x00000007ff000000|100%| O|  |TAMS 0x00000007fec00000| PB 0x00000007fec00000| Untracked |  0
|2044|0x00000007ff000000, 0x00000007ff400000, 0x00000007ff400000|100%| O|  |TAMS 0x00000007ff000000| PB 0x00000007ff000000| Untracked |  0
|2045|0x00000007ff400000, 0x00000007ff800000, 0x00000007ff800000|100%| O|  |TAMS 0x00000007ff400000| PB 0x00000007ff400000| Untracked |  0
|2046|0x00000007ff800000, 0x00000007ffc00000, 0x00000007ffc00000|100%| O|  |TAMS 0x00000007ff800000| PB 0x00000007ff800000| Untracked |  0
|2047|0x00000007ffc00000, 0x00000007ffc00000, 0x0000000800000000|  0%| F|  |TAMS 0x00000007ffc00000| PB 0x00000007ffc00000| Untracked |  0

Card table byte_map: [0x00000205e6d40000,0x00000205e7d40000] _byte_map_base: 0x00000205e3d40000

Marking Bits: (CMBitMap*) 0x00000205dc9bdab0
 Bits: [0x00000205e7d40000, 0x00000205efd40000)

Polling page: 0x00000205da730000

Metaspace:
Metaspace        used 132047K, committed 134784K, reserved 1179648K
 class space     used 14576K, committed 15872K, reserved 1048576K

Usage:
  Non-class:    114.72 MB used.
      Class:     14.23 MB used.
       Both:    128.95 MB used.

Virtual space:
  Non-class space:      128.00 MB reserved,     116.12 MB ( 91%) committed,  2 nodes.
      Class space:        1.00 GB reserved,      15.50 MB (  2%) committed,  1 nodes.
             Both:        1.12 GB reserved,     131.62 MB ( 11%) committed. 

Chunk freelists:
   Non-Class:  11.62 MB
       Class:  323.00 KB
        Both:  11.94 MB

MaxMetaspaceSize: 4.00 GB
CompressedClassSpaceSize: 1.00 GB
Initial GC threshold: 21.00 MB
Current GC threshold: 218.44 MB
CDS: on
 - commit_granule_bytes: 65536.
 - commit_granule_words: 8192.
 - virtual_space_node_default_size: 8388608.
 - enlarge_chunks_in_place: 1.
UseCompressedClassPointers 1, UseCompactObjectHeaders 0
Narrow klass pointer bits 32, Max shift 3
Narrow klass base: 0x000000008d000000, Narrow klass shift: 0
Encoding Range: [0x000000008d000000 - 0x000000018d000000), (4294967296 bytes)
Klass Range:    [0x000000008d010000 - 0x00000000ce000000), (1090453504 bytes)
Klass ID Range:  [65536 - 1090519033) (1090453497)
Protection zone: [0x000000008d000000 - 0x000000008d010000), (65536 bytes)


Internal statistics:

num_allocs_failed_limit: 12.
num_arena_births: 4738.
num_arena_deaths: 52.
num_vsnodes_births: 3.
num_vsnodes_deaths: 0.
num_space_committed: 2104.
num_space_uncommitted: 0.
num_chunks_returned_to_freelist: 64.
num_chunks_taken_from_freelist: 10633.
num_chunk_merges: 21.
num_chunk_splits: 7171.
num_chunks_enlarged: 4829.
num_inconsistent_stats: 0.

CodeHeap 'non-profiled nmethods': size=258496Kb used=10099Kb max_used=10099Kb free=248396Kb
 bounds [0x0000020590390000, 0x0000020590d70000, 0x00000205a0000000]
CodeHeap 'profiled nmethods': size=258368Kb used=29418Kb max_used=29418Kb free=228949Kb
 bounds [0x0000020580000000, 0x0000020581cc0000, 0x000002058fc50000]
CodeHeap 'non-nmethods': size=7424Kb used=3838Kb max_used=3993Kb free=3585Kb
 bounds [0x000002058fc50000, 0x0000020590050000, 0x0000020590390000]
CodeCache: size=524288Kb, used=43355Kb, max_used=43510Kb, free=480930Kb
 total_blobs=20565, nmethods=19579, adapters=884, full_count=0
Compilation: enabled, stopped_count=0, restarted_count=0

Compilation events (20 events):
Event: 52.019 Thread 0x00000205effe0a80 nmethod 22952 0x0000020590d6a008 code [0x0000020590d6a100, 0x0000020590d6a1d0]
Event: 52.019 Thread 0x00000205effe0a80 22949       4       org.gradle.internal.Deferrable$1::completeAndGet (18 bytes)
Event: 52.024 Thread 0x00000205fe503d90 22957       2       com.google.common.collect.RegularImmutableMap::get (64 bytes)
Event: 52.025 Thread 0x00000205fe503d90 nmethod 22957 0x0000020581cb9608 code [0x0000020581cb9700, 0x0000020581cb99e0]
Event: 52.026 Thread 0x00000205fe508e30 nmethod 22948 0x0000020590d6a308 code [0x0000020590d6a400, 0x0000020590d6b040]
Event: 52.026 Thread 0x00000205fe508e30 22954       4       org.gradle.api.internal.artifacts.ivyservice.resolveengine.artifact.ArtifactVisitor::prepareForVisit (4 bytes)
Event: 52.026 Thread 0x00000205fe508e30 nmethod 22954 0x0000020590d6b088 code [0x0000020590d6b180, 0x0000020590d6b200]
Event: 52.026 Thread 0x00000205fe508e30 22945       4       org.gradle.internal.fingerprint.impl.DefaultFileSystemLocationFingerprint::compareTo (9 bytes)
Event: 52.028 Thread 0x00000205fe508e30 nmethod 22945 0x0000020590d6b388 code [0x0000020590d6b480, 0x0000020590d6b908]
Event: 52.028 Thread 0x00000205fe508e30 22955   !   4       org.gradle.api.internal.artifacts.ivyservice.ResolvedArtifactCollectingVisitor::visitArtifact (85 bytes)
Event: 52.028 Thread 0x00000205fe50d6c0 22958       3       org.apache.groovy.json.internal.LazyMap::<init> (21 bytes)
Event: 52.029 Thread 0x00000205efff0ce0 22959       3       org.apache.groovy.json.internal.LazyMap::get (15 bytes)
Event: 52.029 Thread 0x00000205fe50a660 22960       3       org.apache.groovy.json.internal.LazyMap::buildIfNeeded (105 bytes)
Event: 52.029 Thread 0x00000205fe50d6c0 nmethod 22958 0x0000020581cb9a08 code [0x0000020581cb9b00, 0x0000020581cb9eb8]
Event: 52.029 Thread 0x00000205efff0ce0 nmethod 22959 0x0000020581cb9f08 code [0x0000020581cba000, 0x0000020581cba220]
Event: 52.029 Thread 0x00000205effe0a80 nmethod 22949 0x0000020590d6b988 code [0x0000020590d6ba80, 0x0000020590d6c830]
Event: 52.029 Thread 0x00000205fe50a660 nmethod 22960 0x0000020581cba288 code [0x0000020581cba3a0, 0x0000020581cba930]
Event: 52.029 Thread 0x00000205effe0a80 22950       4       org.gradle.api.internal.artifacts.ivyservice.resolveengine.artifact.ParallelResolveArtifactSet$VisitingSet$StartVisitAction::visitArtifacts (31 bytes)
Event: 52.031 Thread 0x00000205effe0a80 nmethod 22950 0x0000020590d6c908 code [0x0000020590d6ca00, 0x0000020590d6cd50]
Event: 52.031 Thread 0x00000205effe0a80 22956       4       com.google.common.collect.SingletonImmutableBiMap::inverse (45 bytes)

GC Heap Usage History (20 events):
Event: 33.765 {heap After GC invocations=42 (full 0):
 garbage-first heap   total reserved 8388608K, committed 282624K, used 157276K [0x0000000600000000, 0x0000000800000000)
  region size 4096K, 2 young (8192K), 2 survivors (8192K)
}
Event: 34.241 {heap Before GC invocations=42 (full 0):
 garbage-first heap   total reserved 8388608K, committed 282624K, used 247388K [0x0000000600000000, 0x0000000800000000)
  region size 4096K, 25 young (102400K), 2 survivors (8192K)
}
Event: 34.249 {heap After GC invocations=43 (full 0):
 garbage-first heap   total reserved 8388608K, committed 282624K, used 175214K [0x0000000600000000, 0x0000000800000000)
  region size 4096K, 4 young (16384K), 4 survivors (16384K)
}
Event: 37.418 {heap Before GC invocations=44 (full 0):
 garbage-first heap   total reserved 8388608K, committed 294912K, used 253038K [0x0000000600000000, 0x0000000800000000)
  region size 4096K, 24 young (98304K), 4 survivors (16384K)
}
Event: 37.428 {heap After GC invocations=45 (full 0):
 garbage-first heap   total reserved 8388608K, committed 294912K, used 182731K [0x0000000600000000, 0x0000000800000000)
  region size 4096K, 2 young (8192K), 2 survivors (8192K)
}
Event: 38.805 {heap Before GC invocations=45 (full 0):
 garbage-first heap   total reserved 8388608K, committed 294912K, used 268747K [0x0000000600000000, 0x0000000800000000)
  region size 4096K, 23 young (94208K), 2 survivors (8192K)
}
Event: 38.814 {heap After GC invocations=46 (full 0):
 garbage-first heap   total reserved 8388608K, committed 294912K, used 188137K [0x0000000600000000, 0x0000000800000000)
  region size 4096K, 2 young (8192K), 2 survivors (8192K)
}
Event: 39.745 {heap Before GC invocations=46 (full 0):
 garbage-first heap   total reserved 8388608K, committed 294912K, used 265961K [0x0000000600000000, 0x0000000800000000)
  region size 4096K, 22 young (90112K), 2 survivors (8192K)
}
Event: 39.755 {heap After GC invocations=47 (full 0):
 garbage-first heap   total reserved 8388608K, committed 294912K, used 196770K [0x0000000600000000, 0x0000000800000000)
  region size 4096K, 2 young (8192K), 2 survivors (8192K)
}
Event: 40.792 {heap Before GC invocations=48 (full 0):
 garbage-first heap   total reserved 8388608K, committed 335872K, used 266402K [0x0000000600000000, 0x0000000800000000)
  region size 4096K, 20 young (81920K), 2 survivors (8192K)
}
Event: 40.801 {heap After GC invocations=49 (full 0):
 garbage-first heap   total reserved 8388608K, committed 335872K, used 204914K [0x0000000600000000, 0x0000000800000000)
  region size 4096K, 2 young (8192K), 2 survivors (8192K)
}
Event: 45.412 {heap Before GC invocations=49 (full 0):
 garbage-first heap   total reserved 8388608K, committed 335872K, used 290930K [0x0000000600000000, 0x0000000800000000)
  region size 4096K, 24 young (98304K), 2 survivors (8192K)
}
Event: 45.421 {heap After GC invocations=50 (full 0):
 garbage-first heap   total reserved 8388608K, committed 335872K, used 207509K [0x0000000600000000, 0x0000000800000000)
  region size 4096K, 2 young (8192K), 2 survivors (8192K)
}
Event: 50.137 {heap Before GC invocations=50 (full 0):
 garbage-first heap   total reserved 8388608K, committed 335872K, used 297621K [0x0000000600000000, 0x0000000800000000)
  region size 4096K, 24 young (98304K), 2 survivors (8192K)
}
Event: 50.146 {heap After GC invocations=51 (full 0):
 garbage-first heap   total reserved 8388608K, committed 335872K, used 214610K [0x0000000600000000, 0x0000000800000000)
  region size 4096K, 3 young (12288K), 3 survivors (12288K)
}
Event: 50.714 {heap Before GC invocations=52 (full 0):
 garbage-first heap   total reserved 8388608K, committed 364544K, used 304722K [0x0000000600000000, 0x0000000800000000)
  region size 4096K, 25 young (102400K), 3 survivors (12288K)
}
Event: 50.723 {heap After GC invocations=53 (full 0):
 garbage-first heap   total reserved 8388608K, committed 364544K, used 225950K [0x0000000600000000, 0x0000000800000000)
  region size 4096K, 4 young (16384K), 4 survivors (16384K)
}
Event: 51.105 {heap Before GC invocations=53 (full 0):
 garbage-first heap   total reserved 8388608K, committed 364544K, used 324254K [0x0000000600000000, 0x0000000800000000)
  region size 4096K, 28 young (114688K), 4 survivors (16384K)
}
Event: 51.123 {heap After GC invocations=54 (full 0):
 garbage-first heap   total reserved 8388608K, committed 376832K, used 204248K [0x0000000600000000, 0x0000000800000000)
  region size 4096K, 3 young (12288K), 3 survivors (12288K)
}
Event: 52.032 {heap Before GC invocations=54 (full 0):
 garbage-first heap   total reserved 8388608K, committed 376832K, used 327128K [0x0000000600000000, 0x0000000800000000)
  region size 4096K, 33 young (135168K), 3 survivors (12288K)
}

Metaspace Usage History (20 events):
Event: 33.765 {metaspace After GC invocations=42 (full 0):
 Metaspace       used 111421K, committed 114048K, reserved 1179648K
  class space    used 12455K, committed 13696K, reserved 1048576K
}
Event: 34.241 {metaspace Before GC invocations=42 (full 0):
 Metaspace       used 113963K, committed 116544K, reserved 1179648K
  class space    used 12587K, committed 13824K, reserved 1048576K
}
Event: 34.249 {metaspace After GC invocations=43 (full 0):
 Metaspace       used 113963K, committed 116544K, reserved 1179648K
  class space    used 12587K, committed 13824K, reserved 1048576K
}
Event: 37.418 {metaspace Before GC invocations=44 (full 0):
 Metaspace       used 116842K, committed 119488K, reserved 1179648K
  class space    used 12965K, committed 14208K, reserved 1048576K
}
Event: 37.428 {metaspace After GC invocations=45 (full 0):
 Metaspace       used 116842K, committed 119488K, reserved 1179648K
  class space    used 12965K, committed 14208K, reserved 1048576K
}
Event: 38.805 {metaspace Before GC invocations=45 (full 0):
 Metaspace       used 120568K, committed 123200K, reserved 1179648K
  class space    used 13476K, committed 14720K, reserved 1048576K
}
Event: 38.814 {metaspace After GC invocations=46 (full 0):
 Metaspace       used 120568K, committed 123200K, reserved 1179648K
  class space    used 13476K, committed 14720K, reserved 1048576K
}
Event: 39.745 {metaspace Before GC invocations=46 (full 0):
 Metaspace       used 124259K, committed 126976K, reserved 1179648K
  class space    used 13946K, committed 15296K, reserved 1048576K
}
Event: 39.755 {metaspace After GC invocations=47 (full 0):
 Metaspace       used 124259K, committed 126976K, reserved 1179648K
  class space    used 13946K, committed 15296K, reserved 1048576K
}
Event: 40.792 {metaspace Before GC invocations=48 (full 0):
 Metaspace       used 128211K, committed 130944K, reserved 1179648K
  class space    used 14232K, committed 15552K, reserved 1048576K
}
Event: 40.801 {metaspace After GC invocations=49 (full 0):
 Metaspace       used 128211K, committed 130944K, reserved 1179648K
  class space    used 14232K, committed 15552K, reserved 1048576K
}
Event: 45.412 {metaspace Before GC invocations=49 (full 0):
 Metaspace       used 131174K, committed 133888K, reserved 1179648K
  class space    used 14524K, committed 15808K, reserved 1048576K
}
Event: 45.421 {metaspace After GC invocations=50 (full 0):
 Metaspace       used 131174K, committed 133888K, reserved 1179648K
  class space    used 14524K, committed 15808K, reserved 1048576K
}
Event: 50.137 {metaspace Before GC invocations=50 (full 0):
 Metaspace       used 131380K, committed 134144K, reserved 1179648K
  class space    used 14530K, committed 15872K, reserved 1048576K
}
Event: 50.146 {metaspace After GC invocations=51 (full 0):
 Metaspace       used 131380K, committed 134144K, reserved 1179648K
  class space    used 14530K, committed 15872K, reserved 1048576K
}
Event: 50.714 {metaspace Before GC invocations=52 (full 0):
 Metaspace       used 131565K, committed 134336K, reserved 1179648K
  class space    used 14538K, committed 15872K, reserved 1048576K
}
Event: 50.723 {metaspace After GC invocations=53 (full 0):
 Metaspace       used 131565K, committed 134336K, reserved 1179648K
  class space    used 14538K, committed 15872K, reserved 1048576K
}
Event: 51.105 {metaspace Before GC invocations=53 (full 0):
 Metaspace       used 131797K, committed 134528K, reserved 1179648K
  class space    used 14565K, committed 15872K, reserved 1048576K
}
Event: 51.123 {metaspace After GC invocations=54 (full 0):
 Metaspace       used 131797K, committed 134528K, reserved 1179648K
  class space    used 14565K, committed 15872K, reserved 1048576K
}
Event: 52.032 {metaspace Before GC invocations=54 (full 0):
 Metaspace       used 132047K, committed 134784K, reserved 1179648K
  class space    used 14576K, committed 15872K, reserved 1048576K
}

Dll operation events (15 events):
Event: 0.011 Loaded shared library C:\Program Files\Java\jdk-25\bin\java.dll
Event: 0.057 Loaded shared library C:\Program Files\Java\jdk-25\bin\zip.dll
Event: 0.061 Loaded shared library C:\Program Files\Java\jdk-25\bin\instrument.dll
Event: 0.063 Loaded shared library C:\Program Files\Java\jdk-25\bin\net.dll
Event: 0.064 Loaded shared library C:\Program Files\Java\jdk-25\bin\nio.dll
Event: 0.066 Loaded shared library C:\Program Files\Java\jdk-25\bin\zip.dll
Event: 0.227 Loaded shared library C:\Program Files\Java\jdk-25\bin\jimage.dll
Event: 0.370 Loaded shared library C:\Program Files\Java\jdk-25\bin\verify.dll
Event: 0.388 Loaded shared library C:\Users\USER\.gradle\native\660c5614fbf4a5f2a75b1949f50a0caf5cd603558e7d8a26e50b933a0cfb79d1\windows-amd64\native-platform.dll
Event: 0.395 Loaded shared library C:\Users\USER\.gradle\native\0.2.8\x86_64-windows-gnu\gradle-fileevents.dll
Event: 1.031 Loaded shared library C:\Program Files\Java\jdk-25\bin\management.dll
Event: 1.034 Loaded shared library C:\Program Files\Java\jdk-25\bin\management_ext.dll
Event: 1.146 Loaded shared library C:\Program Files\Java\jdk-25\bin\extnet.dll
Event: 1.311 Loaded shared library C:\Program Files\Java\jdk-25\bin\sunmscapi.dll
Event: 9.317 Loaded shared library C:\Program Files\Java\jdk-25\bin\rmi.dll

Deoptimization events (20 events):
Event: 51.934 Thread 0x00000205feef6450 Uncommon trap: trap_request=0xffffffc6 fr.pc=0x00000205906abea4 relative=0x00000000000001a4
Event: 51.934 Thread 0x00000205feef6450 Uncommon trap: reason=bimorphic_or_optimized_type_check action=maybe_recompile pc=0x00000205906abea4 method=com.google.common.collect.RegularImmutableMap.get(Ljava/lang/Object;[Lcom/google/common/collect/ImmutableMapEntry;I)Ljava/lang/Object; @ 54 c2
Event: 51.934 Thread 0x00000205feef6450 DEOPT PACKING pc=0x00000205906abea4 sp=0x000000718fefcb40
Event: 51.934 Thread 0x00000205feef6450 DEOPT UNPACKING pc=0x000002058fd6fc02 sp=0x000000718fefcad8 mode 2
Event: 51.934 Thread 0x00000205feef6450 Uncommon trap: trap_request=0xffffffde fr.pc=0x0000020590c4cdd0 relative=0x0000000000000e50
Event: 51.934 Thread 0x00000205feef6450 Uncommon trap: reason=class_check action=maybe_recompile pc=0x0000020590c4cdd0 method=com.google.common.collect.ImmutableSortedMap.fromEntries(Ljava/util/Comparator;Z[Ljava/util/Map$Entry;I)Lcom/google/common/collect/ImmutableSortedMap; @ 95 c2
Event: 51.934 Thread 0x00000205feef6450 DEOPT PACKING pc=0x0000020590c4cdd0 sp=0x000000718fefcf20
Event: 51.934 Thread 0x00000205feef6450 DEOPT UNPACKING pc=0x000002058fd6fc02 sp=0x000000718fefceb0 mode 2
Event: 51.934 Thread 0x00000205feef6450 Uncommon trap: trap_request=0xffffffde fr.pc=0x0000020590c4cdd0 relative=0x0000000000000e50
Event: 51.935 Thread 0x00000205feef6450 Uncommon trap: reason=class_check action=maybe_recompile pc=0x0000020590c4cdd0 method=com.google.common.collect.ImmutableSortedMap.fromEntries(Ljava/util/Comparator;Z[Ljava/util/Map$Entry;I)Lcom/google/common/collect/ImmutableSortedMap; @ 95 c2
Event: 51.935 Thread 0x00000205feef6450 DEOPT PACKING pc=0x0000020590c4cdd0 sp=0x000000718fefcf10
Event: 51.935 Thread 0x00000205feef6450 DEOPT UNPACKING pc=0x000002058fd6fc02 sp=0x000000718fefcea0 mode 2
Event: 51.950 Thread 0x00000205f8dd97b0 Uncommon trap: trap_request=0xffffffde fr.pc=0x0000020590bdaaa4 relative=0x00000000000013a4
Event: 51.950 Thread 0x00000205f8dd97b0 Uncommon trap: reason=class_check action=maybe_recompile pc=0x0000020590bdaaa4 method=org.gradle.internal.component.model.GraphVariantSelector.filterVariantsByRequestedCapabilities(Lorg/gradle/internal/component/model/ComponentGraphResolveState;Ljava/util
Event: 51.950 Thread 0x00000205f8dd97b0 DEOPT PACKING pc=0x0000020590bdaaa4 sp=0x000000718b8f7e70
Event: 51.950 Thread 0x00000205f8dd97b0 DEOPT UNPACKING pc=0x000002058fd6fc02 sp=0x000000718b8f7e20 mode 2
Event: 52.011 Thread 0x00000205f9fb9fb0 Uncommon trap: trap_request=0xffffff45 fr.pc=0x0000020590d3ac3c relative=0x0000000000000d3c
Event: 52.011 Thread 0x00000205f9fb9fb0 Uncommon trap: reason=unstable_if action=reinterpret pc=0x0000020590d3ac3c method=jdk.internal.misc.Unsafe.getAndBitwiseAndInt(Ljava/lang/Object;JI)I @ 21 c2
Event: 52.011 Thread 0x00000205f9fb9fb0 DEOPT PACKING pc=0x0000020590d3ac3c sp=0x00000071956fe390
Event: 52.012 Thread 0x00000205f9fb9fb0 DEOPT UNPACKING pc=0x000002058fd6fc02 sp=0x00000071956fe0b8 mode 2

Classes loaded (20 events):
Event: 40.386 Loading class java/nio/file/attribute/FileOwnerAttributeView done
Event: 40.386 Loading class java/nio/file/attribute/AclFileAttributeView done
Event: 40.386 Loading class sun/nio/fs/AbstractAclFileAttributeView done
Event: 40.386 Loading class sun/nio/fs/WindowsAclFileAttributeView done
Event: 40.496 Loading class java/lang/Throwable$PrintStreamOrWriter
Event: 40.496 Loading class java/lang/Throwable$PrintStreamOrWriter done
Event: 40.540 Loading class java/util/Collections$EmptyListIterator
Event: 40.540 Loading class java/util/Collections$EmptyListIterator done
Event: 40.549 Loading class java/io/CharArrayWriter
Event: 40.550 Loading class java/io/CharArrayWriter done
Event: 40.560 Loading class java/time/Instant$1
Event: 40.561 Loading class java/time/Instant$1 done
Event: 40.608 Loading class java/net/UrlDeserializedState
Event: 40.608 Loading class java/net/UrlDeserializedState done
Event: 40.612 Loading class java/util/concurrent/CompletableFuture$AsyncRun
Event: 40.612 Loading class java/util/concurrent/CompletableFuture$AsyncRun done
Event: 40.875 Loading class java/rmi/server/Unreferenced
Event: 40.875 Loading class java/rmi/server/Unreferenced done
Event: 40.983 Loading class jdk/internal/math/FormattedFPDecimal
Event: 40.984 Loading class jdk/internal/math/FormattedFPDecimal done

Classes unloaded (20 events):
Event: 50.211 Thread 0x00000205effc76d0 Unloading class 0x000000008ef11000 'java/lang/invoke/LambdaForm$MH+0x000000008ef11000'
Event: 50.211 Thread 0x00000205effc76d0 Unloading class 0x000000008ef10c00 'java/lang/invoke/LambdaForm$MH+0x000000008ef10c00'
Event: 50.211 Thread 0x00000205effc76d0 Unloading class 0x000000008ef10400 'java/lang/invoke/LambdaForm$MH+0x000000008ef10400'
Event: 50.211 Thread 0x00000205effc76d0 Unloading class 0x000000008ef10000 'java/lang/invoke/LambdaForm$MH+0x000000008ef10000'
Event: 50.211 Thread 0x00000205effc76d0 Unloading class 0x000000008ef01000 'java/lang/invoke/LambdaForm$MH+0x000000008ef01000'
Event: 50.211 Thread 0x00000205effc76d0 Unloading class 0x000000008ef00c00 'java/lang/invoke/LambdaForm$MH+0x000000008ef00c00'
Event: 50.211 Thread 0x00000205effc76d0 Unloading class 0x000000008ef00800 'java/lang/invoke/LambdaForm$MH+0x000000008ef00800'
Event: 50.211 Thread 0x00000205effc76d0 Unloading class 0x000000008ef00400 'java/lang/invoke/LambdaForm$MH+0x000000008ef00400'
Event: 50.211 Thread 0x00000205effc76d0 Unloading class 0x000000008ef00000 'java/lang/invoke/LambdaForm$MH+0x000000008ef00000'
Event: 50.211 Thread 0x00000205effc76d0 Unloading class 0x000000008ee34400 'java/lang/invoke/LambdaForm$MH+0x000000008ee34400'
Event: 50.211 Thread 0x00000205effc76d0 Unloading class 0x000000008ee14000 'java/lang/invoke/LambdaForm$MH+0x000000008ee14000'
Event: 50.211 Thread 0x00000205effc76d0 Unloading class 0x000000008ee0c400 'java/lang/invoke/LambdaForm$MH+0x000000008ee0c400'
Event: 50.211 Thread 0x00000205effc76d0 Unloading class 0x000000008ede8800 'java/lang/invoke/LambdaForm$MH+0x000000008ede8800'
Event: 50.211 Thread 0x00000205effc76d0 Unloading class 0x000000008ede8400 'java/lang/invoke/LambdaForm$MH+0x000000008ede8400'
Event: 50.211 Thread 0x00000205effc76d0 Unloading class 0x000000008ed60400 'java/lang/invoke/LambdaForm$MH+0x000000008ed60400'
Event: 50.211 Thread 0x00000205effc76d0 Unloading class 0x000000008ed57000 'java/lang/invoke/LambdaForm$MH+0x000000008ed57000'
Event: 50.211 Thread 0x00000205effc76d0 Unloading class 0x000000008ed50400 'java/lang/invoke/LambdaForm$MH+0x000000008ed50400'
Event: 50.211 Thread 0x00000205effc76d0 Unloading class 0x000000008ed4a400 'java/lang/invoke/LambdaForm$MH+0x000000008ed4a400'
Event: 50.211 Thread 0x00000205effc76d0 Unloading class 0x000000008ed28400 'java/lang/invoke/LambdaForm$MH+0x000000008ed28400'
Event: 50.211 Thread 0x00000205effc76d0 Unloading class 0x000000008ec98400 'java/lang/invoke/LambdaForm$MH+0x000000008ec98400'

Classes redefined (0 events):
No events

Internal exceptions (20 events):
Event: 51.322 Thread 0x00000205f8dd97b0 Exception <a 'sun/nio/fs/WindowsException'{0x00000006131fe120}> (0x00000006131fe120) 
thrown [s\open\src\hotspot\share\prims\jni.cpp, line 516]
Event: 51.324 Thread 0x00000205f9879e60 Exception <a 'sun/nio/fs/WindowsException'{0x0000000613801900}> (0x0000000613801900) 
thrown [s\open\src\hotspot\share\prims\jni.cpp, line 516]
Event: 51.325 Thread 0x00000205f9879e60 Exception <a 'sun/nio/fs/WindowsException'{0x0000000613801b58}> (0x0000000613801b58) 
thrown [s\open\src\hotspot\share\prims\jni.cpp, line 516]
Event: 51.372 Thread 0x00000205fa0903d0 Exception <a 'sun/nio/fs/WindowsException'{0x0000000612bb2fd0}> (0x0000000612bb2fd0) 
thrown [s\open\src\hotspot\share\prims\jni.cpp, line 516]
Event: 51.601 Thread 0x00000205f8dd97b0 Exception <a 'sun/nio/fs/WindowsException'{0x0000000611d7c578}> (0x0000000611d7c578) 
thrown [s\open\src\hotspot\share\prims\jni.cpp, line 516]
Event: 51.601 Thread 0x00000205f8dd97b0 Exception <a 'sun/nio/fs/WindowsException'{0x0000000611d7dcb8}> (0x0000000611d7dcb8) 
thrown [s\open\src\hotspot\share\prims\jni.cpp, line 516]
Event: 51.602 Thread 0x00000205f8dd97b0 Exception <a 'sun/nio/fs/WindowsException'{0x0000000611d7f3f0}> (0x0000000611d7f3f0) 
thrown [s\open\src\hotspot\share\prims\jni.cpp, line 516]
Event: 51.602 Thread 0x00000205f8dd97b0 Exception <a 'sun/nio/fs/WindowsException'{0x0000000611d80740}> (0x0000000611d80740) 
thrown [s\open\src\hotspot\share\prims\jni.cpp, line 516]
Event: 51.663 Thread 0x00000205f8dd97b0 Exception <a 'sun/nio/fs/WindowsException'{0x0000000611ed1838}> (0x0000000611ed1838) 
thrown [s\open\src\hotspot\share\prims\jni.cpp, line 516]
Event: 51.663 Thread 0x00000205f8dd97b0 Exception <a 'sun/nio/fs/WindowsException'{0x0000000611ed3788}> (0x0000000611ed3788) 
thrown [s\open\src\hotspot\share\prims\jni.cpp, line 516]
Event: 51.663 Thread 0x00000205f8dd97b0 Exception <a 'sun/nio/fs/WindowsException'{0x0000000611ed56d0}> (0x0000000611ed56d0) 
thrown [s\open\src\hotspot\share\prims\jni.cpp, line 516]
Event: 51.663 Thread 0x00000205f8dd97b0 Exception <a 'sun/nio/fs/WindowsException'{0x0000000611ed7230}> (0x0000000611ed7230) 
thrown [s\open\src\hotspot\share\prims\jni.cpp, line 516]
Event: 51.853 Thread 0x00000205f8dd97b0 Exception <a 'java/io/IOException'{0x000000060f310a00}> (0x000000060f310a00) 
thrown [s\open\src\hotspot\share\prims\jni.cpp, line 516]
Event: 51.937 Thread 0x00000205feef6450 Exception <a 'sun/nio/fs/WindowsException'{0x000000060e6281c0}> (0x000000060e6281c0) 
thrown [s\open\src\hotspot\share\prims\jni.cpp, line 516]
Event: 51.937 Thread 0x00000205feef6450 Exception <a 'sun/nio/fs/WindowsException'{0x000000060e629fc0}> (0x000000060e629fc0) 
thrown [s\open\src\hotspot\share\prims\jni.cpp, line 516]
Event: 51.937 Thread 0x00000205feef6450 Exception <a 'sun/nio/fs/WindowsException'{0x000000060e62bd08}> (0x000000060e62bd08) 
thrown [s\open\src\hotspot\share\prims\jni.cpp, line 516]
Event: 51.937 Thread 0x00000205feef6450 Exception <a 'sun/nio/fs/WindowsException'{0x000000060e62d760}> (0x000000060e62d760) 
thrown [s\open\src\hotspot\share\prims\jni.cpp, line 516]
Event: 51.940 Thread 0x00000205feef6450 Exception <a 'sun/nio/fs/WindowsException'{0x000000060e645a78}> (0x000000060e645a78) 
thrown [s\open\src\hotspot\share\prims\jni.cpp, line 516]
Event: 51.940 Thread 0x00000205feef6450 Exception <a 'sun/nio/fs/WindowsException'{0x000000060e647860}> (0x000000060e647860) 
thrown [s\open\src\hotspot\share\prims\jni.cpp, line 516]
Event: 51.940 Thread 0x00000205feef6450 Exception <a 'sun/nio/fs/WindowsException'{0x000000060e6492e0}> (0x000000060e6492e0) 
thrown [s\open\src\hotspot\share\prims\jni.cpp, line 516]

VM Operations (20 events):
Event: 40.402 Executing non-safepoint VM operation: HandshakeAllThreads (Deoptimize) done
Event: 40.495 Executing non-safepoint VM operation: HandshakeAllThreads (Deoptimize)
Event: 40.495 Executing non-safepoint VM operation: HandshakeAllThreads (Deoptimize) done
Event: 40.792 Executing safepoint VM operation: G1CollectForAllocation (G1 Evacuation Pause)
Event: 40.801 Executing safepoint VM operation: G1CollectForAllocation (G1 Evacuation Pause) done
Event: 41.207 Executing non-safepoint VM operation: HandshakeAllThreads (Deoptimize)
Event: 41.207 Executing non-safepoint VM operation: HandshakeAllThreads (Deoptimize) done
Event: 45.412 Executing safepoint VM operation: G1CollectForAllocation (G1 Evacuation Pause)
Event: 45.421 Executing safepoint VM operation: G1CollectForAllocation (G1 Evacuation Pause) done
Event: 50.137 Executing safepoint VM operation: G1CollectForAllocation (G1 Evacuation Pause)
Event: 50.146 Executing safepoint VM operation: G1CollectForAllocation (G1 Evacuation Pause) done
Event: 50.211 Executing safepoint VM operation: G1PauseRemark
Event: 50.226 Executing safepoint VM operation: G1PauseRemark done
Event: 50.251 Executing safepoint VM operation: G1PauseCleanup
Event: 50.251 Executing safepoint VM operation: G1PauseCleanup done
Event: 50.714 Executing safepoint VM operation: G1CollectForAllocation (G1 Evacuation Pause)
Event: 50.723 Executing safepoint VM operation: G1CollectForAllocation (G1 Evacuation Pause) done
Event: 51.105 Executing safepoint VM operation: G1CollectForAllocation (G1 Evacuation Pause)
Event: 51.123 Executing safepoint VM operation: G1CollectForAllocation (G1 Evacuation Pause) done
Event: 52.032 Executing safepoint VM operation: G1CollectForAllocation (G1 Evacuation Pause)

Memory protections (0 events):
No events

Nmethod flushes (20 events):
Event: 50.223 Thread 0x00000205effc76d0 flushing  nmethod 0x000002058057b808
Event: 50.223 Thread 0x00000205effc76d0 flushing  nmethod 0x00000205805fe508
Event: 50.223 Thread 0x00000205effc76d0 flushing  nmethod 0x00000205806a5688
Event: 50.223 Thread 0x00000205effc76d0 flushing  nmethod 0x0000020580980188
Event: 50.223 Thread 0x00000205effc76d0 flushing  nmethod 0x0000020580980f08
Event: 50.223 Thread 0x00000205effc76d0 flushing  nmethod 0x0000020580a3d208
Event: 50.223 Thread 0x00000205effc76d0 flushing  nmethod 0x0000020580a3fa08
Event: 50.223 Thread 0x00000205effc76d0 flushing  nmethod 0x0000020580a40008
Event: 50.223 Thread 0x00000205effc76d0 flushing  nmethod 0x0000020580a7cc08
Event: 50.223 Thread 0x00000205effc76d0 flushing  nmethod 0x0000020580cd8e88
Event: 50.223 Thread 0x00000205effc76d0 flushing  nmethod 0x0000020580cd9b08
Event: 50.223 Thread 0x00000205effc76d0 flushing  nmethod 0x0000020580cdb088
Event: 50.223 Thread 0x00000205effc76d0 flushing  nmethod 0x0000020580cdb488
Event: 50.223 Thread 0x00000205effc76d0 flushing  nmethod 0x0000020580de6d08
Event: 50.223 Thread 0x00000205effc76d0 flushing  nmethod 0x0000020581303688
Event: 50.223 Thread 0x00000205effc76d0 flushing  nmethod 0x00000205813bfd08
Event: 50.223 Thread 0x00000205effc76d0 flushing  nmethod 0x00000205813c0108
Event: 50.223 Thread 0x00000205effc76d0 flushing  nmethod 0x0000020581583208
Event: 50.223 Thread 0x00000205effc76d0 flushing  nmethod 0x0000020581609f88
Event: 50.223 Thread 0x00000205effc76d0 flushing  nmethod 0x0000020581923408

Events (20 events):
Event: 51.989 Thread 0x00000205f8dd97b0 Thread added: 0x00000205fb7282d0
Event: 51.989 Thread 0x00000205f8dd97b0 Thread added: 0x00000205fb72e860
Event: 51.989 Thread 0x00000205f8dd97b0 Thread added: 0x00000205fb72c150
Event: 51.989 Thread 0x00000205f8dd97b0 Thread added: 0x00000205fb7307a0
Event: 51.989 Thread 0x00000205f8dd97b0 Thread added: 0x00000205fb730f70
Event: 52.009 Thread 0x00000205f8dd97b0 Thread added: 0x00000205fb733680
Event: 52.009 Thread 0x00000205f8dd97b0 Thread added: 0x00000205fb72ffd0
Event: 52.009 Thread 0x00000205f8dd97b0 Thread added: 0x00000205fb735d90
Event: 52.009 Thread 0x00000205f8dd97b0 Thread added: 0x00000205fb733e50
Event: 52.009 Thread 0x00000205f8dd97b0 Thread added: 0x00000205fb734620
Event: 52.009 Thread 0x00000205f8dd97b0 Thread added: 0x00000205f9fb70d0
Event: 52.009 Thread 0x00000205f8dd97b0 Thread added: 0x00000205f9fb6130
Event: 52.009 Thread 0x00000205f8dd97b0 Thread added: 0x00000205f9fb9010
Event: 52.010 Thread 0x00000205f8dd97b0 Thread added: 0x00000205f9fb5960
Event: 52.010 Thread 0x00000205f8dd97b0 Thread added: 0x00000205f9fb9fb0
Event: 52.010 Thread 0x00000205f8dd97b0 Thread added: 0x00000205f9fbb720
Event: 52.010 Thread 0x00000205f8dd97b0 Thread added: 0x00000205f9fbce90
Event: 52.010 Thread 0x00000205f8dd97b0 Thread added: 0x00000205f9fbc6c0
Event: 52.010 Thread 0x00000205f8dd97b0 Thread added: 0x00000205f9fbaf50
Event: 52.010 Thread 0x00000205f8dd97b0 Thread added: 0x00000205f9fbedd0


Dynamic libraries:
0x00007ff6cce50000 - 0x00007ff6cce60000 	C:\Program Files\Java\jdk-25\bin\java.exe
0x00007ffe64940000 - 0x00007ffe64ba7000 	C:\WINDOWS\SYSTEM32\ntdll.dll
0x00007ffe63a10000 - 0x00007ffe63adb000 	C:\WINDOWS\System32\KERNEL32.DLL
0x00007ffe61ec0000 - 0x00007ffe622c2000 	C:\WINDOWS\System32\KERNELBASE.dll
0x00007ffe622d0000 - 0x00007ffe6241c000 	C:\WINDOWS\System32\ucrtbase.dll
0x00007ffe55db0000 - 0x00007ffe55dc7000 	C:\Program Files\Java\jdk-25\bin\jli.dll
0x00007ffe55d90000 - 0x00007ffe55dae000 	C:\Program Files\Java\jdk-25\bin\VCRUNTIME140.dll
0x00007ffe645a0000 - 0x00007ffe6476f000 	C:\WINDOWS\System32\USER32.dll
0x00007ffe61e90000 - 0x00007ffe61eb7000 	C:\WINDOWS\System32\win32u.dll
0x00007ffe4b400000 - 0x00007ffe4b690000 	C:\WINDOWS\WinSxS\amd64_microsoft.windows.common-controls_6595b64144ccf1df_6.0.26100.9278_none_3e0d1ba8e3303201\COMCTL32.dll
0x00007ffe64490000 - 0x00007ffe644bb000 	C:\WINDOWS\System32\GDI32.dll
0x00007ffe64780000 - 0x00007ffe64829000 	C:\WINDOWS\System32\msvcrt.dll
0x00007ffe61d60000 - 0x00007ffe61e89000 	C:\WINDOWS\System32\gdi32full.dll
0x00007ffe62430000 - 0x00007ffe624d3000 	C:\WINDOWS\System32\msvcp_win.dll
0x00007ffe627e0000 - 0x00007ffe62811000 	C:\WINDOWS\System32\IMM32.DLL
0x00007ffe55cf0000 - 0x00007ffe55cfc000 	C:\Program Files\Java\jdk-25\bin\vcruntime140_1.dll
0x00007ffe55c60000 - 0x00007ffe55ced000 	C:\Program Files\Java\jdk-25\bin\msvcp140.dll
0x00007ffe393f0000 - 0x00007ffe3a24f000 	C:\Program Files\Java\jdk-25\bin\server\jvm.dll
0x00007ffe64830000 - 0x00007ffe648ec000 	C:\WINDOWS\System32\ADVAPI32.dll
0x00007ffe63960000 - 0x00007ffe63a09000 	C:\WINDOWS\System32\sechost.dll
0x00007ffe62a30000 - 0x00007ffe62b48000 	C:\WINDOWS\System32\RPCRT4.dll
0x00007ffe64510000 - 0x00007ffe64590000 	C:\WINDOWS\System32\WS2_32.dll
0x00007ffe619a0000 - 0x00007ffe619fe000 	C:\WINDOWS\SYSTEM32\POWRPROF.dll
0x00007ffe58fd0000 - 0x00007ffe59006000 	C:\WINDOWS\SYSTEM32\WINMM.dll
0x00007ffe5f090000 - 0x00007ffe5f09b000 	C:\WINDOWS\SYSTEM32\VERSION.dll
0x00007ffe61980000 - 0x00007ffe61995000 	C:\WINDOWS\SYSTEM32\UMPDC.dll
0x00007ffe607d0000 - 0x00007ffe607eb000 	C:\WINDOWS\SYSTEM32\kernel.appcore.dll
0x00007ffe3a880000 - 0x00007ffe3a88a000 	C:\Program Files\Java\jdk-25\bin\jimage.dll
0x00007ffe52b30000 - 0x00007ffe52d7c000 	C:\WINDOWS\SYSTEM32\DBGHELP.DLL
0x00007ffe62b50000 - 0x00007ffe62ed5000 	C:\WINDOWS\System32\combase.dll
0x00007ffe62700000 - 0x00007ffe627d9000 	C:\WINDOWS\System32\OLEAUT32.dll
0x00007ffe45f40000 - 0x00007ffe45f7b000 	C:\WINDOWS\SYSTEM32\dbgcore.DLL
0x00007ffe624e0000 - 0x00007ffe6258c000 	C:\WINDOWS\System32\bcryptPrimitives.dll
0x00007ffe55c50000 - 0x00007ffe55c60000 	C:\Program Files\Java\jdk-25\bin\instrument.dll
0x00007ffe386c0000 - 0x00007ffe386df000 	C:\Program Files\Java\jdk-25\bin\java.dll
0x00007ffe637c0000 - 0x00007ffe6395a000 	C:\WINDOWS\System32\ole32.dll
0x00007ffe62f60000 - 0x00007ffe636f8000 	C:\WINDOWS\System32\SHELL32.dll
0x00007ffe5f560000 - 0x00007ffe5fe0e000 	C:\WINDOWS\SYSTEM32\windows.storage.dll
0x00007ffe62930000 - 0x00007ffe62a2b000 	C:\WINDOWS\System32\SHCORE.dll
0x00007ffe63f80000 - 0x00007ffe63fe6000 	C:\WINDOWS\System32\shlwapi.dll
0x00007ffe61a60000 - 0x00007ffe61a89000 	C:\WINDOWS\SYSTEM32\profapi.dll
0x00007ffe37b00000 - 0x00007ffe37b17000 	C:\Program Files\Java\jdk-25\bin\zip.dll
0x00007ffe38880000 - 0x00007ffe38892000 	C:\Program Files\Java\jdk-25\bin\net.dll
0x00007ffe60d70000 - 0x00007ffe60ddc000 	C:\WINDOWS\system32\mswsock.dll
0x00007ffe38860000 - 0x00007ffe38876000 	C:\Program Files\Java\jdk-25\bin\nio.dll
0x00007ffe55c40000 - 0x00007ffe55c50000 	C:\Program Files\Java\jdk-25\bin\verify.dll
0x00007ffe55fc0000 - 0x00007ffe55fe7000 	C:\Users\USER\.gradle\native\660c5614fbf4a5f2a75b1949f50a0caf5cd603558e7d8a26e50b933a0cfb79d1\windows-amd64\native-platform.dll
0x00007ffe55e80000 - 0x00007ffe55ef7000 	C:\Users\USER\.gradle\native\0.2.8\x86_64-windows-gnu\gradle-fileevents.dll
0x00007ffe39090000 - 0x00007ffe3909a000 	C:\Program Files\Java\jdk-25\bin\management.dll
0x00007ffe38e00000 - 0x00007ffe38e0c000 	C:\Program Files\Java\jdk-25\bin\management_ext.dll
0x00007ffe626c0000 - 0x00007ffe626c8000 	C:\WINDOWS\System32\PSAPI.DLL
0x00007ffe60180000 - 0x00007ffe601b3000 	C:\WINDOWS\SYSTEM32\IPHLPAPI.DLL
0x00007ffe64480000 - 0x00007ffe6448a000 	C:\WINDOWS\System32\NSI.dll
0x00007ffe38df0000 - 0x00007ffe38df9000 	C:\Program Files\Java\jdk-25\bin\extnet.dll
0x00007ffe61190000 - 0x00007ffe611ab000 	C:\WINDOWS\SYSTEM32\CRYPTSP.dll
0x00007ffe60730000 - 0x00007ffe60769000 	C:\WINDOWS\system32\rsaenh.dll
0x00007ffe60e20000 - 0x00007ffe60e54000 	C:\WINDOWS\SYSTEM32\USERENV.dll
0x00007ffe61a30000 - 0x00007ffe61a5a000 	C:\WINDOWS\SYSTEM32\bcrypt.dll
0x00007ffe60fd0000 - 0x00007ffe60fdc000 	C:\WINDOWS\SYSTEM32\CRYPTBASE.dll
0x00007ffe38850000 - 0x00007ffe3885e000 	C:\Program Files\Java\jdk-25\bin\sunmscapi.dll
0x00007ffe61b40000 - 0x00007ffe61cbe000 	C:\WINDOWS\System32\CRYPT32.dll
0x00007ffe61300000 - 0x00007ffe61330000 	C:\WINDOWS\SYSTEM32\ncrypt.dll
0x00007ffe612b0000 - 0x00007ffe612ef000 	C:\WINDOWS\SYSTEM32\NTASN1.dll
0x00007ffe380c0000 - 0x00007ffe380c8000 	C:\WINDOWS\system32\wshunix.dll
0x00007ffe55b00000 - 0x00007ffe55b07000 	C:\Program Files\Java\jdk-25\bin\rmi.dll
0x00007ffe60900000 - 0x00007ffe60936000 	C:\WINDOWS\SYSTEM32\ntmarta.dll

JVMTI agents:
C:\Users\USER\.gradle\wrapper\dists\gradle-9.3.1-all\9ot9r568e8zfvvd4mn8rbu1j0\gradle-9.3.1\lib\agents\gradle-instrumentation-agent-9.3.1.jar path:C:\Program Files\Java\jdk-25\bin\instrument.dll, loaded, initialized, instrumentlib options:none

dbghelp: loaded successfully - version: 4.0.5 - missing functions: none
symbol engine: initialized successfully - sym options: 0x614 - pdb path: .;C:\Program Files\Java\jdk-25\bin;C:\WINDOWS\SYSTEM32;C:\WINDOWS\WinSxS\amd64_microsoft.windows.common-controls_6595b64144ccf1df_6.0.26100.9278_none_3e0d1ba8e3303201;C:\Program Files\Java\jdk-25\bin\server;C:\Users\USER\.gradle\native\660c5614fbf4a5f2a75b1949f50a0caf5cd603558e7d8a26e50b933a0cfb79d1\windows-amd64;C:\Users\USER\.gradle\native\0.2.8\x86_64-windows-gnu

VM Arguments:
jvm_args: --add-opens=java.base/java.lang=ALL-UNNAMED --add-opens=java.base/java.lang.invoke=ALL-UNNAMED --add-opens=java.base/java.util=ALL-UNNAMED --add-opens=java.prefs/java.util.prefs=ALL-UNNAMED --add-exports=jdk.compiler/com.sun.tools.javac.api=ALL-UNNAMED --add-exports=jdk.compiler/com.sun.tools.javac.util=ALL-UNNAMED --add-opens=java.base/java.util=ALL-UNNAMED --add-opens=java.prefs/java.util.prefs=ALL-UNNAMED --add-opens=java.base/java.nio.charset=ALL-UNNAMED --add-opens=java.base/java.net=ALL-UNNAMED --add-opens=java.base/java.util.concurrent=ALL-UNNAMED --add-opens=java.base/java.util.concurrent.atomic=ALL-UNNAMED --add-opens=java.xml/javax.xml.namespace=ALL-UNNAMED --add-opens=java.base/java.time=ALL-UNNAMED --enable-native-access=ALL-UNNAMED -XX:MaxMetaspaceSize=4G -XX:ReservedCodeCacheSize=512m -XX:+HeapDumpOnOutOfMemoryError -Xmx8G -Dfile.encoding=UTF-8 -Duser.country=US -Duser.language=en -Duser.variant -javaagent:C:\Users\USER\.gradle\wrapper\dists\gradle-9.3.1-all\9ot9r568e8zfvvd4mn8rbu1j0\gradle-9.3.1\lib\agents\gradle-instrumentation-agent-9.3.1.jar 
java_command: org.gradle.launcher.daemon.bootstrap.GradleDaemon 9.3.1
java_class_path (initial): C:\Users\USER\.gradle\wrapper\dists\gradle-9.3.1-all\9ot9r568e8zfvvd4mn8rbu1j0\gradle-9.3.1\lib\gradle-daemon-main-9.3.1.jar
Launcher Type: SUN_STANDARD

[Global flags]
     intx CICompilerCount                          = 12                                        {product} {ergonomic}
     uint ConcGCThreads                            = 3                                         {product} {ergonomic}
     uint G1ConcRefinementThreads                  = 13                                        {product} {ergonomic}
   size_t G1HeapRegionSize                         = 4194304                                   {product} {ergonomic}
     bool HeapDumpOnOutOfMemoryError               = true                                   {manageable} {command line}
   size_t InitialHeapSize                          = 234881024                                 {product} {ergonomic}
   size_t MarkStackSize                            = 4194304                                   {product} {ergonomic}
   size_t MarkStackSizeMax                         = 536870912                                 {product} {ergonomic}
   size_t MaxHeapSize                              = 8589934592                                {product} {command line}
   size_t MaxMetaspaceSize                         = 4294967296                                {product} {command line}
   size_t MaxNewSize                               = 5150605312                                {product} {ergonomic}
   size_t MinHeapDeltaBytes                        = 4194304                                   {product} {ergonomic}
   size_t MinHeapSize                              = 8388608                                   {product} {ergonomic}
    uintx NonNMethodCodeHeapSize                   = 7602176                                {pd product} {ergonomic}
    uintx NonProfiledCodeHeapSize                  = 264699904                              {pd product} {ergonomic}
    uintx ProfiledCodeHeapSize                     = 264568832                              {pd product} {ergonomic}
    uintx ReservedCodeCacheSize                    = 536870912                              {pd product} {command line, ergonomic}
     bool SegmentedCodeCache                       = true                                      {product} {ergonomic}
   size_t SoftMaxHeapSize                          = 8589934592                             {manageable} {ergonomic}
     bool UseCompressedOops                        = true                           {product lp64_product} {ergonomic}
     bool UseG1GC                                  = true                                      {product} {ergonomic}
     bool UseLargePagesIndividualAllocation        = false                                  {pd product} {ergonomic}

Logging:
Log output configuration:
 #0: stdout all=warning uptime,level,tags foldmultilines=false
 #1: stderr all=off uptime,level,tags foldmultilines=false

Release file:
IMPLEMENTOR="Oracle Corporation" 
JAVA_RUNTIME_VERSION="25.0.1+8-LTS-27" 
JAVA_VERSION="25.0.1" 
JAVA_VERSION_DATE="2025-10-21" 
LIBC="default" 
MODULES="java.base java.compiler java.datatransfer java.xml java.prefs java.desktop java.instrument java.logging java.management java.security.sasl java.naming java.rmi java.management.rmi java.net.http java.scripting java.security.jgss java.transaction.xa java.sql java.sql.rowset java.xml.crypto java.se java.smartcardio jdk.accessibility jdk.internal.jvmstat jdk.attach jdk.charsets jdk.internal.opt jdk.zipfs jdk.compiler jdk.crypto.cryptoki jdk.crypto.ec jdk.crypto.mscapi jdk.dynalink jdk.internal.ed jdk.editpad jdk.internal.vm.ci jdk.graal.compiler jdk.graal.compiler.management jdk.hotspot.agent jdk.httpserver jdk.incubator.vector jdk.internal.le jdk.internal.md jdk.jartool jdk.javadoc jdk.jcmd jdk.management jdk.management.agent jdk.jconsole jdk.jdeps jdk.jdwp.agent jdk.jdi jdk.jfr jdk.jlink jdk.jpackage jdk.jshell jdk.jsobject jdk.jstatd jdk.localedata jdk.management.jfr jdk.naming.dns jdk.naming.rmi jdk.net jdk.nio.mapmode jdk.sctp jdk.security.auth jdk.security.jgss jdk.unsupported jdk.unsupported.desktop jdk.xml.dom" 
OS_ARCH="x86_64" 
OS_NAME="Windows" 
SOURCE=".:git:862c85bc42b7 open:git:78770bfaefd2" 

Environment Variables:
JAVA_HOME=C:\Program Files\Java\jdk-25
PATH=C:\app\USER\product\21c\dbhomeXE\bin;C:\Program Files\Common Files\Oracle\Java\javapath;C:\WINDOWS\system32;C:\WINDOWS;C:\WINDOWS\System32\Wbem;C:\WINDOWS\System32\WindowsPowerShell\v1.0\;C:\WINDOWS\System32\OpenSSH\;C:\Program Files\MySQL\MySQL Server 8.0\bin;C:\Program Files\dotnet\;C:\Program Files\Git\cmd;C:\Users\USER\AppData\Local\nvm;C:\nvm4w\nodejs;D:\R-4.5.1\bin;C:\Program Files\Java\jdk-25\bin;C:\Users\USER\Downloads\sqldeveloper-24.3.1.347.1826-x64\sqldeveloper\jdk\jre\bin;C:\Program Files\MySQL\MySQL Server 8.0\bin;C:\Users\USER\AppData\Local\Python\pythoncore-3.14-64\Scripts;C:\Program Files\MySQL\MySQL Shell 8.0\bin\;d:\cursor\resources\app\codeBin;C:\Users\USER\AppData\Local\Microsoft\WindowsApps;C:\Users\USER\AppData\Local\GitHubDesktop\bin;C:\Users\USER\.dotnet\tools;C:\Users\USER\AppData\Local\Programs\Microsoft VS Code\bin;C:\Users\USER\AppData\Roaming\npm;C:\ProgramData\USER\GitHubDesktop\bin;C:\Users\USER\AppData\Local\nvm;C:\nvm4w\nodejs;D:\New folder (2)\Windsurf\bin;C:\Users\USER\AppData\Local\Python\bin;C:\Program Files\JetBrains\IntelliJ IDEA 2025.3.2\bin;D:\Antigravity IDE\bin;C:\src\flutter\bin;
USERNAME=USER
OS=Windows_NT
PROCESSOR_IDENTIFIER=AMD64 Family 25 Model 80 Stepping 0, AuthenticAMD
TMP=C:\Users\USER\AppData\Local\Temp
TEMP=C:\Users\USER\AppData\Local\Temp




Compilation memory statistics disabled.

Periodic native trim disabled

---------------  S Y S T E M  ---------------

OS:
 Windows 11 , 64 bit Build 26100 (10.0.26100.9444)
OS uptime: 0 days 0:22 hours
Hyper-V role detected

CPU: total 16 (initial active 16) (16 cores per cpu, 2 threads per core) family 25 model 80 stepping 0 microcode 0xa50000f, cx8, cmov, fxsr, ht, mmx, 3dnowpref, sse, sse2, sse3, ssse3, sse4a, sse4.1, sse4.2, popcnt, lzcnt, tsc, tscinvbit, avx, avx2, aes, erms, clmul, bmi1, bmi2, adx, sha, fma, vzeroupper, clflush, clflushopt, clwb, hv, rdtscp, rdpid, fsrm, f16c, cet_ss
Processor Information for the first 16 processors :
  Max Mhz: 2000, Current Mhz: 2000, Mhz Limit: 2000

Memory: 4k page, system-wide physical 14173M (522M free)
TotalPageFile size 22365M (AvailPageFile size 37M)
current process WorkingSet (physical memory assigned to process): 750M, peak: 752M
current process commit charge ("private bytes"): 813M, peak: 889M

vm_info: Java HotSpot(TM) 64-Bit Server VM (25.0.1+8-LTS-27) for windows-amd64 JRE (25.0.1+8-LTS-27), built on 2025-09-25T16:41:16Z with unknown MS VC++:1943

END.
