#
# There is insufficient memory for the Java Runtime Environment to continue.
# Native memory allocation (malloc) failed to allocate 32752 bytes. Error detail: Chunk::new
# Possible reasons:
#   The system is out of physical RAM or swap space
#   This process is running with CompressedOops enabled, and the Java Heap may be blocking the growth of the native heap
# Possible solutions:
#   Reduce memory load on the system
#   Increase physical memory or swap space
#   Check if swap backing store is full
#   Decrease Java heap size (-Xmx/-Xms)
#   Decrease number of Java threads
#   Decrease Java thread stack sizes (-Xss)
#   Set larger code cache with -XX:ReservedCodeCacheSize=
#   JVM is running with Zero Based Compressed Oops mode in which the Java heap is
#     placed in the first 32GB address space. The Java Heap base address is the
#     maximum limit for the native heap growth. Please use -XX:HeapBaseMinAddress
#     to set the Java Heap base and to place the Java Heap above 32GB virtual address.
# This output file may be truncated or incomplete.
#
#  Out of Memory Error (arena.cpp:186), pid=13740, tid=12488
#
# JRE version: OpenJDK Runtime Environment (25.0.3) (build 25.0.3+-15898627-b508.16)
# Java VM: OpenJDK 64-Bit Server VM (25.0.3+-15898627-b508.16, mixed mode, tiered, compressed oops, compressed class ptrs, g1 gc, windows-amd64)
# No core dump will be written. Minidumps are not enabled by default on client versions of Windows
#

---------------  S U M M A R Y ------------

Command Line: --add-opens=java.base/java.lang=ALL-UNNAMED --add-opens=java.base/java.lang.invoke=ALL-UNNAMED --add-opens=java.base/java.util=ALL-UNNAMED --add-opens=java.prefs/java.util.prefs=ALL-UNNAMED --add-exports=jdk.compiler/com.sun.tools.javac.api=ALL-UNNAMED --add-exports=jdk.compiler/com.sun.tools.javac.util=ALL-UNNAMED --add-opens=java.base/java.util=ALL-UNNAMED --add-opens=java.prefs/java.util.prefs=ALL-UNNAMED --add-opens=java.base/java.nio.charset=ALL-UNNAMED --add-opens=java.base/java.net=ALL-UNNAMED --add-opens=java.base/java.util.concurrent=ALL-UNNAMED --add-opens=java.base/java.util.concurrent.atomic=ALL-UNNAMED --add-opens=java.xml/javax.xml.namespace=ALL-UNNAMED --add-opens=java.base/java.time=ALL-UNNAMED --enable-native-access=ALL-UNNAMED -XX:MaxMetaspaceSize=4G -XX:ReservedCodeCacheSize=512m -XX:+HeapDumpOnOutOfMemoryError -Xmx8G -Dfile.encoding=UTF-8 -Duser.country=US -Duser.language=en -Duser.variant -javaagent:C:\Users\USER\.gradle\wrapper\dists\gradle-9.3.1-all\9ot9r568e8zfvvd4mn8rbu1j0\gradle-9.3.1\lib\agents\gradle-instrumentation-agent-9.3.1.jar org.gradle.launcher.daemon.bootstrap.GradleDaemon 9.3.1

Host: AMD Ryzen 7 7730U with Radeon Graphics         , 16 cores, 13G,  Windows 11 , 64 bit Build 26100 (10.0.26100.9444)
Time: Tue Oct  6 11:44:44 2026 Sri Lanka Standard Time elapsed time: 21.522806 seconds (0d 0h 0m 21s)

---------------  T H R E A D  ---------------

Current thread (0x000002eeb6527dc0):  JavaThread "C1 CompilerThread3" daemon [_thread_in_native, id=12488, stack(0x000000f6e4500000,0x000000f6e4600000) (1024K)]


Current CompileTask:
C1:21522 19638       3       org.gradle.internal.io.LineBufferingOutputStream::endsWithLineSeparator (27 bytes)

Stack: [0x000000f6e4500000,0x000000f6e4600000]
Native frames: (J=compiled Java code, j=interpreted, Vv=VM code, C=native code)
V  [jvm.dll+0x7bf039]  (no source info available)
V  [jvm.dll+0x78912d]  (no source info available)
V  [jvm.dll+0xa0e615]  (no source info available)
V  [jvm.dll+0xa10c94]  (no source info available)
V  [jvm.dll+0xa11393]  (no source info available)
V  [jvm.dll+0x30a116]  (no source info available)
V  [jvm.dll+0x10eda9]  (no source info available)
V  [jvm.dll+0x10f0d2]  (no source info available)
V  [jvm.dll+0x30cc2c]  (no source info available)
V  [jvm.dll+0x30ce5c]  (no source info available)
V  [jvm.dll+0x30c8b9]  (no source info available)
V  [jvm.dll+0x1df15a]  (no source info available)
V  [jvm.dll+0x1df0e5]  (no source info available)
V  [jvm.dll+0x1e5237]  (no source info available)
V  [jvm.dll+0x1c5e98]  (no source info available)
V  [jvm.dll+0x1e6332]  (no source info available)
V  [jvm.dll+0x1c81e3]  (no source info available)
V  [jvm.dll+0x1c7cde]  (no source info available)
V  [jvm.dll+0x1c7efb]  (no source info available)
V  [jvm.dll+0x1c71a6]  (no source info available)
V  [jvm.dll+0x1c9041]  (no source info available)
V  [jvm.dll+0x2dd025]  (no source info available)
V  [jvm.dll+0x2db226]  (no source info available)
V  [jvm.dll+0x49c12e]  (no source info available)
V  [jvm.dll+0x9ad738]  (no source info available)
V  [jvm.dll+0x7bd585]  (no source info available)
C  [ucrtbase.dll+0x2cd30]  (no source info available)
C  [KERNEL32.DLL+0x2cd87]  (no source info available)
C  [ntdll.dll+0xacaec]  (no source info available)

Lock stack of current Java thread (top to bottom):


---------------  P R O C E S S  ---------------

Threads class SMR info:
_java_thread_list=0x000002eec3be8d40, length=234, elements={
0x000002eefe739120, 0x000002eeb600f6e0, 0x000002eeb6011550, 0x000002eeb6012f20,
0x000002eeb6038c90, 0x000002eeb6039450, 0x000002eeb603b6f0, 0x000002eeb603c2b0,
0x000002eeb6041260, 0x000002eeb604f610, 0x000002eeb6175df0, 0x000002eeb64233b0,
0x000002eeb75b3400, 0x000002eeb90cad00, 0x000002eeb89d1b00, 0x000002eeb95dd8e0,
0x000002eeb95dbc40, 0x000002eeb97cebf0, 0x000002eeb90ac0c0, 0x000002eeb90ad830,
0x000002eeb90ad060, 0x000002eeb90aa180, 0x000002eeb90aefa0, 0x000002eeb90ae7d0,
0x000002eeb90b0ee0, 0x000002eebab4ecd0, 0x000002eebab4f4a0, 0x000002eebab4fc70,
0x000002eebab4d560, 0x000002eebab50c10, 0x000002eebab4dd30, 0x000002eebab51bb0,
0x000002eebab52b50, 0x000002eeb9b9db40, 0x000002eeb9ba2960, 0x000002eeb9ba2190,
0x000002eeb9ba3130, 0x000002eeb9e424f0, 0x000002eeb9e3fde0, 0x000002eeb9e405b0,
0x000002eeb9e3f610, 0x000002eeba821e90, 0x000002eeba81ff50, 0x000002eeba820ef0,
0x000002eeba81efb0, 0x000002eeba822e30, 0x000002eeba823dd0, 0x000002eeba820720,
0x000002eeba8245a0, 0x000002eeb8c1db00, 0x000002eeb8c1bbc0, 0x000002eeb8c1a450,
0x000002eeb8c1e2d0, 0x000002eeb8c1eaa0, 0x000002eeb8c1fa40, 0x000002eeb8c211b0,
0x000002eeb8c20210, 0x000002eebab7d120, 0x000002eebab7d8f0, 0x000002eebab7c950,
0x000002eebab7aa10, 0x000002eebab7b9b0, 0x000002eebab7e890, 0x000002eebab807d0,
0x000002eeb6564d60, 0x000002eeb65664d0, 0x000002eeb6567470, 0x000002eeb6565530,
0x000002eeb656ab20, 0x000002eeb656a350, 0x000002eeb6567c40, 0x000002eeb656e1d0,
0x000002eeb656c290, 0x000002eeb656bac0, 0x000002eeb6570110, 0x000002eeb65708e0,
0x000002eeb6572820, 0x000002eeb6572050, 0x000002eeb6571880, 0x000002eebbf93c20,
0x000002eebbf96b00, 0x000002eebbf9a1b0, 0x000002eebbf98a40, 0x000002eebbf9a980,
0x000002eebbf99210, 0x000002eebbf9d860, 0x000002eebbf9e800, 0x000002eebbf9f7a0,
0x000002eebbf9ff70, 0x000002eebbf9d090, 0x000002eebbfa16e0, 0x000002eebbfa2680,
0x000002eeb6047e20, 0x000002eeb60485f0, 0x000002eeb8905360, 0x000002eeb8906300,
0x000002eeb8903420, 0x000002eeb89043c0, 0x000002eeb8906ad0, 0x000002eeb890b120,
0x000002eeb8907a70, 0x000002eeb8908240, 0x000002eeb8908a10, 0x000002eeb890e7d0,
0x000002eeb890e000, 0x000002eeb890ff40, 0x000002eeb89116b0, 0x000002eeb890efa0,
0x000002eeb8910ee0, 0x000002eebcdf7860, 0x000002eebcdfbeb0, 0x000002eebcdfaf10,
0x000002eebcdf97a0, 0x000002eebcdf8fd0, 0x000002eebcdfed90, 0x000002eebcdfddf0,
0x000002eebcdff560, 0x000002eebcdfce50, 0x000002eebce03bb0, 0x000002eebce033e0,
0x000002eebce04380, 0x000002eebce04b50, 0x000002eebce01c70, 0x000002eebce05af0,
0x000002eec2772ba0, 0x000002eec2775a80, 0x000002eec2773370, 0x000002eec27771f0,
0x000002eec2773b40, 0x000002eec2779130, 0x000002eec2778190, 0x000002eec2779900,
0x000002eec277a8a0, 0x000002eec277a0d0, 0x000002eec277e720, 0x000002eec277d780,
0x000002eec277df50, 0x000002eec277eef0, 0x000002eec277c010, 0x000002eec2780660,
0x000002eec2780e30, 0x000002eec2785480, 0x000002eec27844e0, 0x000002eec2781dd0,
0x000002eec27825a0, 0x000002eec2788b30, 0x000002eec27873c0, 0x000002eec2787b90,
0x000002eec278aa70, 0x000002eeb6179e70, 0x000002eeb6527dc0, 0x000002eec278e8f0,
0x000002eec278f890, 0x000002eec278c1e0, 0x000002eec2790830, 0x000002eebbf972d0,
0x000002eebbf943f0, 0x000002eeb604ad00, 0x000002eeb83458e0, 0x000002eeb83439a0,
0x000002eeb8344170, 0x000002eeb83460b0, 0x000002eeb8346880, 0x000002eeb8349760,
0x000002eeb8347ff0, 0x000002eeb8349f30, 0x000002eeb834aed0, 0x000002eeb834b6a0,
0x000002eeb834d5e0, 0x000002eeb834ddb0, 0x000002eeb834c640, 0x000002eeb834ce10,
0x000002eeb8351460, 0x000002eeb8350c90, 0x000002eeb834ed50, 0x000002eeb83533a0,
0x000002eeb8355ab0, 0x000002eeb8356a50, 0x000002eeb8354b10, 0x000002eeb8359930,
0x000002eeb83581c0, 0x000002eeb835b0a0, 0x000002eeb835b870, 0x000002eeb835c810,
0x000002eeb835df80, 0x000002eeb835f6f0, 0x000002eeb835e750, 0x000002eeb835fec0,
0x000002eeb8360e60, 0x000002eeb8361e00, 0x000002eec2788360, 0x000002eeb8b6ee70,
0x000002eeb8b705e0, 0x000002eeb8b70db0, 0x000002eeb8b6f640, 0x000002eeb8b6ded0,
0x000002eeb8b78ab0, 0x000002eeb8b75bd0, 0x000002eeb8b7d8d0, 0x000002eeb8b7c160,
0x000002eeb8b7ffe0, 0x000002eeb8b81750, 0x000002eeb8b826f0, 0x000002eeb8b82ec0,
0x000002eeb8b83e60, 0x000002eeb8b86d40, 0x000002eeb8b87ce0, 0x000002eeb8b884b0,
0x000002eeb8b84e00, 0x000002eeb8b855d0, 0x000002eeb8b85da0, 0x000002eeb8b89c20,
0x000002eeb8b8b390, 0x000002eeb739bc70, 0x000002eebd1df860, 0x000002eebd1dc1b0,
0x000002eebd1df090, 0x000002eebd1e0030, 0x000002eebd1dd920, 0x000002eebd1e2740,
0x000002eebd1e2f10, 0x000002eebd1e0fd0, 0x000002eebd1e0800, 0x000002eebd1e65c0,
0x000002eebd1e5620, 0x000002eebd1e4680, 0x000002eebd1eb3e0, 0x000002eebd1ea440,
0x000002eebd1ee2c0, 0x000002eebd1f2910, 0x000002eebd1f09d0, 0x000002eebd1ef260,
0x000002eebd1f30e0, 0x000002eebd1f6790
}

Java Threads: ( => current thread )
  0x000002eefe739120 JavaThread "main"                              [_thread_blocked, id=18728, stack(0x000000f6e3100000,0x000000f6e3200000) (1024K)]
  0x000002eeb600f6e0 JavaThread "Common-Cleaner"             daemon [_thread_blocked, id=19520, stack(0x000000f6e3900000,0x000000f6e3a00000) (1024K)]
  0x000002eeb6011550 JavaThread "Reference Handler"          daemon [_thread_blocked, id=4060, stack(0x000000f6e3a00000,0x000000f6e3b00000) (1024K)]
  0x000002eeb6012f20 JavaThread "Finalizer"                  daemon [_thread_blocked, id=13596, stack(0x000000f6e3b00000,0x000000f6e3c00000) (1024K)]
  0x000002eeb6038c90 JavaThread "Signal Dispatcher"          daemon [_thread_blocked, id=17600, stack(0x000000f6e3c00000,0x000000f6e3d00000) (1024K)]
  0x000002eeb6039450 JavaThread "Attach Listener"            daemon [_thread_blocked, id=21280, stack(0x000000f6e3d00000,0x000000f6e3e00000) (1024K)]
  0x000002eeb603b6f0 JavaThread "Service Thread"             daemon [_thread_blocked, id=19788, stack(0x000000f6e3e00000,0x000000f6e3f00000) (1024K)]
  0x000002eeb603c2b0 JavaThread "Monitor Deflation Thread"   daemon [_thread_blocked, id=11272, stack(0x000000f6e3f00000,0x000000f6e4000000) (1024K)]
  0x000002eeb6041260 JavaThread "C2 CompilerThread0"         daemon [_thread_in_native, id=12312, stack(0x000000f6e4000000,0x000000f6e4100000) (1024K)]
  0x000002eeb604f610 JavaThread "C1 CompilerThread0"         daemon [_thread_in_native, id=2060, stack(0x000000f6e4100000,0x000000f6e4200000) (1024K)]
  0x000002eeb6175df0 JavaThread "C1 CompilerThread1"         daemon [_thread_in_native, id=13600, stack(0x000000f6e4200000,0x000000f6e4300000) (1024K)]
  0x000002eeb64233b0 JavaThread "Notification Thread"        daemon [_thread_blocked, id=2312, stack(0x000000f6e4400000,0x000000f6e4500000) (1024K)]
  0x000002eeb75b3400 JavaThread "Daemon health stats"               [_thread_blocked, id=12376, stack(0x000000f6e4f00000,0x000000f6e5000000) (1024K)]
  0x000002eeb90cad00 JavaThread "Incoming local TCP Connector on port 59810"        [_thread_in_native, id=21904, stack(0x000000f6e5000000,0x000000f6e5100000) (1024K)]
  0x000002eeb89d1b00 JavaThread "Daemon periodic checks"            [_thread_blocked, id=9480, stack(0x000000f6e5100000,0x000000f6e5200000) (1024K)]
  0x000002eeb95dd8e0 JavaThread "Daemon"                            [_thread_blocked, id=12576, stack(0x000000f6e5200000,0x000000f6e5300000) (1024K)]
  0x000002eeb95dbc40 JavaThread "Handler for socket connection from /127.0.0.1:59810 to /127.0.0.1:59811"        [_thread_in_native, id=8748, stack(0x000000f6e5300000,0x000000f6e5400000) (1024K)]
  0x000002eeb97cebf0 JavaThread "Cancel handler"                    [_thread_blocked, id=5836, stack(0x000000f6e5d00000,0x000000f6e5e00000) (1024K)]
  0x000002eeb90ac0c0 JavaThread "Daemon worker"                     [_thread_blocked, id=3140, stack(0x000000f6e5e00000,0x000000f6e5f00000) (1024K)]
  0x000002eeb90ad830 JavaThread "Asynchronous log dispatcher for DefaultDaemonConnection: socket connection from /127.0.0.1:59810 to /127.0.0.1:59811"        [_thread_blocked, id=4864, stack(0x000000f6e5f00000,0x000000f6e6000000) (1024K)]
  0x000002eeb90ad060 JavaThread "Stdin handler"                     [_thread_blocked, id=1196, stack(0x000000f6e6000000,0x000000f6e6100000) (1024K)]
  0x000002eeb90aa180 JavaThread "Daemon client event forwarder"        [_thread_blocked, id=7416, stack(0x000000f6e6100000,0x000000f6e6200000) (1024K)]
  0x000002eeb90aefa0 JavaThread "Cache worker for journal cache (C:\Users\USER\.gradle\caches\journal-1)"        [_thread_blocked, id=8216, stack(0x000000f6e4800000,0x000000f6e4900000) (1024K)]
  0x000002eeb90ae7d0 JavaThread "File lock request listener"        [_thread_in_native, id=7812, stack(0x000000f6e6200000,0x000000f6e6300000) (1024K)]
  0x000002eeb90b0ee0 JavaThread "Cache worker for file hash cache (C:\Users\USER\.gradle\caches\9.3.1\fileHashes)"        [_thread_blocked, id=8328, stack(0x000000f6e6300000,0x000000f6e6400000) (1024K)]
  0x000002eebab4ecd0 JavaThread "Cache worker for file hash cache (D:\farmer-buyer-marketplace\android\.gradle\9.3.1\fileHashes)"        [_thread_blocked, id=7992, stack(0x000000f6e6400000,0x000000f6e6500000) (1024K)]
  0x000002eebab4f4a0 JavaThread "Cache worker for Build Output Cleanup Cache (D:\farmer-buyer-marketplace\android\.gradle\buildOutputCleanup)"        [_thread_blocked, id=21376, stack(0x000000f6e6500000,0x000000f6e6600000) (1024K)]
  0x000002eebab4fc70 JavaThread "File watcher server"        daemon [_thread_in_native, id=12924, stack(0x000000f6e6600000,0x000000f6e6700000) (1024K)]
  0x000002eebab4d560 JavaThread "File watcher consumer"      daemon [_thread_blocked, id=9300, stack(0x000000f6e6700000,0x000000f6e6800000) (1024K)]
  0x000002eebab50c10 JavaThread "Cache worker for checksums cache (D:\farmer-buyer-marketplace\android\.gradle\9.3.1\checksums)"        [_thread_blocked, id=18920, stack(0x000000f6e6800000,0x000000f6e6900000) (1024K)]
  0x000002eebab4dd30 JavaThread "Cache worker for file content cache (C:\Users\USER\.gradle\caches\9.3.1\fileContent)"        [_thread_blocked, id=20272, stack(0x000000f6e6900000,0x000000f6e6a00000) (1024K)]
  0x000002eebab51bb0 JavaThread "Cache worker for cache directory md-supplier (C:\Users\USER\.gradle\caches\9.3.1\md-supplier)"        [_thread_blocked, id=15664, stack(0x000000f6e6a00000,0x000000f6e6b00000) (1024K)]
  0x000002eebab52b50 JavaThread "Cache worker for cache directory md-rule (C:\Users\USER\.gradle\caches\9.3.1\md-rule)"        [_thread_blocked, id=21484, stack(0x000000f6e6b00000,0x000000f6e6c00000) (1024K)]
  0x000002eeb9b9db40 JavaThread "Cache worker for Build Output Cleanup Cache (C:\src\flutter\packages\flutter_tools\gradle\.gradle\buildOutputCleanup)"        [_thread_blocked, id=7636, stack(0x000000f6e6c00000,0x000000f6e6d00000) (1024K)]
  0x000002eeb9ba2960 JavaThread "Unconstrained build operations"        [_thread_blocked, id=14876, stack(0x000000f6e6d00000,0x000000f6e6e00000) (1024K)]
  0x000002eeb9ba2190 JavaThread "Unconstrained build operations Thread 2"        [_thread_blocked, id=21652, stack(0x000000f6e6e00000,0x000000f6e6f00000) (1024K)]
  0x000002eeb9ba3130 JavaThread "Unconstrained build operations Thread 3"        [_thread_blocked, id=12864, stack(0x000000f6e6f00000,0x000000f6e7000000) (1024K)]
  0x000002eeb9e424f0 JavaThread "Unconstrained build operations Thread 4"        [_thread_blocked, id=5644, stack(0x000000f6e7000000,0x000000f6e7100000) (1024K)]
  0x000002eeb9e3fde0 JavaThread "Unconstrained build operations Thread 5"        [_thread_blocked, id=12128, stack(0x000000f6e7100000,0x000000f6e7200000) (1024K)]
  0x000002eeb9e405b0 JavaThread "Unconstrained build operations Thread 6"        [_thread_blocked, id=14348, stack(0x000000f6e7200000,0x000000f6e7300000) (1024K)]
  0x000002eeb9e3f610 JavaThread "Unconstrained build operations Thread 7"        [_thread_blocked, id=2896, stack(0x000000f6e7300000,0x000000f6e7400000) (1024K)]
  0x000002eeba821e90 JavaThread "Unconstrained build operations Thread 8"        [_thread_blocked, id=21540, stack(0x000000f6e7400000,0x000000f6e7500000) (1024K)]
  0x000002eeba81ff50 JavaThread "Unconstrained build operations Thread 9"        [_thread_blocked, id=19976, stack(0x000000f6e7500000,0x000000f6e7600000) (1024K)]
  0x000002eeba820ef0 JavaThread "Unconstrained build operations Thread 10"        [_thread_blocked, id=10200, stack(0x000000f6e7600000,0x000000f6e7700000) (1024K)]
  0x000002eeba81efb0 JavaThread "Unconstrained build operations Thread 11"        [_thread_blocked, id=17448, stack(0x000000f6e7700000,0x000000f6e7800000) (1024K)]
  0x000002eeba822e30 JavaThread "Unconstrained build operations Thread 12"        [_thread_blocked, id=18560, stack(0x000000f6e7800000,0x000000f6e7900000) (1024K)]
  0x000002eeba823dd0 JavaThread "Unconstrained build operations Thread 13"        [_thread_blocked, id=14012, stack(0x000000f6e7900000,0x000000f6e7a00000) (1024K)]
  0x000002eeba820720 JavaThread "Unconstrained build operations Thread 14"        [_thread_blocked, id=1952, stack(0x000000f6e7a00000,0x000000f6e7b00000) (1024K)]
  0x000002eeba8245a0 JavaThread "Unconstrained build operations Thread 15"        [_thread_blocked, id=2360, stack(0x000000f6e7b00000,0x000000f6e7c00000) (1024K)]
  0x000002eeb8c1db00 JavaThread "Unconstrained build operations Thread 16"        [_thread_blocked, id=7948, stack(0x000000f6e7c00000,0x000000f6e7d00000) (1024K)]
  0x000002eeb8c1bbc0 JavaThread "Unconstrained build operations Thread 17"        [_thread_blocked, id=5988, stack(0x000000f6e7d00000,0x000000f6e7e00000) (1024K)]
  0x000002eeb8c1a450 JavaThread "Unconstrained build operations Thread 18"        [_thread_blocked, id=13140, stack(0x000000f6e7e00000,0x000000f6e7f00000) (1024K)]
  0x000002eeb8c1e2d0 JavaThread "Unconstrained build operations Thread 19"        [_thread_blocked, id=16296, stack(0x000000f6e7f00000,0x000000f6e8000000) (1024K)]
  0x000002eeb8c1eaa0 JavaThread "Unconstrained build operations Thread 20"        [_thread_blocked, id=9304, stack(0x000000f6e8000000,0x000000f6e8100000) (1024K)]
  0x000002eeb8c1fa40 JavaThread "Unconstrained build operations Thread 21"        [_thread_blocked, id=20208, stack(0x000000f6e8100000,0x000000f6e8200000) (1024K)]
  0x000002eeb8c211b0 JavaThread "Unconstrained build operations Thread 22"        [_thread_blocked, id=21200, stack(0x000000f6e8200000,0x000000f6e8300000) (1024K)]
  0x000002eeb8c20210 JavaThread "Unconstrained build operations Thread 23"        [_thread_blocked, id=4192, stack(0x000000f6e8300000,0x000000f6e8400000) (1024K)]
  0x000002eebab7d120 JavaThread "Unconstrained build operations Thread 24"        [_thread_blocked, id=20292, stack(0x000000f6e8400000,0x000000f6e8500000) (1024K)]
  0x000002eebab7d8f0 JavaThread "Unconstrained build operations Thread 25"        [_thread_blocked, id=11136, stack(0x000000f6e8500000,0x000000f6e8600000) (1024K)]
  0x000002eebab7c950 JavaThread "Unconstrained build operations Thread 26"        [_thread_blocked, id=1812, stack(0x000000f6e8600000,0x000000f6e8700000) (1024K)]
  0x000002eebab7aa10 JavaThread "Unconstrained build operations Thread 27"        [_thread_blocked, id=14848, stack(0x000000f6e8700000,0x000000f6e8800000) (1024K)]
  0x000002eebab7b9b0 JavaThread "Unconstrained build operations Thread 28"        [_thread_blocked, id=6824, stack(0x000000f6e8800000,0x000000f6e8900000) (1024K)]
  0x000002eebab7e890 JavaThread "Unconstrained build operations Thread 29"        [_thread_blocked, id=6112, stack(0x000000f6e8900000,0x000000f6e8a00000) (1024K)]
  0x000002eebab807d0 JavaThread "Unconstrained build operations Thread 30"        [_thread_blocked, id=10712, stack(0x000000f6e8a00000,0x000000f6e8b00000) (1024K)]
  0x000002eeb6564d60 JavaThread "Unconstrained build operations Thread 31"        [_thread_blocked, id=12992, stack(0x000000f6e8b00000,0x000000f6e8c00000) (1024K)]
  0x000002eeb65664d0 JavaThread "Unconstrained build operations Thread 32"        [_thread_blocked, id=3584, stack(0x000000f6e8c00000,0x000000f6e8d00000) (1024K)]
  0x000002eeb6567470 JavaThread "Unconstrained build operations Thread 33"        [_thread_blocked, id=20564, stack(0x000000f6e8d00000,0x000000f6e8e00000) (1024K)]
  0x000002eeb6565530 JavaThread "Unconstrained build operations Thread 34"        [_thread_blocked, id=18340, stack(0x000000f6e8e00000,0x000000f6e8f00000) (1024K)]
  0x000002eeb656ab20 JavaThread "Unconstrained build operations Thread 35"        [_thread_blocked, id=18904, stack(0x000000f6e8f00000,0x000000f6e9000000) (1024K)]
  0x000002eeb656a350 JavaThread "Unconstrained build operations Thread 36"        [_thread_blocked, id=7020, stack(0x000000f6e9000000,0x000000f6e9100000) (1024K)]
  0x000002eeb6567c40 JavaThread "Unconstrained build operations Thread 37"        [_thread_blocked, id=2212, stack(0x000000f6e9100000,0x000000f6e9200000) (1024K)]
  0x000002eeb656e1d0 JavaThread "Unconstrained build operations Thread 38"        [_thread_blocked, id=8972, stack(0x000000f6e9200000,0x000000f6e9300000) (1024K)]
  0x000002eeb656c290 JavaThread "Unconstrained build operations Thread 39"        [_thread_blocked, id=9516, stack(0x000000f6e9300000,0x000000f6e9400000) (1024K)]
  0x000002eeb656bac0 JavaThread "Unconstrained build operations Thread 40"        [_thread_blocked, id=3916, stack(0x000000f6e9400000,0x000000f6e9500000) (1024K)]
  0x000002eeb6570110 JavaThread "Unconstrained build operations Thread 41"        [_thread_blocked, id=19100, stack(0x000000f6e9500000,0x000000f6e9600000) (1024K)]
  0x000002eeb65708e0 JavaThread "Unconstrained build operations Thread 42"        [_thread_blocked, id=19400, stack(0x000000f6e9600000,0x000000f6e9700000) (1024K)]
  0x000002eeb6572820 JavaThread "Unconstrained build operations Thread 43"        [_thread_blocked, id=5172, stack(0x000000f6e9700000,0x000000f6e9800000) (1024K)]
  0x000002eeb6572050 JavaThread "Unconstrained build operations Thread 44"        [_thread_blocked, id=5520, stack(0x000000f6e9800000,0x000000f6e9900000) (1024K)]
  0x000002eeb6571880 JavaThread "Unconstrained build operations Thread 45"        [_thread_blocked, id=17380, stack(0x000000f6e9900000,0x000000f6e9a00000) (1024K)]
  0x000002eebbf93c20 JavaThread "Memory manager"                    [_thread_blocked, id=3832, stack(0x000000f6e9b00000,0x000000f6e9c00000) (1024K)]
  0x000002eebbf96b00 JavaThread "build event listener"              [_thread_blocked, id=18216, stack(0x000000f6e4700000,0x000000f6e4800000) (1024K)]
  0x000002eebbf9a1b0 JavaThread "included builds"                   [_thread_blocked, id=22196, stack(0x000000f6e9c00000,0x000000f6e9d00000) (1024K)]
  0x000002eebbf98a40 JavaThread "Execution worker"                  [_thread_blocked, id=5440, stack(0x000000f6e9d00000,0x000000f6e9e00000) (1024K)]
  0x000002eebbf9a980 JavaThread "Execution worker Thread 2"         [_thread_blocked, id=22316, stack(0x000000f6e9e00000,0x000000f6e9f00000) (1024K)]
  0x000002eebbf99210 JavaThread "Execution worker Thread 3"         [_thread_blocked, id=19124, stack(0x000000f6e9f00000,0x000000f6ea000000) (1024K)]
  0x000002eebbf9d860 JavaThread "Execution worker Thread 4"         [_thread_blocked, id=15240, stack(0x000000f6ea000000,0x000000f6ea100000) (1024K)]
  0x000002eebbf9e800 JavaThread "Execution worker Thread 5"         [_thread_blocked, id=21324, stack(0x000000f6ea100000,0x000000f6ea200000) (1024K)]
  0x000002eebbf9f7a0 JavaThread "Execution worker Thread 6"         [_thread_blocked, id=5348, stack(0x000000f6ea200000,0x000000f6ea300000) (1024K)]
  0x000002eebbf9ff70 JavaThread "Execution worker Thread 7"         [_thread_blocked, id=13172, stack(0x000000f6ea300000,0x000000f6ea400000) (1024K)]
  0x000002eebbf9d090 JavaThread "Execution worker Thread 8"         [_thread_blocked, id=18752, stack(0x000000f6ea400000,0x000000f6ea500000) (1024K)]
  0x000002eebbfa16e0 JavaThread "Execution worker Thread 9"         [_thread_blocked, id=8016, stack(0x000000f6ea500000,0x000000f6ea600000) (1024K)]
  0x000002eebbfa2680 JavaThread "Execution worker Thread 10"        [_thread_blocked, id=21636, stack(0x000000f6ea600000,0x000000f6ea700000) (1024K)]
  0x000002eeb6047e20 JavaThread "Execution worker Thread 11"        [_thread_blocked, id=5240, stack(0x000000f6ea700000,0x000000f6ea800000) (1024K)]
  0x000002eeb60485f0 JavaThread "Execution worker Thread 12"        [_thread_blocked, id=19020, stack(0x000000f6ea800000,0x000000f6ea900000) (1024K)]
  0x000002eeb8905360 JavaThread "Execution worker Thread 13"        [_thread_blocked, id=12860, stack(0x000000f6ea900000,0x000000f6eaa00000) (1024K)]
  0x000002eeb8906300 JavaThread "Execution worker Thread 14"        [_thread_blocked, id=20096, stack(0x000000f6eaa00000,0x000000f6eab00000) (1024K)]
  0x000002eeb8903420 JavaThread "Execution worker Thread 15"        [_thread_blocked, id=21204, stack(0x000000f6eab00000,0x000000f6eac00000) (1024K)]
  0x000002eeb89043c0 JavaThread "Cache worker for execution history cache (C:\src\flutter\packages\flutter_tools\gradle\.gradle\9.3.1\executionHistory)"        [_thread_blocked, id=5408, stack(0x000000f6eac00000,0x000000f6ead00000) (1024K)]
  0x000002eeb8906ad0 JavaThread "Unconstrained build operations Thread 46"        [_thread_blocked, id=20120, stack(0x000000f6ead00000,0x000000f6eae00000) (1024K)]
  0x000002eeb890b120 JavaThread "Unconstrained build operations Thread 47"        [_thread_blocked, id=13452, stack(0x000000f6eae00000,0x000000f6eaf00000) (1024K)]
  0x000002eeb8907a70 JavaThread "Unconstrained build operations Thread 48"        [_thread_blocked, id=3800, stack(0x000000f6eaf00000,0x000000f6eb000000) (1024K)]
  0x000002eeb8908240 JavaThread "Unconstrained build operations Thread 49"        [_thread_blocked, id=15504, stack(0x000000f6eb000000,0x000000f6eb100000) (1024K)]
  0x000002eeb8908a10 JavaThread "Unconstrained build operations Thread 50"        [_thread_blocked, id=20156, stack(0x000000f6eb100000,0x000000f6eb200000) (1024K)]
  0x000002eeb890e7d0 JavaThread "Unconstrained build operations Thread 51"        [_thread_blocked, id=13928, stack(0x000000f6eb200000,0x000000f6eb300000) (1024K)]
  0x000002eeb890e000 JavaThread "Unconstrained build operations Thread 52"        [_thread_blocked, id=17992, stack(0x000000f6eb300000,0x000000f6eb400000) (1024K)]
  0x000002eeb890ff40 JavaThread "Unconstrained build operations Thread 53"        [_thread_blocked, id=13788, stack(0x000000f6eb400000,0x000000f6eb500000) (1024K)]
  0x000002eeb89116b0 JavaThread "Unconstrained build operations Thread 54"        [_thread_blocked, id=13028, stack(0x000000f6eb500000,0x000000f6eb600000) (1024K)]
  0x000002eeb890efa0 JavaThread "Unconstrained build operations Thread 55"        [_thread_blocked, id=15320, stack(0x000000f6eb600000,0x000000f6eb700000) (1024K)]
  0x000002eeb8910ee0 JavaThread "Unconstrained build operations Thread 56"        [_thread_blocked, id=12116, stack(0x000000f6eb700000,0x000000f6eb800000) (1024K)]
  0x000002eebcdf7860 JavaThread "Unconstrained build operations Thread 57"        [_thread_blocked, id=17984, stack(0x000000f6eb800000,0x000000f6eb900000) (1024K)]
  0x000002eebcdfbeb0 JavaThread "Unconstrained build operations Thread 58"        [_thread_blocked, id=2800, stack(0x000000f6eb900000,0x000000f6eba00000) (1024K)]
  0x000002eebcdfaf10 JavaThread "Unconstrained build operations Thread 59"        [_thread_blocked, id=8968, stack(0x000000f6eba00000,0x000000f6ebb00000) (1024K)]
  0x000002eebcdf97a0 JavaThread "Unconstrained build operations Thread 60"        [_thread_blocked, id=6392, stack(0x000000f6ebb00000,0x000000f6ebc00000) (1024K)]
  0x000002eebcdf8fd0 JavaThread "Unconstrained build operations Thread 61"        [_thread_blocked, id=20316, stack(0x000000f6ebc00000,0x000000f6ebd00000) (1024K)]
  0x000002eebcdfed90 JavaThread "Unconstrained build operations Thread 62"        [_thread_blocked, id=1936, stack(0x000000f6ebd00000,0x000000f6ebe00000) (1024K)]
  0x000002eebcdfddf0 JavaThread "Unconstrained build operations Thread 63"        [_thread_blocked, id=17956, stack(0x000000f6ebe00000,0x000000f6ebf00000) (1024K)]
  0x000002eebcdff560 JavaThread "Unconstrained build operations Thread 64"        [_thread_blocked, id=14536, stack(0x000000f6ebf00000,0x000000f6ec000000) (1024K)]
  0x000002eebcdfce50 JavaThread "Unconstrained build operations Thread 65"        [_thread_blocked, id=9660, stack(0x000000f6ec000000,0x000000f6ec100000) (1024K)]
  0x000002eebce03bb0 JavaThread "Unconstrained build operations Thread 66"        [_thread_blocked, id=13080, stack(0x000000f6ec100000,0x000000f6ec200000) (1024K)]
  0x000002eebce033e0 JavaThread "Unconstrained build operations Thread 67"        [_thread_blocked, id=8868, stack(0x000000f6ec200000,0x000000f6ec300000) (1024K)]
  0x000002eebce04380 JavaThread "Unconstrained build operations Thread 68"        [_thread_blocked, id=18188, stack(0x000000f6ec300000,0x000000f6ec400000) (1024K)]
  0x000002eebce04b50 JavaThread "Unconstrained build operations Thread 69"        [_thread_blocked, id=20104, stack(0x000000f6ec400000,0x000000f6ec500000) (1024K)]
  0x000002eebce01c70 JavaThread "Unconstrained build operations Thread 70"        [_thread_blocked, id=19356, stack(0x000000f6ec500000,0x000000f6ec600000) (1024K)]
  0x000002eebce05af0 JavaThread "Unconstrained build operations Thread 71"        [_thread_blocked, id=20372, stack(0x000000f6ec600000,0x000000f6ec700000) (1024K)]
  0x000002eec2772ba0 JavaThread "Unconstrained build operations Thread 72"        [_thread_blocked, id=5228, stack(0x000000f6ec700000,0x000000f6ec800000) (1024K)]
  0x000002eec2775a80 JavaThread "Unconstrained build operations Thread 73"        [_thread_blocked, id=22512, stack(0x000000f6ec800000,0x000000f6ec900000) (1024K)]
  0x000002eec2773370 JavaThread "Unconstrained build operations Thread 74"        [_thread_blocked, id=6040, stack(0x000000f6ec900000,0x000000f6eca00000) (1024K)]
  0x000002eec27771f0 JavaThread "Unconstrained build operations Thread 75"        [_thread_blocked, id=3580, stack(0x000000f6eca00000,0x000000f6ecb00000) (1024K)]
  0x000002eec2773b40 JavaThread "Unconstrained build operations Thread 76"        [_thread_blocked, id=6404, stack(0x000000f6ecb00000,0x000000f6ecc00000) (1024K)]
  0x000002eec2779130 JavaThread "Unconstrained build operations Thread 77"        [_thread_blocked, id=21112, stack(0x000000f6ecc00000,0x000000f6ecd00000) (1024K)]
  0x000002eec2778190 JavaThread "Unconstrained build operations Thread 78"        [_thread_blocked, id=2652, stack(0x000000f6ecd00000,0x000000f6ece00000) (1024K)]
  0x000002eec2779900 JavaThread "Unconstrained build operations Thread 79"        [_thread_blocked, id=3392, stack(0x000000f6ece00000,0x000000f6ecf00000) (1024K)]
  0x000002eec277a8a0 JavaThread "Unconstrained build operations Thread 80"        [_thread_blocked, id=9756, stack(0x000000f6ecf00000,0x000000f6ed000000) (1024K)]
  0x000002eec277a0d0 JavaThread "Unconstrained build operations Thread 81"        [_thread_blocked, id=5968, stack(0x000000f6ed000000,0x000000f6ed100000) (1024K)]
  0x000002eec277e720 JavaThread "Unconstrained build operations Thread 82"        [_thread_blocked, id=20800, stack(0x000000f6ed100000,0x000000f6ed200000) (1024K)]
  0x000002eec277d780 JavaThread "Unconstrained build operations Thread 83"        [_thread_blocked, id=10628, stack(0x000000f6ed200000,0x000000f6ed300000) (1024K)]
  0x000002eec277df50 JavaThread "Unconstrained build operations Thread 84"        [_thread_blocked, id=22348, stack(0x000000f6ed300000,0x000000f6ed400000) (1024K)]
  0x000002eec277eef0 JavaThread "Unconstrained build operations Thread 85"        [_thread_blocked, id=10596, stack(0x000000f6ed400000,0x000000f6ed500000) (1024K)]
  0x000002eec277c010 JavaThread "Unconstrained build operations Thread 86"        [_thread_blocked, id=2324, stack(0x000000f6ed500000,0x000000f6ed600000) (1024K)]
  0x000002eec2780660 JavaThread "Unconstrained build operations Thread 87"        [_thread_blocked, id=20776, stack(0x000000f6ed600000,0x000000f6ed700000) (1024K)]
  0x000002eec2780e30 JavaThread "Unconstrained build operations Thread 88"        [_thread_blocked, id=20724, stack(0x000000f6ed700000,0x000000f6ed800000) (1024K)]
  0x000002eec2785480 JavaThread "Unconstrained build operations Thread 89"        [_thread_blocked, id=11532, stack(0x000000f6ed800000,0x000000f6ed900000) (1024K)]
  0x000002eec27844e0 JavaThread "Unconstrained build operations Thread 90"        [_thread_blocked, id=1904, stack(0x000000f6ed900000,0x000000f6eda00000) (1024K)]
  0x000002eec2781dd0 JavaThread "WorkerExecutor Queue"              [_thread_blocked, id=16144, stack(0x000000f6e9a00000,0x000000f6e9b00000) (1024K)]
  0x000002eec27825a0 JavaThread "RMI Scheduler(0)"           daemon [_thread_blocked, id=5296, stack(0x000000f6eda00000,0x000000f6edb00000) (1024K)]
  0x000002eec2788b30 JavaThread "RMI GC Daemon"              daemon [_thread_blocked, id=1652, stack(0x000000f6edc00000,0x000000f6edd00000) (1024K)]
  0x000002eec27873c0 JavaThread "RMI TCP Accept-0"           daemon [_thread_in_native, id=18608, stack(0x000000f6edd00000,0x000000f6ede00000) (1024K)]
  0x000002eec2787b90 JavaThread "RMI Reaper"                        [_thread_blocked, id=4152, stack(0x000000f6ede00000,0x000000f6edf00000) (1024K)]
  0x000002eec278aa70 JavaThread "RMI TCP Connection(1)-127.0.0.1" daemon [_thread_in_native, id=17132, stack(0x000000f6edf00000,0x000000f6ee000000) (1024K)]
  0x000002eeb6179e70 JavaThread "C1 CompilerThread2"         daemon [_thread_in_native, id=13144, stack(0x000000f6e4300000,0x000000f6e4400000) (1024K)]
=>0x000002eeb6527dc0 JavaThread "C1 CompilerThread3"         daemon [_thread_in_native, id=12488, stack(0x000000f6e4500000,0x000000f6e4600000) (1024K)]
  0x000002eec278e8f0 JavaThread "Unconstrained build operations Thread 91"        [_thread_blocked, id=10708, stack(0x000000f6ee000000,0x000000f6ee100000) (1024K)]
  0x000002eec278f890 JavaThread "Unconstrained build operations Thread 92"        [_thread_blocked, id=20792, stack(0x000000f6ee100000,0x000000f6ee200000) (1024K)]
  0x000002eec278c1e0 JavaThread "Unconstrained build operations Thread 93"        [_thread_blocked, id=21428, stack(0x000000f6ee200000,0x000000f6ee300000) (1024K)]
  0x000002eec2790830 JavaThread "Unconstrained build operations Thread 94"        [_thread_blocked, id=7880, stack(0x000000f6ee300000,0x000000f6ee400000) (1024K)]
  0x000002eebbf972d0 JavaThread "Unconstrained build operations Thread 95"        [_thread_blocked, id=13652, stack(0x000000f6ee400000,0x000000f6ee500000) (1024K)]
  0x000002eebbf943f0 JavaThread "Unconstrained build operations Thread 96"        [_thread_blocked, id=21972, stack(0x000000f6ee500000,0x000000f6ee600000) (1024K)]
  0x000002eeb604ad00 JavaThread "Unconstrained build operations Thread 97"        [_thread_blocked, id=3784, stack(0x000000f6ee600000,0x000000f6ee700000) (1024K)]
  0x000002eeb83458e0 JavaThread "Unconstrained build operations Thread 98"        [_thread_blocked, id=19156, stack(0x000000f6ee700000,0x000000f6ee800000) (1024K)]
  0x000002eeb83439a0 JavaThread "Unconstrained build operations Thread 99"        [_thread_blocked, id=14396, stack(0x000000f6ee800000,0x000000f6ee900000) (1024K)]
  0x000002eeb8344170 JavaThread "Unconstrained build operations Thread 100"        [_thread_blocked, id=22336, stack(0x000000f6ee900000,0x000000f6eea00000) (1024K)]
  0x000002eeb83460b0 JavaThread "Unconstrained build operations Thread 101"        [_thread_blocked, id=20928, stack(0x000000f6eea00000,0x000000f6eeb00000) (1024K)]
  0x000002eeb8346880 JavaThread "Unconstrained build operations Thread 102"        [_thread_blocked, id=10832, stack(0x000000f6eeb00000,0x000000f6eec00000) (1024K)]
  0x000002eeb8349760 JavaThread "Unconstrained build operations Thread 103"        [_thread_blocked, id=3260, stack(0x000000f6eec00000,0x000000f6eed00000) (1024K)]
  0x000002eeb8347ff0 JavaThread "Unconstrained build operations Thread 104"        [_thread_blocked, id=19612, stack(0x000000f6eed00000,0x000000f6eee00000) (1024K)]
  0x000002eeb8349f30 JavaThread "Unconstrained build operations Thread 105"        [_thread_blocked, id=6536, stack(0x000000f6eee00000,0x000000f6eef00000) (1024K)]
  0x000002eeb834aed0 JavaThread "Unconstrained build operations Thread 106"        [_thread_blocked, id=7084, stack(0x000000f6eef00000,0x000000f6ef000000) (1024K)]
  0x000002eeb834b6a0 JavaThread "Unconstrained build operations Thread 107"        [_thread_blocked, id=20464, stack(0x000000f6ef000000,0x000000f6ef100000) (1024K)]
  0x000002eeb834d5e0 JavaThread "Unconstrained build operations Thread 108"        [_thread_blocked, id=3872, stack(0x000000f6ef100000,0x000000f6ef200000) (1024K)]
  0x000002eeb834ddb0 JavaThread "Unconstrained build operations Thread 109"        [_thread_blocked, id=17264, stack(0x000000f6ef200000,0x000000f6ef300000) (1024K)]
  0x000002eeb834c640 JavaThread "Unconstrained build operations Thread 110"        [_thread_blocked, id=7820, stack(0x000000f6ef300000,0x000000f6ef400000) (1024K)]
  0x000002eeb834ce10 JavaThread "Unconstrained build operations Thread 111"        [_thread_blocked, id=15600, stack(0x000000f6ef400000,0x000000f6ef500000) (1024K)]
  0x000002eeb8351460 JavaThread "Unconstrained build operations Thread 112"        [_thread_blocked, id=20600, stack(0x000000f6ef500000,0x000000f6ef600000) (1024K)]
  0x000002eeb8350c90 JavaThread "Unconstrained build operations Thread 113"        [_thread_blocked, id=20136, stack(0x000000f6ef600000,0x000000f6ef700000) (1024K)]
  0x000002eeb834ed50 JavaThread "Unconstrained build operations Thread 114"        [_thread_blocked, id=16188, stack(0x000000f6ef700000,0x000000f6ef800000) (1024K)]
  0x000002eeb83533a0 JavaThread "Unconstrained build operations Thread 115"        [_thread_blocked, id=5300, stack(0x000000f6ef800000,0x000000f6ef900000) (1024K)]
  0x000002eeb8355ab0 JavaThread "Unconstrained build operations Thread 116"        [_thread_blocked, id=22136, stack(0x000000f6ef900000,0x000000f6efa00000) (1024K)]
  0x000002eeb8356a50 JavaThread "Unconstrained build operations Thread 117"        [_thread_blocked, id=17052, stack(0x000000f6efa00000,0x000000f6efb00000) (1024K)]
  0x000002eeb8354b10 JavaThread "Unconstrained build operations Thread 118"        [_thread_blocked, id=20036, stack(0x000000f6efb00000,0x000000f6efc00000) (1024K)]
  0x000002eeb8359930 JavaThread "Unconstrained build operations Thread 119"        [_thread_blocked, id=10784, stack(0x000000f6efc00000,0x000000f6efd00000) (1024K)]
  0x000002eeb83581c0 JavaThread "Unconstrained build operations Thread 120"        [_thread_blocked, id=10868, stack(0x000000f6efd00000,0x000000f6efe00000) (1024K)]
  0x000002eeb835b0a0 JavaThread "Unconstrained build operations Thread 121"        [_thread_blocked, id=20984, stack(0x000000f6edb00000,0x000000f6edc00000) (1024K)]
  0x000002eeb835b870 JavaThread "Unconstrained build operations Thread 122"        [_thread_blocked, id=19152, stack(0x000000f6efe00000,0x000000f6eff00000) (1024K)]
  0x000002eeb835c810 JavaThread "Unconstrained build operations Thread 123"        [_thread_blocked, id=15752, stack(0x000000f6eff00000,0x000000f6f0000000) (1024K)]
  0x000002eeb835df80 JavaThread "Unconstrained build operations Thread 124"        [_thread_blocked, id=4400, stack(0x000000f6f0000000,0x000000f6f0100000) (1024K)]
  0x000002eeb835f6f0 JavaThread "Unconstrained build operations Thread 125"        [_thread_blocked, id=13608, stack(0x000000f6f0100000,0x000000f6f0200000) (1024K)]
  0x000002eeb835e750 JavaThread "Unconstrained build operations Thread 126"        [_thread_blocked, id=22192, stack(0x000000f6f0200000,0x000000f6f0300000) (1024K)]
  0x000002eeb835fec0 JavaThread "Unconstrained build operations Thread 127"        [_thread_blocked, id=8384, stack(0x000000f6f0300000,0x000000f6f0400000) (1024K)]
  0x000002eeb8360e60 JavaThread "Unconstrained build operations Thread 128"        [_thread_blocked, id=18696, stack(0x000000f6f0400000,0x000000f6f0500000) (1024K)]
  0x000002eeb8361e00 JavaThread "Unconstrained build operations Thread 129"        [_thread_blocked, id=11540, stack(0x000000f6f0500000,0x000000f6f0600000) (1024K)]
  0x000002eec2788360 JavaThread "Unconstrained build operations Thread 130"        [_thread_blocked, id=13224, stack(0x000000f6f0600000,0x000000f6f0700000) (1024K)]
  0x000002eeb8b6ee70 JavaThread "Unconstrained build operations Thread 131"        [_thread_blocked, id=12184, stack(0x000000f6f0700000,0x000000f6f0800000) (1024K)]
  0x000002eeb8b705e0 JavaThread "Unconstrained build operations Thread 132"        [_thread_blocked, id=7552, stack(0x000000f6f0800000,0x000000f6f0900000) (1024K)]
  0x000002eeb8b70db0 JavaThread "Unconstrained build operations Thread 133"        [_thread_blocked, id=20296, stack(0x000000f6f0900000,0x000000f6f0a00000) (1024K)]
  0x000002eeb8b6f640 JavaThread "Unconstrained build operations Thread 134"        [_thread_blocked, id=5580, stack(0x000000f6f0a00000,0x000000f6f0b00000) (1024K)]
  0x000002eeb8b6ded0 JavaThread "Unconstrained build operations Thread 135"        [_thread_blocked, id=9188, stack(0x000000f6f0b00000,0x000000f6f0c00000) (1024K)]
  0x000002eeb8b78ab0 JavaThread "build event listener"              [_thread_blocked, id=20444, stack(0x000000f6f0e00000,0x000000f6f0f00000) (1024K)]
  0x000002eeb8b75bd0 JavaThread "build event listener"              [_thread_blocked, id=6368, stack(0x000000f6f0f00000,0x000000f6f1000000) (1024K)]
  0x000002eeb8b7d8d0 JavaThread "Problems report writer"            [_thread_blocked, id=21608, stack(0x000000f6f1000000,0x000000f6f1100000) (1024K)]
  0x000002eeb8b7c160 JavaThread "Unconstrained build operations Thread 136"        [_thread_blocked, id=17260, stack(0x000000f6f1100000,0x000000f6f1200000) (1024K)]
  0x000002eeb8b7ffe0 JavaThread "Unconstrained build operations Thread 137"        [_thread_blocked, id=18872, stack(0x000000f6f1200000,0x000000f6f1300000) (1024K)]
  0x000002eeb8b81750 JavaThread "Unconstrained build operations Thread 138"        [_thread_blocked, id=16160, stack(0x000000f6f1300000,0x000000f6f1400000) (1024K)]
  0x000002eeb8b826f0 JavaThread "Unconstrained build operations Thread 139"        [_thread_blocked, id=1412, stack(0x000000f6f1400000,0x000000f6f1500000) (1024K)]
  0x000002eeb8b82ec0 JavaThread "Unconstrained build operations Thread 140"        [_thread_blocked, id=10668, stack(0x000000f6f1500000,0x000000f6f1600000) (1024K)]
  0x000002eeb8b83e60 JavaThread "Unconstrained build operations Thread 141"        [_thread_blocked, id=17908, stack(0x000000f6f1600000,0x000000f6f1700000) (1024K)]
  0x000002eeb8b86d40 JavaThread "Unconstrained build operations Thread 142"        [_thread_blocked, id=12080, stack(0x000000f6f1700000,0x000000f6f1800000) (1024K)]
  0x000002eeb8b87ce0 JavaThread "Unconstrained build operations Thread 143"        [_thread_blocked, id=8976, stack(0x000000f6f1800000,0x000000f6f1900000) (1024K)]
  0x000002eeb8b884b0 JavaThread "Unconstrained build operations Thread 144"        [_thread_blocked, id=20344, stack(0x000000f6f1900000,0x000000f6f1a00000) (1024K)]
  0x000002eeb8b84e00 JavaThread "Unconstrained build operations Thread 145"        [_thread_blocked, id=476, stack(0x000000f6f1a00000,0x000000f6f1b00000) (1024K)]
  0x000002eeb8b855d0 JavaThread "Unconstrained build operations Thread 146"        [_thread_blocked, id=7380, stack(0x000000f6f1b00000,0x000000f6f1c00000) (1024K)]
  0x000002eeb8b85da0 JavaThread "Unconstrained build operations Thread 147"        [_thread_blocked, id=11348, stack(0x000000f6f1c00000,0x000000f6f1d00000) (1024K)]
  0x000002eeb8b89c20 JavaThread "Unconstrained build operations Thread 148"        [_thread_blocked, id=14700, stack(0x000000f6f1d00000,0x000000f6f1e00000) (1024K)]
  0x000002eeb8b8b390 JavaThread "Unconstrained build operations Thread 149"        [_thread_blocked, id=19884, stack(0x000000f6f1e00000,0x000000f6f1f00000) (1024K)]
  0x000002eeb739bc70 JavaThread "Unconstrained build operations Thread 150"        [_thread_blocked, id=10128, stack(0x000000f6f1f00000,0x000000f6f2000000) (1024K)]
  0x000002eebd1df860 JavaThread "Unconstrained build operations Thread 151"        [_thread_blocked, id=5768, stack(0x000000f6f2000000,0x000000f6f2100000) (1024K)]
  0x000002eebd1dc1b0 JavaThread "Unconstrained build operations Thread 152"        [_thread_blocked, id=5524, stack(0x000000f6f2100000,0x000000f6f2200000) (1024K)]
  0x000002eebd1df090 JavaThread "Unconstrained build operations Thread 153"        [_thread_blocked, id=17208, stack(0x000000f6f2200000,0x000000f6f2300000) (1024K)]
  0x000002eebd1e0030 JavaThread "Unconstrained build operations Thread 154"        [_thread_blocked, id=20988, stack(0x000000f6f2300000,0x000000f6f2400000) (1024K)]
  0x000002eebd1dd920 JavaThread "Unconstrained build operations Thread 155"        [_thread_blocked, id=16436, stack(0x000000f6f2400000,0x000000f6f2500000) (1024K)]
  0x000002eebd1e2740 JavaThread "Unconstrained build operations Thread 156"        [_thread_blocked, id=19896, stack(0x000000f6f2500000,0x000000f6f2600000) (1024K)]
  0x000002eebd1e2f10 JavaThread "Unconstrained build operations Thread 157"        [_thread_blocked, id=20876, stack(0x000000f6f2600000,0x000000f6f2700000) (1024K)]
  0x000002eebd1e0fd0 JavaThread "Unconstrained build operations Thread 158"        [_thread_blocked, id=14284, stack(0x000000f6f2700000,0x000000f6f2800000) (1024K)]
  0x000002eebd1e0800 JavaThread "Unconstrained build operations Thread 159"        [_thread_blocked, id=3216, stack(0x000000f6f2800000,0x000000f6f2900000) (1024K)]
  0x000002eebd1e65c0 JavaThread "Unconstrained build operations Thread 160"        [_thread_blocked, id=9272, stack(0x000000f6f2900000,0x000000f6f2a00000) (1024K)]
  0x000002eebd1e5620 JavaThread "jar transforms"                    [_thread_blocked, id=22436, stack(0x000000f6f2a00000,0x000000f6f2b00000) (1024K)]
  0x000002eebd1e4680 JavaThread "jar transforms Thread 2"           [_thread_blocked, id=2676, stack(0x000000f6f2b00000,0x000000f6f2c00000) (1024K)]
  0x000002eebd1eb3e0 JavaThread "jar transforms Thread 3"           [_thread_blocked, id=12764, stack(0x000000f6f2c00000,0x000000f6f2d00000) (1024K)]
  0x000002eebd1ea440 JavaThread "jar transforms Thread 4"           [_thread_blocked, id=8476, stack(0x000000f6f2d00000,0x000000f6f2e00000) (1024K)]
  0x000002eebd1ee2c0 JavaThread "pool-3-thread-1"                   [_thread_blocked, id=4356, stack(0x000000f6e4d00000,0x000000f6e4e00000) (1024K)]
  0x000002eebd1f2910 JavaThread "build event listener"              [_thread_blocked, id=7004, stack(0x000000f6f0c00000,0x000000f6f0d00000) (1024K)]
  0x000002eebd1f09d0 JavaThread "Cache worker for execution history cache (D:\farmer-buyer-marketplace\android\.gradle\9.3.1\executionHistory)"        [_thread_blocked, id=5460, stack(0x000000f6f0d00000,0x000000f6f0e00000) (1024K)]
  0x000002eebd1ef260 JavaThread "Exec process"                      [_thread_in_native, id=12792, stack(0x000000f6f3000000,0x000000f6f3100000) (1024K)]
  0x000002eebd1f30e0 JavaThread "Exec process Thread 2"             [_thread_in_native, id=22516, stack(0x000000f6f3100000,0x000000f6f3200000) (1024K)]
  0x000002eebd1f6790 JavaThread "Exec process Thread 3"             [_thread_in_native, id=16468, stack(0x000000f6f3200000,0x000000f6f3300000) (1024K)]
Total: 234

Other Threads:
  0x000002eeaef358e0 VMThread "VM Thread"                           [id=7956, stack(0x000000f6e3800000,0x000000f6e3900000) (1024K)]
  0x000002eeaeef4780 WatcherThread "VM Periodic Task Thread"        [id=13096, stack(0x000000f6e3700000,0x000000f6e3800000) (1024K)]
  0x000002eeff7d1b30 WorkerThread "GC Thread#0"                     [id=7448, stack(0x000000f6e3200000,0x000000f6e3300000) (1024K)]
  0x000002eeb6def370 WorkerThread "GC Thread#1"                     [id=7920, stack(0x000000f6e4900000,0x000000f6e4a00000) (1024K)]
  0x000002eeb6dfb880 WorkerThread "GC Thread#2"                     [id=18940, stack(0x000000f6e4a00000,0x000000f6e4b00000) (1024K)]
  0x000002eeb6d00150 WorkerThread "GC Thread#3"                     [id=19984, stack(0x000000f6e4b00000,0x000000f6e4c00000) (1024K)]
  0x000002eeb6d00580 WorkerThread "GC Thread#4"                     [id=16180, stack(0x000000f6e4c00000,0x000000f6e4d00000) (1024K)]
  0x000002eeb72beb50 WorkerThread "GC Thread#5"                     [id=14972, stack(0x000000f6e4e00000,0x000000f6e4f00000) (1024K)]
  0x000002eeb72c1670 WorkerThread "GC Thread#6"                     [id=9156, stack(0x000000f6e5400000,0x000000f6e5500000) (1024K)]
  0x000002eeb72c00e0 WorkerThread "GC Thread#7"                     [id=11120, stack(0x000000f6e5500000,0x000000f6e5600000) (1024K)]
  0x000002eeb72c0980 WorkerThread "GC Thread#8"                     [id=21368, stack(0x000000f6e5600000,0x000000f6e5700000) (1024K)]
  0x000002eeb72c1ac0 WorkerThread "GC Thread#9"                     [id=17148, stack(0x000000f6e5700000,0x000000f6e5800000) (1024K)]
  0x000002eeb72c1f10 WorkerThread "GC Thread#10"                    [id=22256, stack(0x000000f6e5800000,0x000000f6e5900000) (1024K)]
  0x000002eeb7664420 WorkerThread "GC Thread#11"                    [id=8960, stack(0x000000f6e5900000,0x000000f6e5a00000) (1024K)]
  0x000002eeb76632e0 WorkerThread "GC Thread#12"                    [id=22288, stack(0x000000f6e5a00000,0x000000f6e5b00000) (1024K)]
  0x000002eeaed5c0a0 ConcurrentGCThread "G1 Main Marker"            [id=22484, stack(0x000000f6e3300000,0x000000f6e3400000) (1024K)]
  0x000002eeaed5d730 WorkerThread "G1 Conc#0"                       [id=20748, stack(0x000000f6e3400000,0x000000f6e3500000) (1024K)]
  0x000002eeb76625f0 WorkerThread "G1 Conc#1"                       [id=11132, stack(0x000000f6e5b00000,0x000000f6e5c00000) (1024K)]
  0x000002eeb7664870 WorkerThread "G1 Conc#2"                       [id=12552, stack(0x000000f6e5c00000,0x000000f6e5d00000) (1024K)]
  0x000002eeaedc02a0 ConcurrentGCThread "G1 Refine#0"               [id=20848, stack(0x000000f6e3500000,0x000000f6e3600000) (1024K)]
  0x000002eeaedc0eb0 ConcurrentGCThread "G1 Service"                [id=2040, stack(0x000000f6e3600000,0x000000f6e3700000) (1024K)]
Total: 21

Threads with active compile tasks:
C2 CompilerThread0  21608 19640       4       org.gradle.internal.logging.sink.OutputEventRenderer::onOutput (82 bytes)
C1 CompilerThread0  21608 19636       3       org.gradle.internal.io.StreamByteBuffer$StreamByteBufferOutputStream::write (22 bytes)
C1 CompilerThread1  21608 19642   !   3       java.nio.charset.CharsetDecoder::decode (275 bytes)
C1 CompilerThread2  21608 19635       3       org.gradle.internal.io.LineBufferingOutputStream::write (59 bytes)
C1 CompilerThread3  21608 19638       3       org.gradle.internal.io.LineBufferingOutputStream::endsWithLineSeparator (27 bytes)
Total: 5

VM state: not at safepoint (normal execution)

VM Mutex/Monitor currently owned by a thread: None

Heap address: 0x0000000600000000, size: 8192 MB, Compressed Oops mode: Zero based, Oop shift amount: 3

CDS archive(s) not mapped
Compressed class space mapped at: 0x00000000a4000000-0x00000000e4000000, reserved size: 1073741824
UseCompressedClassPointers 1, UseCompactObjectHeaders 0
Narrow klass pointer bits 32, Max shift 3
Narrow klass base: 0x0000000000000000, Narrow klass shift: 0
Encoding Range: [0x0000000000000000 - 0x0000000100000000), (4294967296 bytes)
Klass Range:    [0x00000000a4000000 - 0x00000000e4000000), (1073741824 bytes)
Klass ID Range:  [2751463424 - 3825205241) (1073741817)
No protection zone.

GC Precious Log:
 CardTable entry size: 512
 Card Set container configuration: InlinePtr #cards 4 size 8 Array Of Cards #cards 32 size 80 Howl #buckets 8 coarsen threshold 7372 Howl Bitmap #cards 1024 size 144 coarsen threshold 921 Card regions per heap region 1 cards per card region 8192
 CPUs: 16 total, 16 available
 Memory: 14173M
 Large Page Support: Disabled
 NUMA Support: Disabled
 Compressed Oops: Enabled (Zero based)
 Heap Region Size: 4M
 Heap Min Capacity: 8M
 Heap Initial Capacity: 224M
 Heap Max Capacity: 8G
 Pre-touch: Disabled
 Parallel Workers: 13
 Concurrent Workers: 3
 Concurrent Refinement Workers: 13
 Periodic GC: Disabled

Heap:
 garbage-first heap   total reserved 8388608K, committed 700416K, used 290319K [0x0000000600000000, 0x0000000800000000)
  region size 4096K, 40 young (163840K), 11 survivors (45056K)

Heap Regions: E=young(eden), S=young(survivor), O=old, HS=humongous(starts), HC=humongous(continues), CS=collection set, F=free, TAMS=top-at-mark-start, PB=parsable bottom
|   0|0x0000000600000000, 0x0000000600400000, 0x0000000600400000|100%|HS|  |TAMS 0x0000000600000000| PB 0x0000000600000000| Complete |  0
|   1|0x0000000600400000, 0x0000000600800000, 0x0000000600800000|100%| O|  |TAMS 0x0000000600400000| PB 0x0000000600400000| Untracked |  0
|   2|0x0000000600800000, 0x0000000600c00000, 0x0000000600c00000|100%| O|  |TAMS 0x0000000600800000| PB 0x0000000600800000| Untracked |  0
|   3|0x0000000600c00000, 0x0000000601000000, 0x0000000601000000|100%| O|  |TAMS 0x0000000600c00000| PB 0x0000000600c00000| Untracked |  0
|   4|0x0000000601000000, 0x0000000601400000, 0x0000000601400000|100%| O|  |TAMS 0x0000000601000000| PB 0x0000000601000000| Untracked |  0
|   5|0x0000000601400000, 0x0000000601800000, 0x0000000601800000|100%| O|  |TAMS 0x0000000601400000| PB 0x0000000601400000| Untracked |  0
|   6|0x0000000601800000, 0x0000000601c00000, 0x0000000601c00000|100%| O|  |TAMS 0x0000000601800000| PB 0x0000000601800000| Untracked |  0
|   7|0x0000000601c00000, 0x0000000602000000, 0x0000000602000000|100%| O|  |TAMS 0x0000000601c00000| PB 0x0000000601c00000| Untracked |  0
|   8|0x0000000602000000, 0x0000000602400000, 0x0000000602400000|100%| O|  |TAMS 0x0000000602000000| PB 0x0000000602000000| Untracked |  0
|   9|0x0000000602400000, 0x0000000602800000, 0x0000000602800000|100%| O|  |TAMS 0x0000000602400000| PB 0x0000000602400000| Untracked |  0
|  10|0x0000000602800000, 0x0000000602c00000, 0x0000000602c00000|100%| O|  |TAMS 0x0000000602800000| PB 0x0000000602800000| Untracked |  0
|  11|0x0000000602c00000, 0x0000000603000000, 0x0000000603000000|100%| O|  |TAMS 0x0000000602c00000| PB 0x0000000602c00000| Untracked |  0
|  12|0x0000000603000000, 0x0000000603400000, 0x0000000603400000|100%| O|  |TAMS 0x0000000603000000| PB 0x0000000603000000| Untracked |  0
|  13|0x0000000603400000, 0x0000000603800000, 0x0000000603800000|100%| O|  |TAMS 0x0000000603400000| PB 0x0000000603400000| Untracked |  0
|  14|0x0000000603800000, 0x0000000603c00000, 0x0000000603c00000|100%| O|  |TAMS 0x0000000603800000| PB 0x0000000603800000| Untracked |  0
|  15|0x0000000603c00000, 0x0000000604000000, 0x0000000604000000|100%| O|  |TAMS 0x0000000603c00000| PB 0x0000000603c00000| Untracked |  0
|  16|0x0000000604000000, 0x0000000604400000, 0x0000000604400000|100%| O|  |TAMS 0x0000000604000000| PB 0x0000000604000000| Untracked |  0
|  17|0x0000000604400000, 0x0000000604800000, 0x0000000604800000|100%| O|  |TAMS 0x0000000604400000| PB 0x0000000604400000| Untracked |  0
|  18|0x0000000604800000, 0x0000000604c00000, 0x0000000604c00000|100%| O|  |TAMS 0x0000000604800000| PB 0x0000000604800000| Untracked |  0
|  19|0x0000000604c00000, 0x0000000605000000, 0x0000000605000000|100%| O|  |TAMS 0x0000000604c00000| PB 0x0000000604c00000| Untracked |  0
|  20|0x0000000605000000, 0x0000000605400000, 0x0000000605400000|100%| O|  |TAMS 0x0000000605000000| PB 0x0000000605000000| Untracked |  0
|  21|0x0000000605400000, 0x0000000605800000, 0x0000000605800000|100%| O|  |TAMS 0x0000000605400000| PB 0x0000000605400000| Untracked |  0
|  22|0x0000000605800000, 0x0000000605c00000, 0x0000000605c00000|100%| O|  |TAMS 0x0000000605800000| PB 0x0000000605800000| Untracked |  0
|  23|0x0000000605c00000, 0x0000000606000000, 0x0000000606000000|100%| O|  |TAMS 0x0000000605c00000| PB 0x0000000605c00000| Untracked |  0
|  24|0x0000000606000000, 0x0000000606400000, 0x0000000606400000|100%| O|  |TAMS 0x0000000606000000| PB 0x0000000606000000| Untracked |  0
|  25|0x0000000606400000, 0x0000000606800000, 0x0000000606800000|100%| O|  |TAMS 0x0000000606400000| PB 0x0000000606400000| Untracked |  0
|  26|0x0000000606800000, 0x0000000606c00000, 0x0000000606c00000|100%| O|  |TAMS 0x0000000606800000| PB 0x0000000606800000| Untracked |  0
|  27|0x0000000606c00000, 0x0000000607000000, 0x0000000607000000|100%| O|  |TAMS 0x0000000606c00000| PB 0x0000000606c00000| Untracked |  0
|  28|0x0000000607000000, 0x000000060710d100, 0x0000000607400000| 26%| O|  |TAMS 0x0000000607000000| PB 0x0000000607000000| Untracked |  0
|  29|0x0000000607400000, 0x0000000607400000, 0x0000000607800000|  0%| F|  |TAMS 0x0000000607400000| PB 0x0000000607400000| Untracked |  0
|  30|0x0000000607800000, 0x0000000607800000, 0x0000000607c00000|  0%| F|  |TAMS 0x0000000607800000| PB 0x0000000607800000| Untracked |  0
|  31|0x0000000607c00000, 0x0000000607c00000, 0x0000000608000000|  0%| F|  |TAMS 0x0000000607c00000| PB 0x0000000607c00000| Untracked |  0
|  32|0x0000000608000000, 0x0000000608000000, 0x0000000608400000|  0%| F|  |TAMS 0x0000000608000000| PB 0x0000000608000000| Untracked |  0
|  33|0x0000000608400000, 0x0000000608400000, 0x0000000608800000|  0%| F|  |TAMS 0x0000000608400000| PB 0x0000000608400000| Untracked |  0
|  34|0x0000000608800000, 0x0000000608800000, 0x0000000608c00000|  0%| F|  |TAMS 0x0000000608800000| PB 0x0000000608800000| Untracked |  0
|  35|0x0000000608c00000, 0x0000000608c00000, 0x0000000609000000|  0%| F|  |TAMS 0x0000000608c00000| PB 0x0000000608c00000| Untracked |  0
|  36|0x0000000609000000, 0x0000000609000000, 0x0000000609400000|  0%| F|  |TAMS 0x0000000609000000| PB 0x0000000609000000| Untracked |  0
|  37|0x0000000609400000, 0x0000000609400000, 0x0000000609800000|  0%| F|  |TAMS 0x0000000609400000| PB 0x0000000609400000| Untracked |  0
|  38|0x0000000609800000, 0x0000000609800000, 0x0000000609c00000|  0%| F|  |TAMS 0x0000000609800000| PB 0x0000000609800000| Untracked |  0
|  39|0x0000000609c00000, 0x0000000609c00000, 0x000000060a000000|  0%| F|  |TAMS 0x0000000609c00000| PB 0x0000000609c00000| Untracked |  0
|  40|0x000000060a000000, 0x000000060a000000, 0x000000060a400000|  0%| F|  |TAMS 0x000000060a000000| PB 0x000000060a000000| Untracked |  0
|  41|0x000000060a400000, 0x000000060a400000, 0x000000060a800000|  0%| F|  |TAMS 0x000000060a400000| PB 0x000000060a400000| Untracked |  0
|  42|0x000000060a800000, 0x000000060a800000, 0x000000060ac00000|  0%| F|  |TAMS 0x000000060a800000| PB 0x000000060a800000| Untracked |  0
|  43|0x000000060ac00000, 0x000000060ac00000, 0x000000060b000000|  0%| F|  |TAMS 0x000000060ac00000| PB 0x000000060ac00000| Untracked |  0
|  44|0x000000060b000000, 0x000000060b000000, 0x000000060b400000|  0%| F|  |TAMS 0x000000060b000000| PB 0x000000060b000000| Untracked |  0
|  45|0x000000060b400000, 0x000000060b400000, 0x000000060b800000|  0%| F|  |TAMS 0x000000060b400000| PB 0x000000060b400000| Untracked |  0
|  46|0x000000060b800000, 0x000000060b800000, 0x000000060bc00000|  0%| F|  |TAMS 0x000000060b800000| PB 0x000000060b800000| Untracked |  0
|  47|0x000000060bc00000, 0x000000060bc00000, 0x000000060c000000|  0%| F|  |TAMS 0x000000060bc00000| PB 0x000000060bc00000| Untracked |  0
|  48|0x000000060c000000, 0x000000060c000000, 0x000000060c400000|  0%| F|  |TAMS 0x000000060c000000| PB 0x000000060c000000| Untracked |  0
|  49|0x000000060c400000, 0x000000060c400000, 0x000000060c800000|  0%| F|  |TAMS 0x000000060c400000| PB 0x000000060c400000| Untracked |  0
|  50|0x000000060c800000, 0x000000060c800000, 0x000000060cc00000|  0%| F|  |TAMS 0x000000060c800000| PB 0x000000060c800000| Untracked |  0
|  51|0x000000060cc00000, 0x000000060cc00000, 0x000000060d000000|  0%| F|  |TAMS 0x000000060cc00000| PB 0x000000060cc00000| Untracked |  0
|  52|0x000000060d000000, 0x000000060d000000, 0x000000060d400000|  0%| F|  |TAMS 0x000000060d000000| PB 0x000000060d000000| Untracked |  0
|  53|0x000000060d400000, 0x000000060d676ea0, 0x000000060d800000| 61%| S|CS|TAMS 0x000000060d400000| PB 0x000000060d400000| Complete |  0
|  54|0x000000060d800000, 0x000000060dc00000, 0x000000060dc00000|100%| S|CS|TAMS 0x000000060d800000| PB 0x000000060d800000| Complete |  0
|  55|0x000000060dc00000, 0x000000060e000000, 0x000000060e000000|100%| S|CS|TAMS 0x000000060dc00000| PB 0x000000060dc00000| Complete |  0
|  56|0x000000060e000000, 0x000000060e400000, 0x000000060e400000|100%| S|CS|TAMS 0x000000060e000000| PB 0x000000060e000000| Complete |  0
|  57|0x000000060e400000, 0x000000060e800000, 0x000000060e800000|100%| S|CS|TAMS 0x000000060e400000| PB 0x000000060e400000| Complete |  0
|  58|0x000000060e800000, 0x000000060ec00000, 0x000000060ec00000|100%| S|CS|TAMS 0x000000060e800000| PB 0x000000060e800000| Complete |  0
|  59|0x000000060ec00000, 0x000000060f000000, 0x000000060f000000|100%| S|CS|TAMS 0x000000060ec00000| PB 0x000000060ec00000| Complete |  0
|  60|0x000000060f000000, 0x000000060f000000, 0x000000060f400000|  0%| F|  |TAMS 0x000000060f000000| PB 0x000000060f000000| Untracked |  0
|  61|0x000000060f400000, 0x000000060f400000, 0x000000060f800000|  0%| F|  |TAMS 0x000000060f400000| PB 0x000000060f400000| Untracked |  0
|  62|0x000000060f800000, 0x000000060f800000, 0x000000060fc00000|  0%| F|  |TAMS 0x000000060f800000| PB 0x000000060f800000| Untracked |  0
|  63|0x000000060fc00000, 0x000000060fc00000, 0x0000000610000000|  0%| F|  |TAMS 0x000000060fc00000| PB 0x000000060fc00000| Untracked |  0
|  64|0x0000000610000000, 0x0000000610400000, 0x0000000610400000|100%| S|CS|TAMS 0x0000000610000000| PB 0x0000000610000000| Complete |  0
|  65|0x0000000610400000, 0x0000000610800000, 0x0000000610800000|100%| S|CS|TAMS 0x0000000610400000| PB 0x0000000610400000| Complete |  0
|  66|0x0000000610800000, 0x0000000610c00000, 0x0000000610c00000|100%| S|CS|TAMS 0x0000000610800000| PB 0x0000000610800000| Complete |  0
|  67|0x0000000610c00000, 0x0000000611000000, 0x0000000611000000|100%| S|CS|TAMS 0x0000000610c00000| PB 0x0000000610c00000| Complete |  0
|  68|0x0000000611000000, 0x0000000611000000, 0x0000000611400000|  0%| F|  |TAMS 0x0000000611000000| PB 0x0000000611000000| Untracked |  0
|  69|0x0000000611400000, 0x0000000611400000, 0x0000000611800000|  0%| F|  |TAMS 0x0000000611400000| PB 0x0000000611400000| Untracked |  0
|  70|0x0000000611800000, 0x0000000611800000, 0x0000000611c00000|  0%| F|  |TAMS 0x0000000611800000| PB 0x0000000611800000| Untracked |  0
|  71|0x0000000611c00000, 0x0000000611c00000, 0x0000000612000000|  0%| F|  |TAMS 0x0000000611c00000| PB 0x0000000611c00000| Untracked |  0
|  72|0x0000000612000000, 0x0000000612000000, 0x0000000612400000|  0%| F|  |TAMS 0x0000000612000000| PB 0x0000000612000000| Untracked |  0
|  73|0x0000000612400000, 0x0000000612400000, 0x0000000612800000|  0%| F|  |TAMS 0x0000000612400000| PB 0x0000000612400000| Untracked |  0
|  74|0x0000000612800000, 0x0000000612800000, 0x0000000612c00000|  0%| F|  |TAMS 0x0000000612800000| PB 0x0000000612800000| Untracked |  0
|  75|0x0000000612c00000, 0x0000000612c00000, 0x0000000613000000|  0%| F|  |TAMS 0x0000000612c00000| PB 0x0000000612c00000| Untracked |  0
|  76|0x0000000613000000, 0x0000000613000000, 0x0000000613400000|  0%| F|  |TAMS 0x0000000613000000| PB 0x0000000613000000| Untracked |  0
|  77|0x0000000613400000, 0x0000000613400000, 0x0000000613800000|  0%| F|  |TAMS 0x0000000613400000| PB 0x0000000613400000| Untracked |  0
|  78|0x0000000613800000, 0x0000000613800000, 0x0000000613c00000|  0%| F|  |TAMS 0x0000000613800000| PB 0x0000000613800000| Untracked |  0
|  79|0x0000000613c00000, 0x0000000613c00000, 0x0000000614000000|  0%| F|  |TAMS 0x0000000613c00000| PB 0x0000000613c00000| Untracked |  0
|  80|0x0000000614000000, 0x0000000614000000, 0x0000000614400000|  0%| F|  |TAMS 0x0000000614000000| PB 0x0000000614000000| Untracked |  0
|  81|0x0000000614400000, 0x0000000614400000, 0x0000000614800000|  0%| F|  |TAMS 0x0000000614400000| PB 0x0000000614400000| Untracked |  0
|  82|0x0000000614800000, 0x0000000614800000, 0x0000000614c00000|  0%| F|  |TAMS 0x0000000614800000| PB 0x0000000614800000| Untracked |  0
|  83|0x0000000614c00000, 0x0000000614c00000, 0x0000000615000000|  0%| F|  |TAMS 0x0000000614c00000| PB 0x0000000614c00000| Untracked |  0
|  84|0x0000000615000000, 0x0000000615000000, 0x0000000615400000|  0%| F|  |TAMS 0x0000000615000000| PB 0x0000000615000000| Untracked |  0
|  85|0x0000000615400000, 0x0000000615400000, 0x0000000615800000|  0%| F|  |TAMS 0x0000000615400000| PB 0x0000000615400000| Untracked |  0
|  86|0x0000000615800000, 0x0000000615800000, 0x0000000615c00000|  0%| F|  |TAMS 0x0000000615800000| PB 0x0000000615800000| Untracked |  0
|  87|0x0000000615c00000, 0x0000000615c00000, 0x0000000616000000|  0%| F|  |TAMS 0x0000000615c00000| PB 0x0000000615c00000| Untracked |  0
|  88|0x0000000616000000, 0x0000000616000000, 0x0000000616400000|  0%| F|  |TAMS 0x0000000616000000| PB 0x0000000616000000| Untracked |  0
|  89|0x0000000616400000, 0x0000000616400000, 0x0000000616800000|  0%| F|  |TAMS 0x0000000616400000| PB 0x0000000616400000| Untracked |  0
|  90|0x0000000616800000, 0x0000000616800000, 0x0000000616c00000|  0%| F|  |TAMS 0x0000000616800000| PB 0x0000000616800000| Untracked |  0
|  91|0x0000000616c00000, 0x0000000616c00000, 0x0000000617000000|  0%| F|  |TAMS 0x0000000616c00000| PB 0x0000000616c00000| Untracked |  0
|  92|0x0000000617000000, 0x0000000617000000, 0x0000000617400000|  0%| F|  |TAMS 0x0000000617000000| PB 0x0000000617000000| Untracked |  0
|  93|0x0000000617400000, 0x0000000617400000, 0x0000000617800000|  0%| F|  |TAMS 0x0000000617400000| PB 0x0000000617400000| Untracked |  0
|  94|0x0000000617800000, 0x0000000617800000, 0x0000000617c00000|  0%| F|  |TAMS 0x0000000617800000| PB 0x0000000617800000| Untracked |  0
|  95|0x0000000617c00000, 0x0000000617c00000, 0x0000000618000000|  0%| F|  |TAMS 0x0000000617c00000| PB 0x0000000617c00000| Untracked |  0
|  96|0x0000000618000000, 0x0000000618000000, 0x0000000618400000|  0%| F|  |TAMS 0x0000000618000000| PB 0x0000000618000000| Untracked |  0
|  97|0x0000000618400000, 0x0000000618400000, 0x0000000618800000|  0%| F|  |TAMS 0x0000000618400000| PB 0x0000000618400000| Untracked |  0
|  98|0x0000000618800000, 0x0000000618800000, 0x0000000618c00000|  0%| F|  |TAMS 0x0000000618800000| PB 0x0000000618800000| Untracked |  0
|  99|0x0000000618c00000, 0x0000000618c00000, 0x0000000619000000|  0%| F|  |TAMS 0x0000000618c00000| PB 0x0000000618c00000| Untracked |  0
| 100|0x0000000619000000, 0x0000000619000000, 0x0000000619400000|  0%| F|  |TAMS 0x0000000619000000| PB 0x0000000619000000| Untracked |  0
| 101|0x0000000619400000, 0x0000000619400000, 0x0000000619800000|  0%| F|  |TAMS 0x0000000619400000| PB 0x0000000619400000| Untracked |  0
| 102|0x0000000619800000, 0x0000000619800000, 0x0000000619c00000|  0%| F|  |TAMS 0x0000000619800000| PB 0x0000000619800000| Untracked |  0
| 103|0x0000000619c00000, 0x0000000619c00000, 0x000000061a000000|  0%| F|  |TAMS 0x0000000619c00000| PB 0x0000000619c00000| Untracked |  0
| 104|0x000000061a000000, 0x000000061a000000, 0x000000061a400000|  0%| F|  |TAMS 0x000000061a000000| PB 0x000000061a000000| Untracked |  0
| 105|0x000000061a400000, 0x000000061a400000, 0x000000061a800000|  0%| F|  |TAMS 0x000000061a400000| PB 0x000000061a400000| Untracked |  0
| 106|0x000000061a800000, 0x000000061a800000, 0x000000061ac00000|  0%| F|  |TAMS 0x000000061a800000| PB 0x000000061a800000| Untracked |  0
| 107|0x000000061ac00000, 0x000000061ac00000, 0x000000061b000000|  0%| F|  |TAMS 0x000000061ac00000| PB 0x000000061ac00000| Untracked |  0
| 108|0x000000061b000000, 0x000000061b000000, 0x000000061b400000|  0%| F|  |TAMS 0x000000061b000000| PB 0x000000061b000000| Untracked |  0
| 109|0x000000061b400000, 0x000000061b400000, 0x000000061b800000|  0%| F|  |TAMS 0x000000061b400000| PB 0x000000061b400000| Untracked |  0
| 110|0x000000061b800000, 0x000000061b800000, 0x000000061bc00000|  0%| F|  |TAMS 0x000000061b800000| PB 0x000000061b800000| Untracked |  0
| 111|0x000000061bc00000, 0x000000061bc00000, 0x000000061c000000|  0%| F|  |TAMS 0x000000061bc00000| PB 0x000000061bc00000| Untracked |  0
| 112|0x000000061c000000, 0x000000061c000000, 0x000000061c400000|  0%| F|  |TAMS 0x000000061c000000| PB 0x000000061c000000| Untracked |  0
| 113|0x000000061c400000, 0x000000061c400000, 0x000000061c800000|  0%| F|  |TAMS 0x000000061c400000| PB 0x000000061c400000| Untracked |  0
| 114|0x000000061c800000, 0x000000061c800000, 0x000000061cc00000|  0%| F|  |TAMS 0x000000061c800000| PB 0x000000061c800000| Untracked |  0
| 115|0x000000061cc00000, 0x000000061cc00000, 0x000000061d000000|  0%| F|  |TAMS 0x000000061cc00000| PB 0x000000061cc00000| Untracked |  0
| 116|0x000000061d000000, 0x000000061d000000, 0x000000061d400000|  0%| F|  |TAMS 0x000000061d000000| PB 0x000000061d000000| Untracked |  0
| 117|0x000000061d400000, 0x000000061d400000, 0x000000061d800000|  0%| F|  |TAMS 0x000000061d400000| PB 0x000000061d400000| Untracked |  0
| 118|0x000000061d800000, 0x000000061d800000, 0x000000061dc00000|  0%| F|  |TAMS 0x000000061d800000| PB 0x000000061d800000| Untracked |  0
| 119|0x000000061dc00000, 0x000000061dc00000, 0x000000061e000000|  0%| F|  |TAMS 0x000000061dc00000| PB 0x000000061dc00000| Untracked |  0
| 120|0x000000061e000000, 0x000000061e000000, 0x000000061e400000|  0%| F|  |TAMS 0x000000061e000000| PB 0x000000061e000000| Untracked |  0
| 121|0x000000061e400000, 0x000000061e400000, 0x000000061e800000|  0%| F|  |TAMS 0x000000061e400000| PB 0x000000061e400000| Untracked |  0
| 122|0x000000061e800000, 0x000000061e800000, 0x000000061ec00000|  0%| F|  |TAMS 0x000000061e800000| PB 0x000000061e800000| Untracked |  0
| 123|0x000000061ec00000, 0x000000061ec00000, 0x000000061f000000|  0%| F|  |TAMS 0x000000061ec00000| PB 0x000000061ec00000| Untracked |  0
| 124|0x000000061f000000, 0x000000061f000000, 0x000000061f400000|  0%| F|  |TAMS 0x000000061f000000| PB 0x000000061f000000| Untracked |  0
| 125|0x000000061f400000, 0x000000061f400000, 0x000000061f800000|  0%| F|  |TAMS 0x000000061f400000| PB 0x000000061f400000| Untracked |  0
| 126|0x000000061f800000, 0x000000061f800000, 0x000000061fc00000|  0%| F|  |TAMS 0x000000061f800000| PB 0x000000061f800000| Untracked |  0
| 127|0x000000061fc00000, 0x000000061fc00000, 0x0000000620000000|  0%| F|  |TAMS 0x000000061fc00000| PB 0x000000061fc00000| Untracked |  0
| 128|0x0000000620000000, 0x0000000620000000, 0x0000000620400000|  0%| F|  |TAMS 0x0000000620000000| PB 0x0000000620000000| Untracked |  0
| 129|0x0000000620400000, 0x0000000620400000, 0x0000000620800000|  0%| F|  |TAMS 0x0000000620400000| PB 0x0000000620400000| Untracked |  0
| 130|0x0000000620800000, 0x0000000620800000, 0x0000000620c00000|  0%| F|  |TAMS 0x0000000620800000| PB 0x0000000620800000| Untracked |  0
| 131|0x0000000620c00000, 0x0000000620c00000, 0x0000000621000000|  0%| F|  |TAMS 0x0000000620c00000| PB 0x0000000620c00000| Untracked |  0
| 132|0x0000000621000000, 0x0000000621000000, 0x0000000621400000|  0%| F|  |TAMS 0x0000000621000000| PB 0x0000000621000000| Untracked |  0
| 133|0x0000000621400000, 0x0000000621400000, 0x0000000621800000|  0%| F|  |TAMS 0x0000000621400000| PB 0x0000000621400000| Untracked |  0
| 134|0x0000000621800000, 0x0000000621800000, 0x0000000621c00000|  0%| F|  |TAMS 0x0000000621800000| PB 0x0000000621800000| Untracked |  0
| 135|0x0000000621c00000, 0x0000000621c00000, 0x0000000622000000|  0%| F|  |TAMS 0x0000000621c00000| PB 0x0000000621c00000| Untracked |  0
| 136|0x0000000622000000, 0x0000000622000000, 0x0000000622400000|  0%| F|  |TAMS 0x0000000622000000| PB 0x0000000622000000| Untracked |  0
| 137|0x0000000622400000, 0x000000062273b990, 0x0000000622800000| 80%| E|  |TAMS 0x0000000622400000| PB 0x0000000622400000| Complete |  0
| 138|0x0000000622800000, 0x0000000622c00000, 0x0000000622c00000|100%| E|CS|TAMS 0x0000000622800000| PB 0x0000000622800000| Complete |  0
| 139|0x0000000622c00000, 0x0000000623000000, 0x0000000623000000|100%| E|CS|TAMS 0x0000000622c00000| PB 0x0000000622c00000| Complete |  0
| 140|0x0000000623000000, 0x0000000623400000, 0x0000000623400000|100%| E|CS|TAMS 0x0000000623000000| PB 0x0000000623000000| Complete |  0
| 141|0x0000000623400000, 0x0000000623800000, 0x0000000623800000|100%| E|  |TAMS 0x0000000623400000| PB 0x0000000623400000| Complete |  0
| 142|0x0000000623800000, 0x0000000623c00000, 0x0000000623c00000|100%| E|CS|TAMS 0x0000000623800000| PB 0x0000000623800000| Complete |  0
| 143|0x0000000623c00000, 0x0000000624000000, 0x0000000624000000|100%| E|CS|TAMS 0x0000000623c00000| PB 0x0000000623c00000| Complete |  0
| 144|0x0000000624000000, 0x0000000624400000, 0x0000000624400000|100%| E|CS|TAMS 0x0000000624000000| PB 0x0000000624000000| Complete |  0
| 145|0x0000000624400000, 0x0000000624800000, 0x0000000624800000|100%| E|CS|TAMS 0x0000000624400000| PB 0x0000000624400000| Complete |  0
| 146|0x0000000624800000, 0x0000000624c00000, 0x0000000624c00000|100%| E|CS|TAMS 0x0000000624800000| PB 0x0000000624800000| Complete |  0
| 147|0x0000000624c00000, 0x0000000625000000, 0x0000000625000000|100%| E|CS|TAMS 0x0000000624c00000| PB 0x0000000624c00000| Complete |  0
| 148|0x0000000625000000, 0x0000000625400000, 0x0000000625400000|100%| E|CS|TAMS 0x0000000625000000| PB 0x0000000625000000| Complete |  0
| 149|0x0000000625400000, 0x0000000625800000, 0x0000000625800000|100%| E|CS|TAMS 0x0000000625400000| PB 0x0000000625400000| Complete |  0
| 150|0x0000000625800000, 0x0000000625c00000, 0x0000000625c00000|100%| E|CS|TAMS 0x0000000625800000| PB 0x0000000625800000| Complete |  0
| 151|0x0000000625c00000, 0x0000000626000000, 0x0000000626000000|100%| E|CS|TAMS 0x0000000625c00000| PB 0x0000000625c00000| Complete |  0
| 152|0x0000000626000000, 0x0000000626400000, 0x0000000626400000|100%| E|CS|TAMS 0x0000000626000000| PB 0x0000000626000000| Complete |  0
| 153|0x0000000626400000, 0x0000000626800000, 0x0000000626800000|100%| E|CS|TAMS 0x0000000626400000| PB 0x0000000626400000| Complete |  0
| 154|0x0000000626800000, 0x0000000626c00000, 0x0000000626c00000|100%| E|CS|TAMS 0x0000000626800000| PB 0x0000000626800000| Complete |  0
| 155|0x0000000626c00000, 0x0000000627000000, 0x0000000627000000|100%| E|CS|TAMS 0x0000000626c00000| PB 0x0000000626c00000| Complete |  0
| 156|0x0000000627000000, 0x0000000627400000, 0x0000000627400000|100%| E|CS|TAMS 0x0000000627000000| PB 0x0000000627000000| Complete |  0
| 157|0x0000000627400000, 0x0000000627800000, 0x0000000627800000|100%| E|CS|TAMS 0x0000000627400000| PB 0x0000000627400000| Complete |  0
| 158|0x0000000627800000, 0x0000000627c00000, 0x0000000627c00000|100%| E|CS|TAMS 0x0000000627800000| PB 0x0000000627800000| Complete |  0
| 159|0x0000000627c00000, 0x0000000628000000, 0x0000000628000000|100%| E|CS|TAMS 0x0000000627c00000| PB 0x0000000627c00000| Complete |  0
| 160|0x0000000628000000, 0x0000000628400000, 0x0000000628400000|100%| E|CS|TAMS 0x0000000628000000| PB 0x0000000628000000| Complete |  0
| 161|0x0000000628400000, 0x0000000628800000, 0x0000000628800000|100%| E|CS|TAMS 0x0000000628400000| PB 0x0000000628400000| Complete |  0
| 162|0x0000000628800000, 0x0000000628c00000, 0x0000000628c00000|100%| E|CS|TAMS 0x0000000628800000| PB 0x0000000628800000| Complete |  0
| 163|0x0000000628c00000, 0x0000000629000000, 0x0000000629000000|100%| E|CS|TAMS 0x0000000628c00000| PB 0x0000000628c00000| Complete |  0
| 164|0x0000000629000000, 0x0000000629400000, 0x0000000629400000|100%| E|CS|TAMS 0x0000000629000000| PB 0x0000000629000000| Complete |  0
|2042|0x00000007fe800000, 0x00000007fec00000, 0x00000007fec00000|100%| O|  |TAMS 0x00000007fe800000| PB 0x00000007fe800000| Untracked |  0
|2043|0x00000007fec00000, 0x00000007ff000000, 0x00000007ff000000|100%| O|  |TAMS 0x00000007fec00000| PB 0x00000007fec00000| Untracked |  0
|2044|0x00000007ff000000, 0x00000007ff400000, 0x00000007ff400000|100%| O|  |TAMS 0x00000007ff000000| PB 0x00000007ff000000| Untracked |  0
|2045|0x00000007ff400000, 0x00000007ff800000, 0x00000007ff800000|100%| E|CS|TAMS 0x00000007ff400000| PB 0x00000007ff400000| Complete |  0
|2046|0x00000007ff800000, 0x00000007ffc00000, 0x00000007ffc00000|100%| O|  |TAMS 0x00000007ff800000| PB 0x00000007ff800000| Untracked |  0
|2047|0x00000007ffc00000, 0x0000000800000000, 0x0000000800000000|100%| O|  |TAMS 0x00000007ffc00000| PB 0x00000007ffc00000| Untracked |  0

Card table byte_map: [0x000002eea5c80000,0x000002eea6c80000] _byte_map_base: 0x000002eea2c80000

Marking Bits: (CMBitMap*) 0x000002eeff7d22c0
 Bits: [0x000002eea6c80000, 0x000002eeaec80000)

Polling page: 0x000002eefe9d0000

Metaspace:
Metaspace        used 143009K, committed 145152K, reserved 1179648K
 class space     used 20883K, committed 21888K, reserved 1048576K

Usage:
  Non-class:    119.26 MB used.
      Class:     20.39 MB used.
       Both:    139.66 MB used.

Virtual space:
  Non-class space:      128.00 MB reserved,     120.38 MB ( 94%) committed,  2 nodes.
      Class space:        1.00 GB reserved,      21.38 MB (  2%) committed,  1 nodes.
             Both:        1.12 GB reserved,     141.75 MB ( 12%) committed. 

Chunk freelists:
   Non-Class:  7.56 MB
       Class:  10.63 MB
        Both:  18.19 MB

MaxMetaspaceSize: 4.00 GB
CompressedClassSpaceSize: 1.00 GB
Initial GC threshold: 21.00 MB
Current GC threshold: 145.31 MB
CDS: off
 - commit_granule_bytes: 65536.
 - commit_granule_words: 8192.
 - virtual_space_node_default_size: 8388608.
 - enlarge_chunks_in_place: 1.
UseCompressedClassPointers 1, UseCompactObjectHeaders 0
Narrow klass pointer bits 32, Max shift 3
Narrow klass base: 0x0000000000000000, Narrow klass shift: 0
Encoding Range: [0x0000000000000000 - 0x0000000100000000), (4294967296 bytes)
Klass Range:    [0x00000000a4000000 - 0x00000000e4000000), (1073741824 bytes)
Klass ID Range:  [2751463424 - 3825205241) (1073741817)
No protection zone.


Internal statistics:

num_allocs_failed_limit: 9.
num_arena_births: 4322.
num_arena_deaths: 0.
num_vsnodes_births: 3.
num_vsnodes_deaths: 0.
num_space_committed: 2266.
num_space_uncommitted: 0.
num_chunks_returned_to_freelist: 9.
num_chunks_taken_from_freelist: 10138.
num_chunk_merges: 9.
num_chunk_splits: 6847.
num_chunks_enlarged: 4656.
num_inconsistent_stats: 0.

CodeHeap 'non-profiled nmethods': size=258368Kb used=8609Kb max_used=8609Kb free=249759Kb
 bounds [0x000002ee94bf0000, 0x000002ee95460000, 0x000002eea4840000]
CodeHeap 'profiled nmethods': size=258432Kb used=27544Kb max_used=27544Kb free=230888Kb
 bounds [0x000002ee84840000, 0x000002ee86330000, 0x000002ee944a0000]
CodeHeap 'non-nmethods': size=7488Kb used=3814Kb max_used=3933Kb free=3673Kb
 bounds [0x000002ee944a0000, 0x000002ee94880000, 0x000002ee94bf0000]
CodeCache: size=524288Kb, used=39967Kb, max_used=40086Kb, free=484320Kb
 total_blobs=18837, nmethods=17848, adapters=888, full_count=0
Compilation: enabled, stopped_count=0, restarted_count=0

Compilation events (20 events):
Event: 19.738 Thread 0x000002eeb6525d80 nmethod 19579 0x000002ee95454188 code [0x000002ee95454280, 0x000002ee95454308]
Event: 19.741 Thread 0x000002eeb6041260 nmethod 19601 0x000002ee95454488 code [0x000002ee95454580, 0x000002ee95457470]
Event: 19.748 Thread 0x000002eeb6527dc0 19629       3       java.lang.ProcessEnvironment$CheckedEntry::getValue (13 bytes)
Event: 19.748 Thread 0x000002eeb6179e70 19628       3       java.lang.ProcessEnvironment$CheckedEntry::getValue (5 bytes)
Event: 19.749 Thread 0x000002eeb6527dc0 nmethod 19629 0x000002ee86324708 code [0x000002ee86324800, 0x000002ee86324a80]
Event: 19.749 Thread 0x000002eeb6179e70 nmethod 19628 0x000002ee86324a88 code [0x000002ee86324b80, 0x000002ee86324e70]
Event: 19.749 Thread 0x000002eeb6179e70 19630       3       java.lang.ProcessEnvironment$EntryComparator::compare (13 bytes)
Event: 19.749 Thread 0x000002eeb6175df0 19631       3       java.lang.ProcessEnvironment$EntryComparator::compare (25 bytes)
Event: 19.750 Thread 0x000002eeb6175df0 nmethod 19631 0x000002ee86324e88 code [0x000002ee86324f80, 0x000002ee86325438]
Event: 19.750 Thread 0x000002eeb6525d80 19632       4       java.lang.Character::isSpaceChar (5 bytes)
Event: 19.750 Thread 0x000002eeb6179e70 nmethod 19630 0x000002ee86325488 code [0x000002ee86325580, 0x000002ee86325cb8]
Event: 19.750 Thread 0x000002eeb6041260 19633       4       java.lang.Character::isSpaceChar (19 bytes)
Event: 19.750 Thread 0x000002eeb6041260 nmethod 19633 0x000002ee95457508 code [0x000002ee95457600, 0x000002ee95457770]
Event: 19.751 Thread 0x000002eeb6525d80 nmethod 19632 0x000002ee95457808 code [0x000002ee95457900, 0x000002ee95457a70]
Event: 21.519 Thread 0x000002eeb6179e70 19635       3       org.gradle.internal.io.LineBufferingOutputStream::write (59 bytes)
Event: 21.519 Thread 0x000002eeb604f610 19636       3       org.gradle.internal.io.StreamByteBuffer$StreamByteBufferOutputStream::write (22 bytes)
Event: 21.519 Thread 0x000002eeb6175df0 19637       3       org.gradle.internal.io.StreamByteBuffer$StreamByteBufferChunk::write (32 bytes)
Event: 21.519 Thread 0x000002eeb6527dc0 19638       3       org.gradle.internal.io.LineBufferingOutputStream::endsWithLineSeparator (27 bytes)
Event: 21.520 Thread 0x000002eeb6041260 19639       4       java.nio.Buffer::hasRemaining (17 bytes)
Event: 21.520 Thread 0x000002eeb6175df0 nmethod 19637 0x000002ee86325d08 code [0x000002ee86325e00, 0x000002ee86325fa0]

GC Heap Usage History (20 events):
Event: 15.117 {heap Before GC invocations=37 (full 0):
 garbage-first heap   total reserved 8388608K, committed 352256K, used 309754K [0x0000000600000000, 0x0000000800000000)
  region size 4096K, 50 young (204800K), 3 survivors (12288K)
}
Event: 15.123 {heap After GC invocations=38 (full 0):
 garbage-first heap   total reserved 8388608K, committed 352256K, used 118160K [0x0000000600000000, 0x0000000800000000)
  region size 4096K, 3 young (12288K), 3 survivors (12288K)
}
Event: 15.207 {heap Before GC invocations=38 (full 0):
 garbage-first heap   total reserved 8388608K, committed 352256K, used 314768K [0x0000000600000000, 0x0000000800000000)
  region size 4096K, 51 young (208896K), 3 survivors (12288K)
}
Event: 15.213 {heap After GC invocations=39 (full 0):
 garbage-first heap   total reserved 8388608K, committed 352256K, used 119587K [0x0000000600000000, 0x0000000800000000)
  region size 4096K, 3 young (12288K), 3 survivors (12288K)
}
Event: 15.295 {heap Before GC invocations=39 (full 0):
 garbage-first heap   total reserved 8388608K, committed 352256K, used 312099K [0x0000000600000000, 0x0000000800000000)
  region size 4096K, 51 young (208896K), 3 survivors (12288K)
}
Event: 15.301 {heap After GC invocations=40 (full 0):
 garbage-first heap   total reserved 8388608K, committed 471040K, used 119740K [0x0000000600000000, 0x0000000800000000)
  region size 4096K, 3 young (12288K), 3 survivors (12288K)
}
Event: 16.019 {heap Before GC invocations=40 (full 0):
 garbage-first heap   total reserved 8388608K, committed 471040K, used 385980K [0x0000000600000000, 0x0000000800000000)
  region size 4096K, 69 young (282624K), 3 survivors (12288K)
}
Event: 16.029 {heap After GC invocations=41 (full 0):
 garbage-first heap   total reserved 8388608K, committed 471040K, used 136463K [0x0000000600000000, 0x0000000800000000)
  region size 4096K, 8 young (32768K), 8 survivors (32768K)
}
Event: 16.809 {heap Before GC invocations=41 (full 0):
 garbage-first heap   total reserved 8388608K, committed 471040K, used 382223K [0x0000000600000000, 0x0000000800000000)
  region size 4096K, 69 young (282624K), 8 survivors (32768K)
}
Event: 16.822 {heap After GC invocations=42 (full 0):
 garbage-first heap   total reserved 8388608K, committed 471040K, used 147649K [0x0000000600000000, 0x0000000800000000)
  region size 4096K, 8 young (32768K), 8 survivors (32768K)
}
Event: 16.919 {heap Before GC invocations=42 (full 0):
 garbage-first heap   total reserved 8388608K, committed 471040K, used 397505K [0x0000000600000000, 0x0000000800000000)
  region size 4096K, 69 young (282624K), 8 survivors (32768K)
}
Event: 16.929 {heap After GC invocations=43 (full 0):
 garbage-first heap   total reserved 8388608K, committed 471040K, used 149165K [0x0000000600000000, 0x0000000800000000)
  region size 4096K, 4 young (16384K), 4 survivors (16384K)
}
Event: 17.008 {heap Before GC invocations=43 (full 0):
 garbage-first heap   total reserved 8388608K, committed 471040K, used 415405K [0x0000000600000000, 0x0000000800000000)
  region size 4096K, 69 young (282624K), 4 survivors (16384K)
}
Event: 17.014 {heap After GC invocations=44 (full 0):
 garbage-first heap   total reserved 8388608K, committed 700416K, used 149142K [0x0000000600000000, 0x0000000800000000)
  region size 4096K, 4 young (16384K), 4 survivors (16384K)
}
Event: 17.155 {heap Before GC invocations=44 (full 0):
 garbage-first heap   total reserved 8388608K, committed 700416K, used 546454K [0x0000000600000000, 0x0000000800000000)
  region size 4096K, 102 young (417792K), 4 survivors (16384K)
}
Event: 17.162 {heap After GC invocations=45 (full 0):
 garbage-first heap   total reserved 8388608K, committed 700416K, used 150390K [0x0000000600000000, 0x0000000800000000)
  region size 4096K, 4 young (16384K), 4 survivors (16384K)
}
Event: 17.285 {heap Before GC invocations=45 (full 0):
 garbage-first heap   total reserved 8388608K, committed 700416K, used 551798K [0x0000000600000000, 0x0000000800000000)
  region size 4096K, 102 young (417792K), 4 survivors (16384K)
}
Event: 17.293 {heap After GC invocations=46 (full 0):
 garbage-first heap   total reserved 8388608K, committed 700416K, used 151461K [0x0000000600000000, 0x0000000800000000)
  region size 4096K, 4 young (16384K), 4 survivors (16384K)
}
Event: 18.975 {heap Before GC invocations=46 (full 0):
 garbage-first heap   total reserved 8388608K, committed 700416K, used 548773K [0x0000000600000000, 0x0000000800000000)
  region size 4096K, 102 young (417792K), 4 survivors (16384K)
}
Event: 18.990 {heap After GC invocations=47 (full 0):
 garbage-first heap   total reserved 8388608K, committed 700416K, used 179727K [0x0000000600000000, 0x0000000800000000)
  region size 4096K, 11 young (45056K), 11 survivors (45056K)
}

Metaspace Usage History (20 events):
Event: 15.117 {metaspace Before GC invocations=37 (full 0):
 Metaspace       used 119798K, committed 121792K, reserved 1179648K
  class space    used 17787K, committed 18688K, reserved 1048576K
}
Event: 15.123 {metaspace After GC invocations=38 (full 0):
 Metaspace       used 119798K, committed 121792K, reserved 1179648K
  class space    used 17787K, committed 18688K, reserved 1048576K
}
Event: 15.207 {metaspace Before GC invocations=38 (full 0):
 Metaspace       used 119798K, committed 121792K, reserved 1179648K
  class space    used 17787K, committed 18688K, reserved 1048576K
}
Event: 15.213 {metaspace After GC invocations=39 (full 0):
 Metaspace       used 119798K, committed 121792K, reserved 1179648K
  class space    used 17787K, committed 18688K, reserved 1048576K
}
Event: 15.295 {metaspace Before GC invocations=39 (full 0):
 Metaspace       used 119798K, committed 121792K, reserved 1179648K
  class space    used 17787K, committed 18688K, reserved 1048576K
}
Event: 15.301 {metaspace After GC invocations=40 (full 0):
 Metaspace       used 119798K, committed 121792K, reserved 1179648K
  class space    used 17787K, committed 18688K, reserved 1048576K
}
Event: 16.019 {metaspace Before GC invocations=40 (full 0):
 Metaspace       used 122769K, committed 124864K, reserved 1179648K
  class space    used 18292K, committed 19264K, reserved 1048576K
}
Event: 16.029 {metaspace After GC invocations=41 (full 0):
 Metaspace       used 122769K, committed 124864K, reserved 1179648K
  class space    used 18292K, committed 19264K, reserved 1048576K
}
Event: 16.809 {metaspace Before GC invocations=41 (full 0):
 Metaspace       used 125341K, committed 127488K, reserved 1179648K
  class space    used 18596K, committed 19648K, reserved 1048576K
}
Event: 16.822 {metaspace After GC invocations=42 (full 0):
 Metaspace       used 125341K, committed 127488K, reserved 1179648K
  class space    used 18596K, committed 19648K, reserved 1048576K
}
Event: 16.919 {metaspace Before GC invocations=42 (full 0):
 Metaspace       used 125344K, committed 127552K, reserved 1179648K
  class space    used 18597K, committed 19648K, reserved 1048576K
}
Event: 16.929 {metaspace After GC invocations=43 (full 0):
 Metaspace       used 125344K, committed 127552K, reserved 1179648K
  class space    used 18597K, committed 19648K, reserved 1048576K
}
Event: 17.008 {metaspace Before GC invocations=43 (full 0):
 Metaspace       used 125344K, committed 127552K, reserved 1179648K
  class space    used 18597K, committed 19648K, reserved 1048576K
}
Event: 17.014 {metaspace After GC invocations=44 (full 0):
 Metaspace       used 125344K, committed 127552K, reserved 1179648K
  class space    used 18597K, committed 19648K, reserved 1048576K
}
Event: 17.155 {metaspace Before GC invocations=44 (full 0):
 Metaspace       used 125344K, committed 127552K, reserved 1179648K
  class space    used 18597K, committed 19648K, reserved 1048576K
}
Event: 17.162 {metaspace After GC invocations=45 (full 0):
 Metaspace       used 125344K, committed 127552K, reserved 1179648K
  class space    used 18597K, committed 19648K, reserved 1048576K
}
Event: 17.285 {metaspace Before GC invocations=45 (full 0):
 Metaspace       used 125344K, committed 127552K, reserved 1179648K
  class space    used 18597K, committed 19648K, reserved 1048576K
}
Event: 17.293 {metaspace After GC invocations=46 (full 0):
 Metaspace       used 125344K, committed 127552K, reserved 1179648K
  class space    used 18597K, committed 19648K, reserved 1048576K
}
Event: 18.975 {metaspace Before GC invocations=46 (full 0):
 Metaspace       used 135320K, committed 137600K, reserved 1179648K
  class space    used 20050K, committed 21120K, reserved 1048576K
}
Event: 18.990 {metaspace After GC invocations=47 (full 0):
 Metaspace       used 135320K, committed 137600K, reserved 1179648K
  class space    used 20050K, committed 21120K, reserved 1048576K
}

Dll operation events (3 events):
Event: 0.012 Loaded shared library C:\Program Files\Android\Android Studio\jbr\bin\java.dll
Event: 0.016 Loaded shared library C:\Program Files\Android\Android Studio\jbr\bin\zip.dll
Event: 0.666 Loaded shared library C:\Program Files\Android\Android Studio\jbr\bin\verify.dll

Deoptimization events (20 events):
Event: 19.725 Thread 0x000002eeb6047e20 Uncommon trap: reason=unstable_if action=reinterpret pc=0x000002ee951bb97c method=org.gradle.internal.snapshot.ChildMap$Entry.handlePath(Lorg/gradle/internal/snapshot/VfsRelativePath;Lorg/gradle/internal/snapshot/CaseSensitivity;Lorg/gradle/internal/snaps
Event: 19.725 Thread 0x000002eeb6047e20 DEOPT PACKING pc=0x000002ee951bb97c sp=0x000000f6ea7fb810
Event: 19.725 Thread 0x000002eeb6047e20 DEOPT UNPACKING pc=0x000002ee945b8582 sp=0x000000f6ea7fb7c8 mode 2
Event: 19.730 Thread 0x000002eeb6047e20 Uncommon trap: trap_request=0xffffff45 fr.pc=0x000002ee94eb99dc relative=0x00000000000004dc
Event: 19.730 Thread 0x000002eeb6047e20 Uncommon trap: reason=unstable_if action=reinterpret pc=0x000002ee94eb99dc method=sun.security.provider.DigestBase.engineUpdate([BII)V @ 1 c2
Event: 19.730 Thread 0x000002eeb6047e20 DEOPT PACKING pc=0x000002ee94eb99dc sp=0x000000f6ea7fcb10
Event: 19.730 Thread 0x000002eeb6047e20 DEOPT UNPACKING pc=0x000002ee945b8582 sp=0x000000f6ea7fcac8 mode 2
Event: 19.732 Thread 0x000002eeb6047e20 Uncommon trap: trap_request=0xffffffde fr.pc=0x000002ee95174a84 relative=0x0000000000000984
Event: 19.732 Thread 0x000002eeb6047e20 Uncommon trap: reason=class_check action=maybe_recompile pc=0x000002ee95174a84 method=org.gradle.internal.operations.DefaultBuildOperationAncestryTracker.findClosestExistingAncestor(Lorg/gradle/internal/operations/OperationIdentifier;Ljava/util/function/F
Event: 19.732 Thread 0x000002eeb6047e20 DEOPT PACKING pc=0x000002ee95174a84 sp=0x000000f6ea7fb040
Event: 19.732 Thread 0x000002eeb6047e20 DEOPT UNPACKING pc=0x000002ee945b8582 sp=0x000000f6ea7faff0 mode 2
Event: 19.732 Thread 0x000002eeb6047e20 Uncommon trap: trap_request=0xffffffde fr.pc=0x000002ee95174a84 relative=0x0000000000000984
Event: 19.732 Thread 0x000002eeb6047e20 Uncommon trap: reason=class_check action=maybe_recompile pc=0x000002ee95174a84 method=org.gradle.internal.operations.DefaultBuildOperationAncestryTracker.findClosestExistingAncestor(Lorg/gradle/internal/operations/OperationIdentifier;Ljava/util/function/F
Event: 19.732 Thread 0x000002eeb6047e20 DEOPT PACKING pc=0x000002ee95174a84 sp=0x000000f6ea7fafc0
Event: 19.732 Thread 0x000002eeb6047e20 DEOPT UNPACKING pc=0x000002ee945b8582 sp=0x000000f6ea7faf70 mode 2
Event: 19.732 Thread 0x000002eeb6047e20 Uncommon trap: trap_request=0xffffffde fr.pc=0x000002ee95174a84 relative=0x0000000000000984
Event: 19.732 Thread 0x000002eeb6047e20 Uncommon trap: reason=class_check action=maybe_recompile pc=0x000002ee95174a84 method=org.gradle.internal.operations.DefaultBuildOperationAncestryTracker.findClosestExistingAncestor(Lorg/gradle/internal/operations/OperationIdentifier;Ljava/util/function/F
Event: 19.732 Thread 0x000002eeb6047e20 DEOPT PACKING pc=0x000002ee95174a84 sp=0x000000f6ea7faf40
Event: 19.732 Thread 0x000002eeb6047e20 DEOPT UNPACKING pc=0x000002ee945b8582 sp=0x000000f6ea7faef0 mode 2
Event: 21.520 Thread 0x000002eebd1f30e0 Uncommon trap: trap_request=0xffffffc6 fr.pc=0x000002ee9515d890 relative=0x0000000000000090

Classes loaded (20 events):
Event: 19.682 Loading class sun/nio/ch/ChannelOutputStream
Event: 19.682 Loading class sun/nio/ch/ChannelOutputStream done
Event: 19.704 Loading class java/time/Clock
Event: 19.704 Loading class java/time/InstantSource
Event: 19.704 Loading class java/time/InstantSource done
Event: 19.704 Loading class java/time/Clock done
Event: 19.705 Loading class java/time/Clock$SystemClock
Event: 19.705 Loading class java/time/Clock$SystemClock done
Event: 19.714 Loading class java/time/Instant$1
Event: 19.714 Loading class java/time/Instant$1 done
Event: 19.749 Loading class java/lang/ProcessImpl
Event: 19.749 Loading class java/lang/ProcessImpl done
Event: 19.760 Loading class java/lang/ProcessHandleImpl
Event: 19.761 Loading class java/lang/ProcessHandleImpl done
Event: 19.761 Loading class java/lang/Process$PipeOutputStream
Event: 19.761 Loading class java/lang/Process$PipeOutputStream done
Event: 19.761 Loading class java/lang/Process$PipeInputStream
Event: 19.761 Loading class java/lang/Process$PipeInputStream done
Event: 19.761 Loading class jdk/internal/event/ProcessStartEvent
Event: 19.761 Loading class jdk/internal/event/ProcessStartEvent done

Classes unloaded (0 events):
No events

Classes redefined (0 events):
No events

Internal exceptions (20 events):
Event: 18.701 Thread 0x000002eeb90ac0c0 Exception <a 'sun/nio/fs/WindowsException'{0x00000006134822e0}> (0x00000006134822e0) 
thrown [s\src\hotspot\share\prims\jni.cpp, line 535]
Event: 18.712 Thread 0x000002eeb90ac0c0 Exception <a 'sun/nio/fs/WindowsException'{0x0000000613577540}> (0x0000000613577540) 
thrown [s\src\hotspot\share\prims\jni.cpp, line 535]
Event: 18.731 Thread 0x000002eeb90ac0c0 Exception <a 'sun/nio/fs/WindowsException'{0x000000061374ece8}> (0x000000061374ece8) 
thrown [s\src\hotspot\share\prims\jni.cpp, line 535]
Event: 18.915 Thread 0x000002eeb90ac0c0 Exception <a 'java/lang/NoSuchMethodError'{0x0000000611972878}: 'java.lang.Object java.lang.invoke.DelegatingMethodHandle$Holder.reinvoke_L(java.lang.Object, java.lang.Object, int, int, int)'> (0x0000000611972878) 
thrown [s\src\hotspot\share\interpreter\linkResolver.cpp, line 815]
Event: 19.196 Thread 0x000002eeb90ac0c0 Exception <a 'sun/nio/fs/WindowsException'{0x0000000627975cb0}> (0x0000000627975cb0) 
thrown [s\src\hotspot\share\prims\jni.cpp, line 535]
Event: 19.244 Thread 0x000002eeb90ac0c0 Implicit null exception at 0x000002ee953e02d7 to 0x000002ee953e09c0
Event: 19.502 Thread 0x000002eeb90ac0c0 Exception <a 'java/lang/IncompatibleClassChangeError'{0x0000000624d16f30}: Found class java.lang.Object, but interface was expected> (0x0000000624d16f30) 
thrown [s\src\hotspot\share\interpreter\linkResolver.cpp, line 882]
Event: 19.627 Thread 0x000002eeb90ac0c0 Exception <a 'java/lang/NoSuchMethodError'{0x000000062395b8d0}: static Lcom/android/build/gradle/internal/profile/ProjectData;.<clinit>()V> (0x000000062395b8d0) 
thrown [s\src\hotspot\share\prims\jni.cpp, line 1141]
Event: 19.633 Thread 0x000002eeb90ac0c0 Exception <a 'java/lang/NoSuchMethodError'{0x00000006239cafa8}: static Lcom/android/build/gradle/internal/profile/TaskMetadata;.<clinit>()V> (0x00000006239cafa8) 
thrown [s\src\hotspot\share\prims\jni.cpp, line 1141]
Event: 19.681 Thread 0x000002eeb90ac0c0 Exception <a 'sun/nio/fs/WindowsException'{0x000000062325bec8}> (0x000000062325bec8) 
thrown [s\src\hotspot\share\prims\jni.cpp, line 535]
Event: 19.700 Thread 0x000002eeb6047e20 Exception <a 'sun/nio/fs/WindowsException'{0x00000006228bc8f8}> (0x00000006228bc8f8) 
thrown [s\src\hotspot\share\prims\jni.cpp, line 535]
Event: 19.710 Thread 0x000002eeb6047e20 Exception <a 'sun/nio/fs/WindowsException'{0x0000000622a893b8}> (0x0000000622a893b8) 
thrown [s\src\hotspot\share\prims\jni.cpp, line 535]
Event: 19.710 Thread 0x000002eeb6047e20 Exception <a 'sun/nio/fs/WindowsException'{0x0000000622a8a1f0}> (0x0000000622a8a1f0) 
thrown [s\src\hotspot\share\prims\jni.cpp, line 535]
Event: 19.715 Thread 0x000002eeb6047e20 Exception <a 'sun/nio/fs/WindowsException'{0x0000000622af5ae0}> (0x0000000622af5ae0) 
thrown [s\src\hotspot\share\prims\jni.cpp, line 535]
Event: 19.716 Thread 0x000002eeb6047e20 Exception <a 'sun/nio/fs/WindowsException'{0x0000000622b05308}> (0x0000000622b05308) 
thrown [s\src\hotspot\share\prims\jni.cpp, line 535]
Event: 19.723 Thread 0x000002eeb6047e20 Exception <a 'sun/nio/fs/WindowsException'{0x0000000622415e70}> (0x0000000622415e70) 
thrown [s\src\hotspot\share\prims\jni.cpp, line 535]
Event: 19.724 Thread 0x000002eeb6047e20 Exception <a 'sun/nio/fs/WindowsException'{0x000000062241af70}> (0x000000062241af70) 
thrown [s\src\hotspot\share\prims\jni.cpp, line 535]
Event: 19.725 Thread 0x000002eeb6047e20 Exception <a 'sun/nio/fs/WindowsException'{0x00000006224407c0}> (0x00000006224407c0) 
thrown [s\src\hotspot\share\prims\jni.cpp, line 535]
Event: 19.729 Thread 0x000002eeb6047e20 Exception <a 'sun/nio/fs/WindowsException'{0x00000006224519c0}> (0x00000006224519c0) 
thrown [s\src\hotspot\share\prims\jni.cpp, line 535]
Event: 19.760 Thread 0x000002eebd1ef260 Exception <a 'java/lang/NoSuchMethodError'{0x000000062266dd90}: 'void java.lang.invoke.DirectMethodHandle$Holder.invokeStatic(java.lang.Object, long)'> (0x000000062266dd90) 
thrown [s\src\hotspot\share\interpreter\linkResolver.cpp, line 815]

VM Operations (20 events):
Event: 17.967 Executing non-safepoint VM operation: HandshakeAllThreads (Deoptimize)
Event: 17.968 Executing non-safepoint VM operation: HandshakeAllThreads (Deoptimize) done
Event: 18.027 Executing non-safepoint VM operation: HandshakeAllThreads (Deoptimize)
Event: 18.027 Executing non-safepoint VM operation: HandshakeAllThreads (Deoptimize) done
Event: 18.184 Executing non-safepoint VM operation: HandshakeAllThreads (Deoptimize)
Event: 18.184 Executing non-safepoint VM operation: HandshakeAllThreads (Deoptimize) done
Event: 18.201 Executing non-safepoint VM operation: HandshakeAllThreads (Deoptimize)
Event: 18.202 Executing non-safepoint VM operation: HandshakeAllThreads (Deoptimize) done
Event: 18.640 Executing non-safepoint VM operation: HandshakeAllThreads (Deoptimize)
Event: 18.641 Executing non-safepoint VM operation: HandshakeAllThreads (Deoptimize) done
Event: 18.974 Executing safepoint VM operation: G1CollectForAllocation (G1 Evacuation Pause)
Event: 18.990 Executing safepoint VM operation: G1CollectForAllocation (G1 Evacuation Pause) done
Event: 19.202 Executing non-safepoint VM operation: HandshakeAllThreads (Deoptimize)
Event: 19.202 Executing non-safepoint VM operation: HandshakeAllThreads (Deoptimize) done
Event: 19.205 Executing non-safepoint VM operation: HandshakeAllThreads (Deoptimize)
Event: 19.205 Executing non-safepoint VM operation: HandshakeAllThreads (Deoptimize) done
Event: 19.506 Executing non-safepoint VM operation: HandshakeAllThreads (Deoptimize)
Event: 19.506 Executing non-safepoint VM operation: HandshakeAllThreads (Deoptimize) done
Event: 19.728 Executing non-safepoint VM operation: HandshakeAllThreads (Deoptimize)
Event: 19.728 Executing non-safepoint VM operation: HandshakeAllThreads (Deoptimize) done

Memory protections (0 events):
No events

Nmethod flushes (20 events):
Event: 11.860 Thread 0x000002eeaef358e0 flushing  nmethod 0x000002ee84948888
Event: 11.860 Thread 0x000002eeaef358e0 flushing  nmethod 0x000002ee84a0b308
Event: 11.860 Thread 0x000002eeaef358e0 flushing  nmethod 0x000002ee84a82c08
Event: 11.860 Thread 0x000002eeaef358e0 flushing  nmethod 0x000002ee84cafb08
Event: 11.860 Thread 0x000002eeaef358e0 flushing  nmethod 0x000002ee85011c08
Event: 11.860 Thread 0x000002eeaef358e0 flushing  nmethod 0x000002ee85013088
Event: 11.860 Thread 0x000002eeaef358e0 flushing  nmethod 0x000002ee85013e88
Event: 11.860 Thread 0x000002eeaef358e0 flushing  nmethod 0x000002ee850aa588
Event: 11.860 Thread 0x000002eeaef358e0 flushing  nmethod 0x000002ee851dbf88
Event: 11.860 Thread 0x000002eeaef358e0 flushing  nmethod 0x000002ee853a6f88
Event: 11.860 Thread 0x000002eeaef358e0 flushing  nmethod 0x000002ee855a1708
Event: 11.860 Thread 0x000002eeaef358e0 flushing  nmethod 0x000002ee94c73208
Event: 11.860 Thread 0x000002eeaef358e0 flushing  nmethod 0x000002ee94ffc088
Event: 11.860 Thread 0x000002eeaef358e0 flushing  nmethod 0x000002ee85460308
Event: 11.860 Thread 0x000002eeaef358e0 flushing  nmethod 0x000002ee94dab788
Event: 11.860 Thread 0x000002eeaef358e0 flushing  nmethod 0x000002ee84a7c408
Event: 11.860 Thread 0x000002eeaef358e0 flushing  nmethod 0x000002ee84c9c708
Event: 11.860 Thread 0x000002eeaef358e0 flushing  nmethod 0x000002ee85040a88
Event: 11.860 Thread 0x000002eeaef358e0 flushing  nmethod 0x000002ee85042d88
Event: 11.860 Thread 0x000002eeaef358e0 flushing  nmethod 0x000002ee853e6e08

Events (20 events):
Event: 15.026 Thread 0x000002eeb90ac0c0 Thread added: 0x000002eebd1dd920
Event: 15.027 Thread 0x000002eeb90ac0c0 Thread added: 0x000002eebd1e2740
Event: 15.027 Thread 0x000002eeb90ac0c0 Thread added: 0x000002eebd1e2f10
Event: 15.027 Thread 0x000002eeb90ac0c0 Thread added: 0x000002eebd1e0fd0
Event: 15.028 Thread 0x000002eeb90ac0c0 Thread added: 0x000002eebd1e0800
Event: 15.028 Thread 0x000002eeb90ac0c0 Thread added: 0x000002eebd1e65c0
Event: 15.770 Thread 0x000002eeb90ac0c0 Thread added: 0x000002eebd1e5620
Event: 15.872 Thread 0x000002eeb90ac0c0 Thread added: 0x000002eebd1e4680
Event: 16.502 Thread 0x000002eeb90ac0c0 Thread added: 0x000002eebd1eb3e0
Event: 16.520 Thread 0x000002eeb90ac0c0 Thread added: 0x000002eebd1ea440
Event: 17.126 Thread 0x000002eeb7b5e780 Thread exited: 0x000002eeb7b5e780
Event: 17.412 Thread 0x000002eeb7b5b720 Thread exited: 0x000002eeb7b5b720
Event: 17.432 Thread 0x000002eeb7b56680 Thread exited: 0x000002eeb7b56680
Event: 19.683 Thread 0x000002eeb90ac0c0 Thread added: 0x000002eebd1ee2c0
Event: 19.684 Thread 0x000002eeb90ac0c0 Thread added: 0x000002eebd1f2910
Event: 19.697 Thread 0x000002eeb6047e20 Thread added: 0x000002eebd1f09d0
Event: 19.748 Thread 0x000002eeb6047e20 Thread added: 0x000002eebd1ef260
Event: 19.762 Thread 0x000002eebd1ef260 Thread added: 0x000002eebd1f30e0
Event: 19.762 Thread 0x000002eebd1ef260 Thread added: 0x000002eebd1f6790
Event: 21.519 Thread 0x000002eeb6525d80 Thread exited: 0x000002eeb6525d80


Dynamic libraries:
0x00007ff6ae8c0000 - 0x00007ff6ae8ca000 	C:\Program Files\Android\Android Studio\jbr\bin\java.exe
0x00007ff923c00000 - 0x00007ff923e67000 	C:\WINDOWS\SYSTEM32\ntdll.dll
0x00007ff922150000 - 0x00007ff92221b000 	C:\WINDOWS\System32\KERNEL32.DLL
0x00007ff921460000 - 0x00007ff921862000 	C:\WINDOWS\System32\KERNELBASE.dll
0x00007ff921110000 - 0x00007ff92125c000 	C:\WINDOWS\System32\ucrtbase.dll
0x00007ff91bba0000 - 0x00007ff91bbb6000 	C:\Program Files\Android\Android Studio\jbr\bin\jli.dll
0x00007ff90dc30000 - 0x00007ff90dc4b000 	C:\Program Files\Android\Android Studio\jbr\bin\VCRUNTIME140.dll
0x00007ff922510000 - 0x00007ff9226df000 	C:\WINDOWS\System32\USER32.dll
0x00007ff90b980000 - 0x00007ff90bc10000 	C:\WINDOWS\WinSxS\amd64_microsoft.windows.common-controls_6595b64144ccf1df_6.0.26100.9278_none_3e0d1ba8e3303201\COMCTL32.dll
0x00007ff921050000 - 0x00007ff921077000 	C:\WINDOWS\System32\win32u.dll
0x00007ff922c30000 - 0x00007ff922c5b000 	C:\WINDOWS\System32\GDI32.dll
0x00007ff923a30000 - 0x00007ff923ad9000 	C:\WINDOWS\System32\msvcrt.dll
0x00007ff921270000 - 0x00007ff921399000 	C:\WINDOWS\System32\gdi32full.dll
0x00007ff921870000 - 0x00007ff921913000 	C:\WINDOWS\System32\msvcp_win.dll
0x00007ff922970000 - 0x00007ff9229a1000 	C:\WINDOWS\System32\IMM32.DLL
0x00007ff911710000 - 0x00007ff91171c000 	C:\Program Files\Android\Android Studio\jbr\bin\vcruntime140_1.dll
0x00007ff90a600000 - 0x00007ff90a68d000 	C:\Program Files\Android\Android Studio\jbr\bin\msvcp140.dll
0x00007ff8abb20000 - 0x00007ff8ac9fd000 	C:\Program Files\Android\Android Studio\jbr\bin\server\jvm.dll
0x00007ff922b60000 - 0x00007ff922c1c000 	C:\WINDOWS\System32\ADVAPI32.dll
0x00007ff9229b0000 - 0x00007ff922a59000 	C:\WINDOWS\System32\sechost.dll
0x00007ff9223f0000 - 0x00007ff922508000 	C:\WINDOWS\System32\RPCRT4.dll
0x00007ff921920000 - 0x00007ff9219a0000 	C:\WINDOWS\System32\WS2_32.dll
0x00007ff920c60000 - 0x00007ff920cbe000 	C:\WINDOWS\SYSTEM32\POWRPROF.dll
0x00007ff918910000 - 0x00007ff91891b000 	C:\WINDOWS\SYSTEM32\VERSION.dll
0x00007ff9188d0000 - 0x00007ff918906000 	C:\WINDOWS\SYSTEM32\WINMM.dll
0x00007ff920c40000 - 0x00007ff920c55000 	C:\WINDOWS\SYSTEM32\UMPDC.dll
0x00007ff91fa90000 - 0x00007ff91faab000 	C:\WINDOWS\SYSTEM32\kernel.appcore.dll
0x00007ff911680000 - 0x00007ff91168a000 	C:\Program Files\Android\Android Studio\jbr\bin\jimage.dll
0x00007ff9123c0000 - 0x00007ff91260c000 	C:\WINDOWS\SYSTEM32\DBGHELP.DLL
0x00007ff923620000 - 0x00007ff9239a5000 	C:\WINDOWS\System32\combase.dll
0x00007ff923170000 - 0x00007ff923249000 	C:\WINDOWS\System32\OLEAUT32.dll
0x00007ff905160000 - 0x00007ff90519b000 	C:\WINDOWS\SYSTEM32\dbgcore.DLL
0x00007ff9213a0000 - 0x00007ff92144c000 	C:\WINDOWS\System32\bcryptPrimitives.dll
0x00007ff90da20000 - 0x00007ff90da2e000 	C:\Program Files\Android\Android Studio\jbr\bin\instrument.dll
0x00007ff90c360000 - 0x00007ff90c37e000 	C:\Program Files\Android\Android Studio\jbr\bin\java.dll
0x00007ff922220000 - 0x00007ff9223ba000 	C:\WINDOWS\System32\ole32.dll
0x00007ff9219b0000 - 0x00007ff922148000 	C:\WINDOWS\System32\SHELL32.dll
0x00007ff91db40000 - 0x00007ff91db56000 	C:\Program Files\Android\Android Studio\jbr\bin\zip.dll
0x00007ff91e820000 - 0x00007ff91f0ce000 	C:\WINDOWS\SYSTEM32\windows.storage.dll
0x00007ff923460000 - 0x00007ff92355b000 	C:\WINDOWS\System32\SHCORE.dll
0x00007ff9239b0000 - 0x00007ff923a16000 	C:\WINDOWS\System32\shlwapi.dll
0x00007ff920d20000 - 0x00007ff920d49000 	C:\WINDOWS\SYSTEM32\profapi.dll
0x00007ff911010000 - 0x00007ff911020000 	C:\Program Files\Android\Android Studio\jbr\bin\net.dll
0x00007ff920030000 - 0x00007ff92009c000 	C:\WINDOWS\system32\mswsock.dll
0x00007ff90da60000 - 0x00007ff90da76000 	C:\Program Files\Android\Android Studio\jbr\bin\nio.dll
0x00007ff90dad0000 - 0x00007ff90dae0000 	C:\Program Files\Android\Android Studio\jbr\bin\verify.dll
0x00007ff9093f0000 - 0x00007ff909417000 	C:\Users\USER\.gradle\native\660c5614fbf4a5f2a75b1949f50a0caf5cd603558e7d8a26e50b933a0cfb79d1\windows-amd64\native-platform.dll
0x00007ff8a8c10000 - 0x00007ff8a8c87000 	C:\Users\USER\.gradle\native\0.2.8\x86_64-windows-gnu\gradle-fileevents.dll
0x00007ff90da50000 - 0x00007ff90da59000 	C:\Program Files\Android\Android Studio\jbr\bin\management.dll
0x00007ff90da40000 - 0x00007ff90da4b000 	C:\Program Files\Android\Android Studio\jbr\bin\management_ext.dll
0x00007ff922c60000 - 0x00007ff922c68000 	C:\WINDOWS\System32\PSAPI.DLL
0x00007ff91f440000 - 0x00007ff91f473000 	C:\WINDOWS\SYSTEM32\IPHLPAPI.DLL
0x00007ff923450000 - 0x00007ff92345a000 	C:\WINDOWS\System32\NSI.dll
0x00007ff90da30000 - 0x00007ff90da39000 	C:\Program Files\Android\Android Studio\jbr\bin\extnet.dll
0x00007ff920450000 - 0x00007ff92046b000 	C:\WINDOWS\SYSTEM32\CRYPTSP.dll
0x00007ff91f9f0000 - 0x00007ff91fa29000 	C:\WINDOWS\system32\rsaenh.dll
0x00007ff9200e0000 - 0x00007ff920114000 	C:\WINDOWS\SYSTEM32\USERENV.dll
0x00007ff920cf0000 - 0x00007ff920d1a000 	C:\WINDOWS\SYSTEM32\bcrypt.dll
0x00007ff920290000 - 0x00007ff92029c000 	C:\WINDOWS\SYSTEM32\CRYPTBASE.dll
0x00007ff8f82d0000 - 0x00007ff8f82d8000 	C:\WINDOWS\system32\wshunix.dll
0x00007ff90da10000 - 0x00007ff90da17000 	C:\Program Files\Android\Android Studio\jbr\bin\rmi.dll

JVMTI agents:
C:\Users\USER\.gradle\wrapper\dists\gradle-9.3.1-all\9ot9r568e8zfvvd4mn8rbu1j0\gradle-9.3.1\lib\agents\gradle-instrumentation-agent-9.3.1.jar path:C:\Program Files\Android\Android Studio\jbr\bin\instrument.dll, loaded, initialized, instrumentlib options:none

dbghelp: loaded successfully - version: 4.0.5 - missing functions: none
symbol engine: initialized successfully - sym options: 0x614 - pdb path: .;C:\Program Files\Android\Android Studio\jbr\bin;C:\WINDOWS\SYSTEM32;C:\WINDOWS\WinSxS\amd64_microsoft.windows.common-controls_6595b64144ccf1df_6.0.26100.9278_none_3e0d1ba8e3303201;C:\Program Files\Android\Android Studio\jbr\bin\server;C:\Users\USER\.gradle\native\660c5614fbf4a5f2a75b1949f50a0caf5cd603558e7d8a26e50b933a0cfb79d1\windows-amd64;C:\Users\USER\.gradle\native\0.2.8\x86_64-windows-gnu

VM Arguments:
jvm_args: --add-opens=java.base/java.lang=ALL-UNNAMED --add-opens=java.base/java.lang.invoke=ALL-UNNAMED --add-opens=java.base/java.util=ALL-UNNAMED --add-opens=java.prefs/java.util.prefs=ALL-UNNAMED --add-exports=jdk.compiler/com.sun.tools.javac.api=ALL-UNNAMED --add-exports=jdk.compiler/com.sun.tools.javac.util=ALL-UNNAMED --add-opens=java.base/java.util=ALL-UNNAMED --add-opens=java.prefs/java.util.prefs=ALL-UNNAMED --add-opens=java.base/java.nio.charset=ALL-UNNAMED --add-opens=java.base/java.net=ALL-UNNAMED --add-opens=java.base/java.util.concurrent=ALL-UNNAMED --add-opens=java.base/java.util.concurrent.atomic=ALL-UNNAMED --add-opens=java.xml/javax.xml.namespace=ALL-UNNAMED --add-opens=java.base/java.time=ALL-UNNAMED --enable-native-access=ALL-UNNAMED -XX:MaxMetaspaceSize=4G -XX:ReservedCodeCacheSize=512m -XX:+HeapDumpOnOutOfMemoryError -Xmx8G -Dfile.encoding=UTF-8 -Duser.country=US -Duser.language=en -Duser.variant -javaagent:C:\Users\USER\.gradle\wrapper\dists\gradle-9.3.1-all\9ot9r568e8zfvvd4mn8rbu1j0\gradle-9.3.1\lib\agents\gradle-instrumentation-agent-9.3.1.jar 
java_command: org.gradle.launcher.daemon.bootstrap.GradleDaemon 9.3.1
java_class_path (initial): C:\Users\USER\.gradle\wrapper\dists\gradle-9.3.1-all\9ot9r568e8zfvvd4mn8rbu1j0\gradle-9.3.1\lib\gradle-daemon-main-9.3.1.jar
Launcher Type: SUN_STANDARD

[Global flags]
     intx CICompilerCount                          = 12                                        {product} {ergonomic}
     uint ConcGCThreads                            = 3                                         {product} {ergonomic}
     uint G1ConcRefinementThreads                  = 13                                        {product} {ergonomic}
   size_t G1HeapRegionSize                         = 4194304                                   {product} {ergonomic}
     bool HeapDumpOnOutOfMemoryError               = true                                   {manageable} {command line}
   size_t InitialHeapSize                          = 234881024                                 {product} {ergonomic}
   size_t MarkStackSize                            = 4194304                                   {product} {ergonomic}
   size_t MarkStackSizeMax                         = 536870912                                 {product} {ergonomic}
   size_t MaxHeapSize                              = 8589934592                                {product} {command line}
   size_t MaxMetaspaceSize                         = 4294967296                                {product} {command line}
   size_t MaxNewSize                               = 5150605312                                {product} {ergonomic}
   size_t MinHeapDeltaBytes                        = 4194304                                   {product} {ergonomic}
   size_t MinHeapSize                              = 8388608                                   {product} {ergonomic}
    uintx NonNMethodCodeHeapSize                   = 7667712                                {pd product} {ergonomic}
    uintx NonProfiledCodeHeapSize                  = 264568832                              {pd product} {ergonomic}
    uintx ProfiledCodeHeapSize                     = 264634368                              {pd product} {ergonomic}
    uintx ReservedCodeCacheSize                    = 536870912                              {pd product} {command line, ergonomic}
     bool SegmentedCodeCache                       = true                                      {product} {ergonomic}
   size_t SoftMaxHeapSize                          = 8589934592                             {manageable} {ergonomic}
     bool UseCompressedOops                        = true                           {product lp64_product} {ergonomic}
     bool UseG1GC                                  = true                                      {product} {ergonomic}
     bool UseLargePagesIndividualAllocation        = false                                  {pd product} {ergonomic}

Logging:
Log output configuration:
 #0: stdout all=warning uptime,level,tags foldmultilines=false
 #1: stderr all=off uptime,level,tags foldmultilines=false

Release file:
JAVA_VERSION="25.0.3" 
MODULES="java.base java.compiler java.datatransfer java.xml java.prefs java.desktop java.instrument java.logging java.management java.security.sasl java.naming java.rmi java.management.rmi java.net.http java.scripting java.security.jgss java.transaction.xa java.sql java.sql.rowset java.xml.crypto java.se java.smartcardio jdk.accessibility jdk.internal.jvmstat jdk.attach jdk.charsets jdk.internal.opt jdk.zipfs jdk.compiler jdk.crypto.cryptoki jdk.crypto.ec jdk.dynalink jdk.hotspot.agent jdk.httpserver jdk.internal.ed jdk.internal.le jdk.internal.md jdk.internal.vm.ci jdk.jartool jdk.javadoc jdk.jcmd jdk.jdeps jdk.jdwp.agent jdk.jdi jdk.jfr jdk.jlink jdk.localedata jdk.management jdk.management.agent jdk.management.jfr jdk.naming.dns jdk.naming.rmi jdk.net jdk.sctp jdk.security.auth jdk.security.jgss jdk.unsupported jdk.unsupported.desktop jdk.xml.dom" 
IMPLEMENTOR="JetBrains s.r.o." 
JAVA_RUNTIME_VERSION="25.0.3+-15898627-b508.16" 
LIBC="default" 
OS_ARCH="x86_64" 
OS_NAME="Windows" 
SOURCE=".:git:a8b1dba3234f" 

Environment Variables:
JAVA_HOME=C:\Program Files\Android\Android Studio\jbr
CLASSPATH=D:\farmer-buyer-marketplace\android\\gradle\wrapper\gradle-wrapper.jar
PATH=C:\Program Files\Android\Android Studio\jbr\bin;C:\app\USER\product\21c\dbhomeXE\bin;C:\Program Files\Common Files\Oracle\Java\javapath;C:\WINDOWS\system32;C:\WINDOWS;C:\WINDOWS\System32\Wbem;C:\WINDOWS\System32\WindowsPowerShell\v1.0\;C:\WINDOWS\System32\OpenSSH\;C:\Program Files\MySQL\MySQL Server 8.0\bin;C:\Program Files\dotnet\;C:\Program Files\Git\cmd;C:\Users\USER\AppData\Local\nvm;C:\nvm4w\nodejs;D:\R-4.5.1\bin;C:\Program Files\Java\jdk-25\bin;C:\Users\USER\Downloads\sqldeveloper-24.3.1.347.1826-x64\sqldeveloper\jdk\jre\bin;C:\Program Files\MySQL\MySQL Server 8.0\bin;C:\Users\USER\AppData\Local\Python\pythoncore-3.14-64\Scripts;C:\Program Files\MySQL\MySQL Shell 8.0\bin\;d:\cursor\resources\app\codeBin;C:\Users\USER\AppData\Local\Microsoft\WindowsApps;C:\Users\USER\AppData\Local\GitHubDesktop\bin;C:\Users\USER\.dotnet\tools;C:\Users\USER\AppData\Local\Programs\Microsoft VS Code\bin;C:\Users\USER\AppData\Roaming\npm;C:\ProgramData\USER\GitHubDesktop\bin;C:\Users\USER\AppData\Local\nvm;C:\nvm4w\nodejs;D:\New folder (2)\Windsurf\bin;C:\Users\USER\AppData\Local\Python\bin;C:\Program Files\JetBrains\IntelliJ IDEA 2025.3.2\bin;D:\Antigravity IDE\bin;C:\src\flutter\bin;;C:\src\flutter\bin\mingit\cmd
USERNAME=USER
LANG=en_US.UTF-8
OS=Windows_NT
PROCESSOR_IDENTIFIER=AMD64 Family 25 Model 80 Stepping 0, AuthenticAMD
TMP=C:\Users\USER\AppData\Local\Temp
TEMP=C:\Users\USER\AppData\Local\Temp




Compilation memory statistics disabled.

Periodic native trim disabled

JNI global refs:
JNI global refs: 37, weak refs: 0

JNI global refs memory usage: 835, weak refs: 833

Process memory usage:
Resident Set Size: 1051548K (7% of 14513528K total physical memory with 535900K free physical memory)

OOME stack traces (most recent first):
Classloader memory used:
Loader org.gradle.internal.classloader.VisitableURLClassLoader$InstrumentingVisitableURLClassLoader: 51781 K
Loader org.gradle.internal.classloader.VisitableURLClassLoader                         : 47115 K
Loader bootstrap                                                                       : 29795 K
Loader org.gradle.initialization.MixInLegacyTypesClassLoader                           : 13421 K
Loader org.gradle.internal.classloader.VisitableURLClassLoader                         : 369 K
Loader jdk.internal.loader.ClassLoaders$AppClassLoader                                 : 225 K
Loader org.gradle.groovy.scripts.internal.DefaultScriptCompilationHandler$ScriptClassLoader: 169 K
Loader jdk.internal.loader.ClassLoaders$PlatformClassLoader                            : 130 K


[error occurred during error reporting (Classloader stats), id 0xe0000001, Out of Memory Error (s\src\hotspot\share\memory\arena.cpp:186)]
---------------  S Y S T E M  ---------------

OS:
 Windows 11 , 64 bit Build 26100 (10.0.26100.9444)
OS uptime: 0 days 0:49 hours
Hyper-V role detected

CPU: total 16 (initial active 16) (16 cores per cpu, 2 threads per core) family 25 model 80 stepping 0 microcode 0xa50000f, cx8, cmov, fxsr, ht, mmx, 3dnowpref, sse, sse2, sse3, ssse3, sse4a, sse4.1, sse4.2, popcnt, lzcnt, tsc, tscinvbit, avx, avx2, aes, erms, clmul, bmi1, bmi2, adx, sha, fma, vzeroupper, clflush, clflushopt, clwb, hv, rdtscp, rdpid, fsrm, f16c, cet_ss
Processor Information for the first 16 processors :
  Max Mhz: 2000, Current Mhz: 2000, Mhz Limit: 2000

Memory: 4k page, system-wide physical 14173M (523M free)
TotalPageFile size 22365M (AvailPageFile size 0M)
current process WorkingSet (physical memory assigned to process): 1027M, peak: 1072M
current process commit charge ("private bytes"): 1092M, peak: 1143M

vm_info: OpenJDK 64-Bit Server VM (25.0.3+-15898627-b508.16) for windows-amd64 JRE (25.0.3+-15898627-b508.16), built on 2026-07-20T17:54:23Z with MS VC++ 16.10 / 16.11 (VS2019)

END.
